distance_km,prep_time,active_orders,available_riders,traffic,weather,demand,time_hour,expected_eta,actual_delivery_time,delay_minutes,delayed
9.4,15,2,1,Medium,Clear,Medium,16,59.6,71.2,11.6,0
5.55,11,15,8,Low,Storm,Low,15,40.2,49.51,9.31,1
10.37,21,17,3,Low,Clear,Low,17,69.48,74.89,5.41,0
8.52,25,21,8,High,Clear,Medium,8,66.08,81.94,15.86,1
1.58,13,17,7,Medium,Clear,Medium,17,26.32,37.32,11.0,1
11.72,28,5,3,Low,Clear,Medium,14,81.88,90.96,9.08,0
9.25,24,11,6,Medium,Clear,Medium,8,68.0,75.19,7.19,0
9.54,10,13,1,Medium,Clear,High,20,55.16,75.18,20.02,1
1.97,34,29,8,High,Rain,Medium,10,48.88,72.85,23.97,1
5.68,6,15,4,Medium,Clear,Medium,16,35.72,51.13,15.41,1
4.76,25,19,5,Low,Rain,Medium,20,51.04,63.35,12.31,1
11.16,18,22,2,Low,Clear,High,21,69.64,83.75,14.11,1
7.9,25,10,5,Low,Clear,Medium,17,63.6,70.98,7.38,0
9.96,28,28,5,Medium,Clear,Medium,18,74.84,91.15,16.31,1
5.6,26,20,3,Medium,Clear,Medium,16,55.4,67.01,11.61,1
3.11,25,25,11,Medium,Clear,Low,19,44.44,55.61,11.17,1
6.88,31,22,4,Medium,Clear,Medium,22,65.52,79.37,13.85,1
1.23,26,18,2,Low,Clear,Medium,14,37.92,49.87,11.95,1
10.02,30,0,7,Low,Clear,Low,14,77.08,77.29,0.21,0
7.76,17,17,4,Low,Rain,Medium,10,55.04,67.33,12.29,1
9.22,11,3,5,Low,Clear,Low,22,54.88,57.8,2.92,0
4.58,12,18,8,Medium,Clear,High,21,37.32,54.13,16.81,1
11.66,23,21,1,High,Clear,Medium,18,76.64,98.83,22.19,1
10.77,21,16,6,Low,Clear,Low,17,71.08,72.98,1.9,0
9.45,7,9,1,Medium,Rain,Medium,11,51.8,71.79,19.99,1
2.74,11,1,1,Low,Clear,Medium,21,28.96,43.3,14.34,1
5.87,34,20,2,Medium,Rain,Medium,8,64.48,79.03,14.55,1
1.0,27,20,2,Low,Rain,Medium,17,38.0,52.78,14.78,1
2.27,28,14,4,Medium,Clear,Low,11,44.08,49.82,5.74,0
8.36,11,21,11,Low,Clear,Low,14,51.44,52.9,1.46,0
9.06,6,23,10,Low,Clear,Medium,9,49.24,58.81,9.57,0
11.63,14,15,2,Medium,Rain,Medium,10,67.52,85.46,17.94,1
4.25,31,1,11,Low,Clear,Medium,13,55.0,53.53,-1.47,0
4.76,20,26,7,Medium,Clear,Low,13,46.04,54.92,8.88,0
5.9,29,14,7,Low,Clear,High,21,59.6,73.47,13.87,1
2.68,20,20,9,High,Rain,Medium,16,37.72,54.11,16.39,1
1.99,20,27,6,Low,Clear,Medium,8,34.96,44.43,9.47,1
5.97,23,10,3,Medium,Clear,Low,21,53.88,67.02,13.14,1
3.11,34,18,6,High,Clear,Medium,17,53.44,69.94,16.5,1
8.2,18,0,8,Medium,Rain,High,20,57.8,75.66,17.86,1
5.53,23,26,8,Low,Rain,Low,21,52.12,59.0,6.88,0
10.08,33,1,2,Medium,Clear,Medium,15,80.32,96.41,16.09,1
8.55,16,16,11,Low,Clear,Medium,10,57.2,65.82,8.62,0
4.09,31,10,4,Medium,Clear,Low,14,54.36,62.29,7.93,0
10.07,21,1,10,Low,Clear,Low,18,68.28,65.51,-2.77,0
9.75,32,13,4,Medium,Clear,Medium,8,78.0,87.6,9.6,0
4.96,19,28,1,Medium,Clear,Low,22,45.84,58.75,12.91,1
3.82,24,5,11,Low,Rain,Low,13,46.28,51.47,5.19,0
8.35,15,8,7,Low,Clear,High,17,55.4,64.95,9.55,0
2.11,24,5,3,Low,Clear,Medium,22,39.44,47.6,8.16,1
2.8,15,3,1,Medium,Clear,Medium,20,33.2,48.55,15.35,1
0.58,23,6,2,Low,Clear,Medium,19,32.32,45.24,12.92,1
9.55,29,17,2,Medium,Clear,Medium,12,74.2,91.2,17.0,1
8.15,18,23,11,Medium,Clear,Medium,15,57.6,68.09,10.49,0
8.61,18,20,2,High,Clear,Low,15,59.44,79.73,20.29,1
9.48,14,23,2,Low,Clear,Medium,20,58.92,76.62,17.7,1
5.78,27,21,10,Low,Rain,Medium,8,57.12,68.56,11.44,1
7.04,23,11,10,Low,Rain,High,8,58.16,69.58,11.42,0
2.11,21,27,3,Medium,Clear,Medium,9,36.44,52.75,16.31,1
1.82,5,5,8,Low,Clear,High,22,19.28,28.21,8.93,1
8.19,8,20,6,Low,Clear,Medium,16,47.76,53.92,6.16,0
5.92,5,3,7,Low,Rain,Medium,18,35.68,41.26,5.58,0
7.0,31,22,4,Medium,Rain,Medium,9,66.0,82.38,16.38,1
9.3,31,2,9,High,Clear,Low,8,75.2,88.64,13.44,0
7.8,7,6,10,Low,Clear,Medium,17,45.2,50.98,5.78,0
6.87,6,11,8,Low,Clear,Low,18,40.48,41.86,1.38,0
6.93,29,20,10,Low,Clear,Medium,14,63.72,72.46,8.74,0
4.0,21,1,2,Low,Clear,Low,9,44.0,50.22,6.22,0
0.85,14,7,8,High,Clear,High,15,24.4,43.49,19.09,1
5.52,24,10,11,Medium,Clear,Medium,17,53.08,62.59,9.51,0
2.97,12,21,6,Medium,Clear,Medium,11,30.88,37.86,6.98,1
5.2,11,28,11,High,Clear,Medium,12,38.8,51.31,12.51,1
10.31,16,18,4,Medium,Clear,Low,19,64.24,74.29,10.05,0
3.19,32,15,10,Low,Rain,Medium,11,51.76,59.05,7.29,0
1.17,28,10,11,Medium,Clear,Medium,9,39.68,45.4,5.72,0
3.74,10,24,7,Low,Clear,Medium,17,31.96,38.12,6.16,0
3.88,22,3,8,Low,Rain,Medium,8,44.52,52.97,8.45,0
8.11,32,3,6,High,Clear,High,14,71.44,89.76,18.32,1
6.91,34,6,4,Low,Clear,Low,16,68.64,73.38,4.74,0
9.51,28,8,6,Medium,Clear,High,8,73.04,86.55,13.51,0
8.14,8,13,11,Low,Clear,Low,17,47.56,48.32,0.76,0
5.17,12,28,1,Low,Storm,High,20,39.68,69.83,30.15,1
9.86,11,19,3,Medium,Clear,High,22,57.44,77.41,19.97,1
2.42,9,11,6,Medium,Clear,High,11,25.68,38.65,12.97,1
0.76,10,6,4,Medium,Clear,Low,12,20.04,27.36,7.32,1
1.54,14,19,7,Low,Storm,Medium,17,27.16,43.54,16.38,1
8.81,22,7,4,Low,Rain,High,16,64.24,76.14,11.9,0
5.81,17,29,8,Medium,Clear,Medium,17,47.24,62.22,14.98,1
2.35,18,14,2,Medium,Clear,Medium,12,34.4,51.33,16.93,1
6.26,12,16,4,Medium,Clear,Medium,8,44.04,56.24,12.2,1
2.25,9,27,8,Medium,Clear,Low,8,25.0,37.46,12.46,1
8.51,35,9,6,High,Clear,Medium,22,76.04,88.25,12.21,0
5.63,23,14,8,Medium,Clear,Low,14,52.52,58.4,5.88,0
4.88,12,15,7,Low,Clear,Medium,14,38.52,43.16,4.64,0
3.97,30,8,4,Medium,Rain,Medium,17,52.88,67.2,14.32,1
7.75,30,1,5,Medium,Clear,Low,11,68.0,74.56,6.56,0
4.66,34,8,11,High,Clear,Low,13,59.64,69.27,9.63,0
1.51,9,3,11,Low,Rain,High,14,22.04,39.25,17.21,1
1.86,24,20,1,Medium,Clear,Medium,9,38.44,56.11,17.67,1
11.56,35,0,8,Low,Clear,Medium,17,88.24,91.96,3.72,0
10.95,30,9,6,Medium,Clear,Medium,10,80.8,89.61,8.81,0
8.55,11,26,1,High,Clear,Medium,8,52.2,78.49,26.29,1
3.56,32,17,7,High,Clear,Medium,17,53.24,68.06,14.82,1
11.65,18,20,1,Low,Clear,Medium,12,71.6,88.74,17.14,1
9.46,20,20,4,Low,Clear,Low,18,64.84,69.13,4.29,0
8.74,22,8,8,Medium,Clear,Medium,16,63.96,69.02,5.06,0
5.67,28,18,9,Medium,Rain,Low,8,57.68,66.04,8.36,0
3.63,8,6,5,High,Clear,High,18,29.52,50.61,21.09,1
1.61,21,19,9,Low,Clear,Medium,8,34.44,43.74,9.3,1
10.88,30,20,10,Medium,Clear,Low,12,80.52,84.51,3.99,0
5.74,22,26,5,Medium,Clear,Medium,18,51.96,65.79,13.83,1
2.83,13,27,2,Low,Clear,Low,14,31.32,38.76,7.44,1
4.02,6,0,8,Low,Clear,Medium,13,29.08,32.03,2.95,0
7.16,22,8,1,Medium,Clear,High,11,57.64,75.82,18.18,1
2.53,26,16,10,Low,Clear,Medium,14,43.12,51.1,7.98,0
10.35,22,9,5,Medium,Clear,Medium,12,70.4,80.31,9.91,0
9.22,35,18,9,Medium,Rain,Medium,22,78.88,94.44,15.56,0
8.77,23,25,9,Medium,Clear,Medium,18,65.08,76.49,11.41,0
5.47,20,7,6,Low,Rain,Low,21,48.88,52.9,4.02,0
7.71,6,26,11,High,Clear,Medium,13,43.84,59.04,15.2,1
7.22,22,26,9,Medium,Clear,Medium,22,57.88,68.02,10.14,0
7.97,10,27,10,Medium,Clear,Low,12,48.88,60.18,11.3,1
1.47,27,2,2,Medium,Rain,Low,12,39.88,54.01,14.13,1
5.28,9,8,6,Medium,Clear,Low,12,37.12,42.93,5.81,0
0.98,33,3,11,High,Storm,Low,16,43.92,65.04,21.12,1
6.18,14,3,9,Medium,Clear,Low,17,45.72,47.72,2.0,0
4.29,18,1,5,Medium,Clear,Medium,8,42.16,50.8,8.64,1
2.16,9,13,1,Low,Rain,Medium,16,24.64,38.88,14.24,1
1.69,11,2,4,Low,Storm,Medium,22,24.76,41.12,16.36,1
7.26,33,8,7,Medium,Rain,Low,14,69.04,78.73,9.69,0
2.46,13,29,8,Low,Clear,Medium,18,29.84,40.57,10.73,1
11.14,20,26,11,Medium,Rain,High,17,71.56,89.36,17.8,1
7.18,35,28,2,High,Clear,Low,22,70.72,96.68,25.96,1
4.49,24,1,5,Low,Rain,Medium,17,48.96,59.16,10.2,1
7.3,6,19,3,Low,Storm,Medium,15,42.2,61.86,19.66,1
0.76,16,19,11,Medium,Clear,Low,8,26.04,36.19,10.15,1
11.52,16,3,2,Low,Clear,Medium,20,69.08,78.08,9.0,0
6.05,13,27,3,Medium,Clear,Medium,13,44.2,58.06,13.86,1
9.5,12,12,4,Medium,Storm,Medium,21,57.0,77.99,20.99,1
1.45,20,29,2,Medium,Rain,High,11,32.8,56.76,23.96,1
6.1,16,3,8,Medium,Rain,High,14,47.4,64.62,17.22,1
6.14,14,19,6,Medium,Rain,Medium,20,45.56,61.46,15.9,1
11.29,17,3,7,Low,Clear,Medium,10,69.16,73.23,4.07,0
7.07,15,28,10,Low,Rain,High,12,50.28,66.24,15.96,1
5.95,12,18,5,Low,Clear,Medium,19,42.8,51.38,8.58,1
3.57,19,2,4,High,Clear,High,12,40.28,60.23,19.95,1
4.31,34,6,5,Low,Clear,Medium,22,58.24,61.63,3.39,0
6.49,20,10,9,Low,Clear,Low,16,52.96,51.93,-1.03,0
5.55,23,0,6,Low,Clear,Low,20,52.2,54.12,1.92,0
0.75,35,0,2,Low,Rain,Low,16,45.0,54.73,9.73,1
10.0,24,27,8,Low,Clear,High,8,71.0,88.91,17.91,1
10.81,11,29,9,Medium,Rain,Medium,20,61.24,76.85,15.61,1
2.11,17,16,3,Low,Clear,Medium,14,32.44,43.24,10.8,1
6.87,20,27,7,Medium,Rain,Medium,13,54.48,70.53,16.05,1
1.75,19,19,7,Low,Clear,High,19,33.0,45.1,12.1,1
8.23,9,0,2,Medium,Rain,Medium,12,48.92,62.99,14.07,1
3.73,8,21,1,Low,Clear,Low,14,29.92,41.97,12.05,1
8.08,15,0,8,Medium,Clear,Medium,17,54.32,62.98,8.66,0
8.86,33,24,7,High,Clear,Medium,16,75.44,92.57,17.13,1
9.34,27,11,8,Low,Clear,High,18,71.36,82.14,10.78,0
1.74,31,4,5,High,Clear,Medium,9,44.96,58.95,13.99,1
11.03,10,7,6,Low,Clear,Medium,22,61.12,66.32,5.2,0
3.15,17,20,11,Medium,Clear,High,17,36.6,53.9,17.3,1
0.93,23,25,3,Medium,Rain,Medium,17,33.72,52.27,18.55,1
6.88,18,17,8,Low,Clear,Low,21,52.52,53.02,0.5,0
4.77,17,4,2,Low,Clear,High,15,43.08,56.35,13.27,1
10.04,16,27,1,Low,Clear,Medium,8,63.16,77.91,14.75,1
9.79,6,23,11,Medium,Clear,High,9,52.16,63.51,11.35,1
4.15,31,12,2,Low,Clear,Medium,22,54.6,65.79,11.19,1
11.46,33,16,8,High,Clear,Medium,22,85.84,102.44,16.6,0
3.85,7,28,6,Low,Clear,Medium,9,29.4,40.04,10.64,1
6.42,17,11,9,High,Clear,Medium,18,49.68,62.6,12.92,1
3.44,21,0,7,Low,Clear,Low,17,41.76,41.94,0.18,0
11.26,29,4,8,Medium,Clear,Medium,10,81.04,91.1,10.06,0
2.39,35,18,10,Low,Clear,Low,19,51.56,54.01,2.45,0
1.02,17,29,10,Low,Clear,Medium,14,28.08,37.95,9.87,1
5.5,28,22,8,Low,Rain,Medium,11,57.0,70.6,13.6,1
11.91,34,18,2,Medium,Clear,Medium,16,88.64,101.52,12.88,0
10.75,30,9,2,Low,Clear,Medium,21,80.0,91.35,11.35,0
9.11,14,13,6,Medium,Clear,Medium,11,57.44,69.37,11.93,1
10.74,30,1,8,High,Rain,Medium,17,79.96,95.46,15.5,0
10.77,17,11,8,Low,Clear,Medium,18,67.08,75.05,7.97,0
6.47,5,18,9,Low,Clear,Medium,17,37.88,45.75,7.87,1
4.13,28,27,2,Low,Rain,Low,17,51.52,69.46,17.94,1
9.38,30,27,2,Low,Clear,Medium,18,74.52,90.08,15.56,1
8.11,15,24,2,Medium,Clear,High,11,54.44,79.95,25.51,1
4.8,18,0,6,Medium,Clear,Medium,9,44.2,51.8,7.6,0
1.59,16,24,7,Low,Clear,High,22,29.36,38.42,9.06,1
9.09,8,6,2,Low,Rain,Low,12,51.36,60.3,8.94,0
3.52,35,18,10,Medium,Clear,Medium,22,56.08,68.72,12.64,1
11.27,5,28,4,Low,Clear,Medium,12,57.08,69.68,12.6,1
3.27,22,26,8,Medium,Clear,Medium,11,42.08,53.66,11.58,1
1.91,5,19,9,High,Storm,Medium,8,19.64,48.05,28.41,1
10.06,26,8,1,Low,Clear,Low,14,73.24,82.13,8.89,0
2.26,32,15,10,Medium,Clear,Medium,22,48.04,58.96,10.92,1
2.56,24,21,11,Medium,Rain,Medium,21,41.24,56.31,15.07,1
7.39,23,15,11,Medium,Clear,Medium,12,59.56,66.9,7.34,0
10.56,30,12,2,Medium,Rain,Low,14,79.24,94.42,15.18,0
2.76,35,12,5,Medium,Rain,Low,18,53.04,67.2,14.16,1
4.07,31,17,3,Medium,Clear,High,22,54.28,70.84,16.56,1
9.44,12,1,5,Medium,Rain,Medium,17,56.76,68.21,11.45,1
11.68,22,29,11,Medium,Storm,Medium,11,75.72,94.21,18.49,1
6.26,30,3,9,Medium,Clear,Low,13,62.04,64.77,2.73,0
2.15,14,29,9,Medium,Clear,Medium,18,29.6,39.57,9.97,1
0.66,25,1,5,Low,Rain,Medium,8,34.64,42.72,8.08,1
3.14,5,15,11,Medium,Clear,High,16,24.56,36.82,12.26,1
2.02,32,12,11,Low,Clear,Medium,19,47.08,55.01,7.93,0
8.29,24,17,9,Low,Clear,Low,13,64.16,66.5,2.34,0
1.9,28,13,9,Low,Rain,Low,16,42.6,48.46,5.86,0
6.32,30,26,8,Low,Rain,Low,18,62.28,71.3,9.02,0
8.48,11,0,2,Medium,Storm,Medium,16,51.92,69.69,17.77,1
7.18,18,29,4,Low,Clear,High,8,53.72,68.93,15.21,1
2.8,31,20,9,Medium,Storm,Low,16,49.2,65.9,16.7,1
9.75,10,23,4,Medium,Clear,Medium,11,56.0,71.88,15.88,1
8.73,30,4,2,Low,Clear,Medium,19,71.92,79.8,7.88,0
9.0,13,1,11,Low,Clear,Medium,11,56.0,57.57,1.57,0
2.01,22,11,6,Medium,Clear,Medium,22,37.04,47.56,10.52,1
1.92,20,9,10,Medium,Clear,Medium,9,34.68,46.3,11.62,1
11.17,26,23,4,Low,Clear,Low,21,77.68,83.09,5.41,0
5.07,30,26,4,Low,Clear,Medium,8,57.28,65.01,7.73,0
3.96,15,12,4,Low,Clear,Medium,18,37.84,44.61,6.77,0
6.12,10,23,5,Low,Clear,Medium,13,41.48,47.05,5.57,0
8.12,18,1,5,Low,Clear,Low,10,57.48,58.48,1.0,0
11.49,23,22,4,High,Clear,Medium,11,75.96,93.2,17.24,1
3.79,28,2,9,Low,Clear,High,8,50.16,59.51,9.35,0
11.14,28,20,4,Low,Clear,Medium,9,79.56,88.99,9.43,0
0.79,15,11,5,High,Clear,Low,13,25.16,39.37,14.21,1
6.88,34,12,10,Medium,Storm,High,10,68.52,85.07,16.55,1
7.79,7,8,5,Low,Storm,Low,22,45.16,51.24,6.08,0
1.72,8,12,1,Medium,Clear,Medium,20,21.88,41.87,19.99,1
2.11,5,26,1,High,Clear,Low,15,20.44,42.2,21.76,1
5.32,33,24,5,Low,Clear,High,9,61.28,70.15,8.87,0
11.61,10,10,8,Low,Rain,Low,22,63.44,68.03,4.59,0
7.35,23,8,11,High,Clear,Medium,18,59.4,74.48,15.08,1
11.23,30,15,2,Medium,Rain,High,10,81.92,104.6,22.68,1
9.75,28,20,6,High,Storm,Medium,8,74.0,99.94,25.94,1
5.87,34,5,4,Low,Clear,Low,17,64.48,68.15,3.67,0
9.52,6,21,5,High,Clear,Low,8,51.08,65.84,14.76,1
0.71,17,28,5,Low,Clear,Low,17,26.84,35.14,8.3,1
1.76,20,25,4,Medium,Clear,Low,14,34.04,45.01,10.97,1
10.04,26,16,1,High,Clear,Medium,21,73.16,97.27,24.11,1
9.66,24,9,1,Low,Rain,Medium,13,69.64,87.05,17.41,1
3.18,22,9,6,Low,Clear,High,14,41.72,51.63,9.91,1
6.6,14,22,3,Medium,Rain,Medium,16,47.4,63.99,16.59,1
7.47,8,13,4,Medium,Clear,High,22,44.88,60.3,15.42,1
10.48,18,3,1,Low,Clear,Medium,18,66.92,79.4,12.48,0
7.44,13,20,1,High,Rain,Medium,18,49.76,76.59,26.83,1
5.24,22,4,2,Low,Rain,Medium,12,49.96,61.68,11.72,1
4.8,29,29,5,Low,Clear,Medium,15,55.2,61.22,6.02,0
5.4,22,12,2,Low,Clear,Low,10,50.6,53.23,2.63,0
8.0,23,10,3,High,Clear,High,13,62.0,84.25,22.25,1
10.48,6,1,4,Low,Clear,Medium,20,54.92,60.37,5.45,0
5.72,24,5,4,Medium,Rain,Medium,9,53.88,64.69,10.81,1
3.35,18,28,1,Low,Clear,Medium,10,38.4,57.76,19.36,1
3.22,8,16,2,High,Clear,Low,16,27.88,44.99,17.11,1
9.08,11,27,11,Medium,Rain,Medium,19,54.32,71.55,17.23,1
9.89,29,28,8,Low,Clear,Medium,22,75.56,85.0,9.44,0
1.71,33,1,2,Low,Rain,High,16,46.84,67.39,20.55,1
1.27,20,11,4,Low,Clear,Medium,17,32.08,40.36,8.28,1
7.34,35,25,5,Low,Clear,Medium,12,71.36,76.47,5.11,0
2.18,10,14,10,Medium,Clear,Medium,14,25.72,37.63,11.91,1
9.98,14,15,10,Medium,Clear,High,12,60.92,78.32,17.4,1
4.07,33,17,9,Low,Rain,High,9,56.28,66.14,9.86,0
2.15,10,21,2,Medium,Clear,Medium,13,25.6,44.08,18.48,1
11.09,25,28,6,Medium,Clear,Medium,11,76.36,90.68,14.32,0
2.4,11,26,6,Low,Clear,Medium,16,27.6,35.37,7.77,1
3.77,15,18,8,Low,Clear,High,19,37.08,42.84,5.76,0
2.27,19,17,10,Low,Clear,High,22,35.08,44.89,9.81,1
1.83,16,10,4,Medium,Clear,Medium,21,30.32,40.16,9.84,1
0.74,32,3,7,Low,Clear,Medium,12,41.96,48.62,6.66,0
1.14,35,21,3,Medium,Rain,Low,22,46.56,61.58,15.02,1
2.51,20,0,3,Low,Clear,Low,22,37.04,40.22,3.18,0
1.11,21,20,4,Medium,Clear,Low,15,32.44,41.27,8.83,1
7.3,6,14,9,Low,Clear,Low,11,42.2,45.65,3.45,0
8.33,12,23,5,Medium,Rain,Medium,19,52.32,67.03,14.71,1
5.03,6,28,8,Low,Clear,Medium,9,33.12,40.14,7.02,1
4.16,31,16,8,Low,Clear,Medium,13,54.64,61.37,6.73,0
6.3,12,17,4,Low,Clear,Medium,15,44.2,51.49,7.29,0
10.56,15,14,11,Medium,Clear,Low,20,64.24,65.86,1.62,0
10.29,31,11,1,Medium,Clear,Medium,22,79.16,97.7,18.54,1
1.0,27,2,10,Low,Clear,Low,20,38.0,39.55,1.55,0
2.59,24,0,1,Medium,Rain,Low,15,41.36,56.76,15.4,1
3.22,6,21,5,Medium,Clear,High,9,25.88,40.2,14.32,1
3.37,22,27,10,Medium,Storm,Low,19,42.48,59.74,17.26,1
7.07,22,1,8,Medium,Clear,Medium,20,57.28,66.12,8.84,0
5.29,14,9,4,Low,Clear,Medium,15,42.16,47.7,5.54,0
1.07,28,18,10,Medium,Clear,Medium,16,39.28,51.6,12.32,1
4.8,33,21,2,Medium,Clear,Medium,20,59.2,73.45,14.25,1
6.52,13,22,8,Medium,Rain,Medium,9,46.08,60.82,14.74,1
1.67,15,20,6,Low,Clear,Medium,20,28.68,35.73,7.05,1
10.08,14,2,3,Medium,Rain,Medium,15,61.32,77.73,16.41,1
1.1,30,7,11,Low,Clear,High,18,41.4,47.96,6.56,0
11.14,7,14,9,Medium,Clear,Low,10,58.56,63.74,5.18,0
1.64,32,1,1,Low,Clear,Medium,17,45.56,53.97,8.41,0
10.2,29,10,1,Low,Clear,Low,12,76.8,85.67,8.87,0
10.88,19,11,1,Medium,Clear,Low,15,69.52,84.23,14.71,1
11.77,23,29,5,High,Rain,High,15,77.08,99.28,22.2,1
9.72,32,9,5,Low,Clear,Medium,22,77.88,81.79,3.91,0
9.46,28,29,8,Medium,Clear,Low,18,72.84,83.86,11.02,0
7.89,13,21,8,Medium,Rain,Medium,16,51.56,65.55,13.99,1
9.46,6,20,1,High,Clear,Low,14,50.84,72.99,22.15,1
2.05,25,24,6,Medium,Rain,Medium,13,40.2,51.99,11.79,1
6.66,9,25,9,Low,Clear,Medium,17,42.64,50.44,7.8,0
6.41,7,6,10,Low,Rain,High,21,39.64,50.9,11.26,1
10.36,35,12,4,Medium,Clear,Low,16,83.44,91.51,8.07,0
5.82,19,15,1,Low,Storm,Medium,17,49.28,71.59,22.31,1
4.93,25,29,2,High,Clear,High,12,51.72,79.9,28.18,1
7.85,11,1,4,High,Rain,High,16,49.4,70.69,21.29,1
3.56,8,14,5,High,Clear,Low,16,29.24,39.96,10.72,1
2.11,6,6,4,Low,Rain,Medium,18,21.44,32.59,11.15,1
6.0,15,6,1,Medium,Rain,High,12,46.0,66.75,20.75,1
5.29,5,22,4,Medium,Rain,Medium,13,33.16,49.88,16.72,1
3.17,18,6,4,Low,Clear,Medium,13,37.68,47.51,9.83,1
4.73,15,23,6,Low,Clear,Medium,14,40.92,50.72,9.8,1
4.71,21,29,1,Low,Rain,High,12,46.84,71.66,24.82,1
4.27,23,23,9,Low,Clear,Medium,10,47.08,55.18,8.1,0
4.86,14,5,5,High,Clear,Low,15,40.44,51.18,10.74,1
8.39,19,4,4,Medium,Clear,Medium,20,59.56,67.56,8.0,0
3.91,7,13,10,Low,Clear,Medium,8,29.64,34.73,5.09,0
11.41,14,16,9,Medium,Clear,Medium,17,66.64,77.99,11.35,0
11.04,35,23,2,Low,Clear,Medium,20,86.16,100.54,14.38,0
6.03,35,12,2,Low,Clear,Medium,20,66.12,79.1,12.98,0
4.28,20,5,1,Low,Clear,Medium,20,44.12,58.56,14.44,1
6.66,34,29,7,Medium,Rain,High,12,67.64,87.12,19.48,1
10.26,20,27,4,Medium,Clear,Medium,9,68.04,82.82,14.78,1
8.0,8,19,5,Medium,Rain,Medium,22,47.0,57.0,10.0,1
9.75,31,20,6,High,Clear,Medium,18,77.0,98.51,21.51,1
6.63,17,28,6,Low,Clear,Low,13,50.52,55.29,4.77,0
7.78,23,14,1,Medium,Clear,Medium,20,61.12,80.22,19.1,1
3.81,25,4,2,Low,Clear,Low,13,47.24,53.21,5.97,0
8.95,14,18,9,Low,Clear,Medium,19,56.8,62.52,5.72,0
2.83,27,13,11,Medium,Clear,Medium,22,45.32,54.45,9.13,1
8.49,20,23,10,Low,Clear,Low,19,60.96,63.07,2.11,0
10.4,16,23,10,Low,Clear,Medium,17,64.6,67.24,2.64,0
2.02,14,14,6,Low,Clear,High,10,29.08,41.2,12.12,1
7.57,28,11,10,Low,Rain,Low,22,65.28,71.57,6.29,0
1.59,12,12,10,High,Clear,High,14,25.36,42.93,17.57,1
8.85,8,18,10,Low,Clear,Low,17,50.4,54.9,4.5,0
1.47,32,19,2,Medium,Clear,Low,17,44.88,60.33,15.45,1
11.26,15,15,2,High,Rain,Medium,11,67.04,90.65,23.61,1
2.08,24,15,5,Medium,Clear,Low,17,39.32,47.14,7.82,0
11.53,27,29,6,Low,Clear,High,13,80.12,94.93,14.81,0
9.71,30,7,11,High,Rain,Medium,13,75.84,90.36,14.52,0
7.33,24,5,4,Low,Clear,Medium,20,60.32,67.39,7.07,0
9.5,26,23,10,Low,Rain,Medium,18,71.0,82.33,11.33,0
9.64,30,28,10,Medium,Clear,Medium,15,75.56,91.92,16.36,1
11.38,34,18,11,Low,Rain,Medium,8,86.52,97.23,10.71,0
3.41,6,12,3,Medium,Clear,Medium,18,26.64,39.22,12.58,1
7.29,28,10,3,Low,Clear,High,19,64.16,76.57,12.41,0
1.59,10,14,3,Medium,Clear,Medium,10,23.36,41.21,17.85,1
7.59,32,1,9,Medium,Clear,Medium,19,69.36,75.85,6.49,0
2.47,6,15,8,High,Clear,Medium,13,22.88,40.05,17.17,1
7.0,12,8,5,Low,Clear,Medium,18,47.0,51.12,4.12,0
7.08,10,7,1,Low,Clear,Medium,20,45.32,59.88,14.56,1
5.86,23,16,6,High,Rain,Medium,18,53.44,74.9,21.46,1
6.51,5,28,9,Medium,Clear,Medium,22,38.04,50.59,12.55,1
9.29,5,6,6,Low,Rain,Low,9,49.16,52.55,3.39,0
9.69,20,27,3,Low,Clear,High,12,65.76,81.3,15.54,1
6.16,35,15,7,Medium,Clear,Medium,8,66.64,73.19,6.55,0
7.4,21,29,8,Medium,Clear,Medium,10,57.6,70.6,13.0,1
11.21,18,11,7,Medium,Rain,High,13,69.84,86.2,16.36,1
1.88,25,29,10,High,Rain,High,8,39.52,63.69,24.17,1
1.85,22,19,4,Low,Clear,High,13,36.4,45.53,9.13,1
1.51,16,20,7,Low,Clear,Low,9,29.04,33.45,4.41,0
8.07,23,16,10,Medium,Rain,Medium,9,62.28,76.15,13.87,1
5.31,5,13,3,High,Clear,Medium,20,33.24,53.63,20.39,1
9.4,12,15,4,Low,Clear,Medium,19,56.6,62.62,6.02,0
8.22,25,25,1,Medium,Clear,Medium,14,64.88,85.67,20.79,1
4.34,15,23,5,Low,Clear,Medium,16,39.36,46.6,7.24,0
10.83,6,0,1,Low,Rain,Medium,12,56.32,72.05,15.73,1
9.27,8,20,9,High,Rain,High,15,52.08,74.13,22.05,1
3.61,31,25,1,Low,Rain,Medium,19,52.44,73.74,21.3,1
4.69,15,22,8,Low,Clear,High,15,40.76,55.18,14.42,1
4.12,5,14,7,Medium,Clear,High,19,28.48,42.51,14.03,1
2.31,27,10,11,Low,Clear,Medium,15,43.24,49.05,5.81,0
2.2,21,20,4,Low,Clear,High,13,36.8,51.37,14.57,1
11.27,18,19,4,Medium,Clear,Low,21,70.08,77.83,7.75,0
5.54,32,11,3,Low,Rain,Low,21,61.16,69.39,8.23,0
4.91,14,12,6,Medium,Clear,High,11,40.64,54.41,13.77,1
8.89,22,11,3,Low,Clear,Medium,14,64.56,77.81,13.25,1
6.86,28,1,2,Low,Clear,Medium,19,62.44,69.25,6.81,0
11.27,23,0,11,Medium,Clear,High,11,75.08,89.36,14.28,0
9.47,11,2,8,Low,Clear,Medium,19,55.88,58.89,3.01,0
6.01,26,12,2,High,Clear,Low,21,57.04,75.37,18.33,1
4.83,28,15,7,High,Clear,Low,11,54.32,69.76,15.44,1
11.85,8,12,4,Medium,Clear,Medium,10,62.4,77.84,15.44,1
8.75,10,28,2,Low,Rain,Low,22,52.0,67.45,15.45,1
11.44,25,6,6,Low,Clear,Low,22,77.76,81.29,3.53,0
1.86,8,11,9,High,Rain,High,20,22.44,42.8,20.36,1
10.28,32,7,1,Medium,Clear,Medium,17,80.12,95.46,15.34,0
7.83,8,8,4,Medium,Clear,Medium,9,46.32,54.22,7.9,0
1.9,35,17,11,Medium,Clear,Low,21,49.6,55.97,6.37,0
7.26,25,9,5,Low,Storm,Medium,10,61.04,74.97,13.93,1
8.39,18,9,2,Low,Clear,Medium,10,58.56,69.78,11.22,0
0.64,13,20,5,Medium,Clear,Medium,18,22.56,37.01,14.45,1
5.72,15,24,8,Medium,Rain,Medium,13,44.88,63.79,18.91,1
9.99,28,6,11,Low,Rain,Medium,21,74.96,81.89,6.93,0
3.9,28,3,7,Medium,Clear,Low,21,50.6,53.84,3.24,0
5.77,11,7,1,Medium,Rain,Low,20,41.08,59.8,18.72,1
5.59,21,17,9,Low,Clear,Medium,20,50.36,59.29,8.93,0
3.97,35,28,9,Low,Clear,Low,16,57.88,64.36,6.48,0
11.06,12,4,8,Medium,Clear,Low,21,63.24,69.45,6.21,0
9.48,26,1,10,Medium,Storm,Low,21,70.92,84.22,13.3,0
1.77,10,15,9,High,Clear,High,12,24.08,42.1,18.02,1
11.97,30,29,3,Low,Rain,Medium,14,84.88,98.24,13.36,0
10.61,10,16,5,High,Clear,Medium,17,59.44,75.54,16.1,1
3.76,14,27,6,Medium,Clear,Medium,20,36.04,48.04,12.0,1
10.12,19,19,6,Medium,Clear,Medium,13,66.48,77.83,11.35,0
1.72,16,0,8,Low,Rain,Low,11,29.88,32.62,2.74,0
11.99,10,12,8,Low,Rain,Medium,12,64.96,69.95,4.99,0
8.16,24,23,2,Medium,Rain,Medium,19,63.64,80.02,16.38,1
7.98,5,15,7,Low,Rain,Medium,15,43.92,54.39,10.47,1
1.54,35,5,1,Low,Clear,Low,11,48.16,55.83,7.67,0
10.82,6,5,6,High,Storm,High,18,56.28,81.82,25.54,1
0.83,15,19,5,Low,Clear,Medium,17,25.32,31.0,5.68,1
3.27,33,13,3,High,Clear,Low,15,53.08,67.85,14.77,1
2.14,9,17,11,Medium,Clear,High,17,24.56,37.08,12.52,1
9.43,7,11,3,Medium,Clear,Low,11,51.72,63.96,12.24,1
2.78,28,10,1,Low,Clear,Low,10,46.12,55.64,9.52,1
10.97,7,19,4,Medium,Clear,Low,20,57.88,68.95,11.07,0
8.05,32,0,9,Medium,Clear,High,18,71.2,83.74,12.54,0
0.92,18,13,1,High,Rain,Low,22,28.68,52.91,24.23,1
0.56,31,11,6,Low,Rain,Medium,22,40.24,50.04,9.8,1
1.09,12,23,5,Low,Clear,Medium,13,23.36,30.99,7.63,1
7.47,9,21,10,High,Storm,Medium,14,45.88,73.81,27.93,1
9.72,34,12,1,Low,Clear,Medium,20,79.88,94.93,15.05,0
3.24,28,7,1,Medium,Clear,Low,8,47.96,63.27,15.31,1
10.27,33,7,7,Low,Rain,Medium,20,81.08,86.6,5.52,0
1.16,14,6,2,Low,Clear,Medium,10,25.64,36.37,10.73,1
9.71,17,8,8,Medium,Rain,Medium,11,62.84,70.77,7.93,0
11.17,22,22,4,Medium,Clear,Low,15,73.68,86.88,13.2,0
9.38,18,1,7,Medium,Clear,Medium,18,62.52,68.47,5.95,0
8.53,12,0,1,Medium,Clear,Medium,13,53.12,67.15,14.03,1
10.14,16,16,8,Medium,Storm,Medium,22,63.56,79.03,15.47,1
0.96,23,6,6,High,Clear,Medium,19,33.84,47.97,14.13,1
2.82,6,24,1,Low,Clear,Medium,19,24.28,39.54,15.26,1
1.94,15,22,3,Low,Clear,Medium,19,29.76,44.81,15.05,1
6.3,14,23,1,Low,Clear,Low,8,46.2,60.52,14.32,1
9.07,7,13,1,Medium,Clear,Medium,20,50.28,66.85,16.57,1
7.75,8,13,8,Low,Rain,Low,17,46.0,48.27,2.27,0
10.29,20,12,5,Medium,Clear,Low,10,68.16,69.99,1.83,0
2.28,8,5,9,Low,Clear,Low,19,24.12,23.07,-1.05,0
8.95,15,17,3,Medium,Clear,Low,9,57.8,66.54,8.74,0
2.72,22,25,8,Medium,Clear,Medium,17,39.88,52.58,12.7,1
3.61,32,7,7,Medium,Rain,Medium,16,53.44,64.55,11.11,1
8.66,8,1,8,Medium,Rain,Medium,8,49.64,59.87,10.23,1
11.77,18,16,10,Low,Clear,Medium,13,72.08,76.38,4.3,0
7.53,8,11,8,Medium,Clear,Medium,9,45.12,54.62,9.5,1
1.13,18,23,9,Low,Clear,Medium,22,29.52,34.28,4.76,0
7.59,19,25,9,Medium,Rain,High,20,56.36,75.18,18.82,1
0.99,29,28,5,Low,Storm,High,22,39.96,62.22,22.26,1
10.67,18,11,8,Low,Rain,High,15,67.68,79.15,11.47,0
8.66,34,27,10,Low,Clear,High,12,75.64,88.93,13.29,0
2.49,9,3,9,Medium,Clear,High,22,25.96,33.61,7.65,1
1.55,6,11,7,High,Storm,Medium,12,19.2,38.29,19.09,1
2.61,5,7,1,Low,Clear,Medium,14,22.44,35.49,13.05,1
11.77,16,27,5,Low,Clear,Medium,10,70.08,80.57,10.49,0
5.77,10,18,1,Low,Rain,Low,20,40.08,54.2,14.12,1
9.52,7,10,2,High,Rain,Medium,9,52.08,80.37,28.29,1
7.82,12,4,4,Medium,Clear,High,8,50.28,61.19,10.91,1
7.08,35,23,6,Low,Clear,Medium,20,70.32,76.56,6.24,0
2.17,29,19,6,Medium,Rain,Low,20,44.68,55.76,11.08,1
11.38,5,25,10,Medium,Clear,Medium,20,57.52,70.45,12.93,1
3.97,33,13,9,Medium,Rain,Low,20,55.88,64.31,8.43,0
7.15,11,4,5,Medium,Clear,Medium,10,46.6,52.28,5.68,0
8.55,17,10,4,Medium,Rain,Medium,13,58.2,73.44,15.24,1
7.97,15,18,8,Medium,Rain,Medium,19,53.88,67.75,13.87,1
11.32,17,7,4,Low,Clear,Medium,12,69.28,74.99,5.71,0
2.21,28,2,10,Low,Clear,Low,19,43.84,45.24,1.4,0
6.35,27,24,9,Low,Clear,Medium,21,59.4,66.93,7.53,0
5.15,23,15,8,Low,Rain,Low,22,50.6,56.32,5.72,0
5.95,24,11,3,Low,Clear,Medium,19,54.8,63.65,8.85,0
1.87,27,16,7,Medium,Clear,Medium,19,41.48,50.04,8.56,1
2.04,10,22,10,Medium,Rain,Low,16,25.16,34.71,9.55,1
3.7,17,0,1,Low,Rain,High,9,38.8,55.75,16.95,1
4.0,8,13,2,Low,Rain,Medium,14,31.0,45.66,14.66,1
5.42,26,7,6,Medium,Clear,Low,22,54.68,56.34,1.66,0
7.53,18,2,4,Medium,Storm,Medium,21,55.12,74.41,19.29,1
7.8,24,1,8,Low,Rain,Low,11,62.2,65.44,3.24,0
5.24,22,13,5,Medium,Clear,Low,19,49.96,54.43,4.47,0
5.2,13,16,11,Low,Storm,High,12,40.8,62.23,21.43,1
3.0,9,15,4,Low,Clear,Medium,14,28.0,36.08,8.08,1
7.27,35,23,4,Medium,Rain,Medium,17,71.08,85.01,13.93,0
4.15,14,13,1,Medium,Rain,Medium,15,37.6,61.34,23.74,1
0.91,8,17,3,Low,Clear,High,17,18.64,35.75,17.11,1
5.31,14,24,3,Medium,Clear,High,9,42.24,60.22,17.98,1
5.95,32,19,9,High,Clear,Low,12,62.8,75.95,13.15,1
3.09,13,27,4,Low,Clear,Low,20,32.36,38.84,6.48,1
7.08,35,6,3,Medium,Clear,Medium,17,70.32,78.74,8.42,0
7.01,19,23,4,Low,Rain,Medium,20,54.04,67.29,13.25,1
8.57,31,20,7,Medium,Clear,Medium,22,72.28,84.97,12.69,0
7.95,25,17,9,Low,Clear,Low,13,63.8,68.51,4.71,0
8.0,6,0,11,Low,Clear,Medium,11,45.0,48.07,3.07,0
4.14,20,16,1,Low,Clear,Low,12,43.56,56.64,13.08,1
9.56,17,25,10,Medium,Clear,Medium,16,62.24,71.97,9.73,0
6.82,11,19,5,Low,Clear,Medium,11,45.28,55.72,10.44,1
5.46,22,0,9,High,Clear,Low,13,50.84,59.3,8.46,0
7.7,8,8,1,Low,Clear,High,10,45.8,61.08,15.28,1
4.65,26,17,7,Medium,Rain,Medium,13,51.6,63.85,12.25,1
6.4,30,24,11,Medium,Clear,Medium,22,62.6,73.1,10.5,0
8.97,7,13,1,Low,Clear,High,14,49.88,67.09,17.21,1
10.69,19,25,9,Medium,Rain,Low,19,68.76,80.3,11.54,0
11.09,25,23,2,Medium,Storm,Low,14,76.36,99.22,22.86,1
6.29,6,8,11,Medium,Clear,Low,14,38.16,42.12,3.96,0
6.48,17,5,9,Low,Rain,Low,17,49.92,54.25,4.33,0
9.7,13,27,11,Medium,Rain,High,9,58.8,76.02,17.22,1
4.12,6,17,10,Medium,Rain,High,13,29.48,48.34,18.86,1
10.13,29,25,4,Low,Clear,Medium,10,76.52,87.96,11.44,0
6.18,18,27,5,Medium,Clear,Medium,10,49.72,62.11,12.39,1
1.83,28,12,8,Low,Clear,High,18,42.32,50.42,8.1,0
1.33,23,1,2,Medium,Rain,Low,10,35.32,49.14,13.82,1
10.18,32,27,4,Medium,Rain,Low,11,79.72,92.34,12.62,0
1.14,35,17,2,High,Clear,High,16,46.56,73.03,26.47,1
3.73,23,3,10,Low,Clear,Medium,13,44.92,48.22,3.3,0
4.34,15,15,3,Low,Clear,Low,9,39.36,51.62,12.26,1
2.49,18,0,5,Low,Clear,Medium,22,34.96,35.51,0.55,0
4.11,30,8,5,Medium,Rain,Low,21,53.44,56.71,3.27,0
9.04,18,10,5,Low,Clear,Medium,16,61.16,64.88,3.72,0
0.67,21,13,9,Low,Clear,Medium,15,30.68,32.85,2.17,0
10.01,11,16,11,Low,Clear,Low,20,58.04,59.79,1.75,0
10.35,35,25,7,High,Rain,Medium,22,83.4,101.8,18.4,1
4.78,25,10,10,Low,Rain,Medium,9,51.12,57.31,6.19,0
2.27,15,22,2,Medium,Clear,Medium,9,31.08,46.35,15.27,1
7.41,23,28,11,Low,Clear,Medium,12,59.64,70.17,10.53,0
1.88,17,22,2,Low,Rain,Medium,12,31.52,47.82,16.3,1
4.7,9,7,1,Low,Rain,Low,21,34.8,49.35,14.55,1
11.52,32,20,1,Low,Clear,Low,15,85.08,97.16,12.08,0
11.95,32,8,3,Medium,Clear,Medium,20,86.8,101.26,14.46,0
9.38,30,14,10,Low,Clear,Medium,18,74.52,79.72,5.2,0
4.08,16,19,4,Low,Clear,Low,18,39.32,48.31,8.99,1
8.41,12,8,9,Low,Clear,High,22,52.64,62.18,9.54,0
8.61,6,0,5,Low,Storm,High,16,47.44,60.88,13.44,1
4.96,27,25,2,Low,Clear,Low,19,53.84,66.08,12.24,1
7.87,15,21,6,Low,Rain,Low,12,53.48,60.73,7.25,0
0.62,32,3,3,Low,Clear,Medium,11,41.48,48.67,7.19,0
2.9,31,11,4,Medium,Clear,Low,16,49.6,57.99,8.39,0
6.54,8,7,6,High,Clear,High,21,41.16,61.06,19.9,1
2.38,33,29,9,Medium,Clear,Medium,8,49.52,58.08,8.56,0
2.41,9,28,7,Low,Rain,Low,15,25.64,33.54,7.9,1
10.12,20,20,3,High,Clear,Medium,11,67.48,89.85,22.37,1
11.88,19,13,8,High,Clear,Low,21,73.52,86.62,13.1,0
6.89,34,1,8,Medium,Rain,Medium,15,68.56,76.51,7.95,0
10.15,25,7,3,Low,Clear,Low,8,72.6,73.26,0.66,0
11.89,32,2,10,Medium,Clear,High,8,86.56,101.36,14.8,0
2.13,23,23,10,High,Rain,Medium,17,38.52,58.75,20.23,1
5.65,30,2,7,Medium,Clear,High,11,59.6,74.03,14.43,1
5.01,31,20,4,Medium,Clear,Low,8,58.04,69.63,11.59,0
1.42,31,28,4,Medium,Clear,Medium,10,43.68,56.69,13.01,1
9.19,17,9,5,High,Clear,High,10,60.76,74.56,13.8,1
5.49,16,20,3,Low,Clear,Medium,13,44.96,55.04,10.08,1
5.9,35,26,4,Low,Rain,Medium,18,65.6,78.73,13.13,1
2.23,28,12,2,Medium,Clear,High,20,43.92,64.22,20.3,1
2.58,33,13,2,Low,Storm,Medium,15,50.32,67.7,17.38,1
10.93,22,6,9,Low,Clear,High,22,72.72,81.28,8.56,0
1.01,33,12,2,Low,Clear,Medium,19,44.04,55.8,11.76,1
3.18,27,26,6,Low,Clear,Medium,10,46.72,56.89,10.17,1
3.86,28,19,5,Low,Clear,Medium,19,50.44,56.63,6.19,0
6.14,10,6,1,Medium,Clear,Medium,11,41.56,58.65,17.09,1
7.24,22,15,10,Low,Rain,Low,22,57.96,64.54,6.58,0
6.17,27,21,11,Medium,Rain,High,20,58.68,78.63,19.95,1
1.47,28,2,8,Low,Rain,Medium,8,40.88,45.64,4.76,0
3.3,34,22,8,High,Clear,Medium,10,54.2,65.46,11.26,1
10.2,15,6,3,Medium,Rain,High,14,62.8,81.53,18.73,1
7.83,14,8,10,High,Clear,Medium,19,52.32,66.46,14.14,1
7.97,35,12,9,Low,Rain,Low,16,73.88,76.96,3.08,0
8.21,35,15,5,Low,Rain,Medium,9,74.84,80.82,5.98,0
9.27,10,27,8,Medium,Clear,Medium,17,54.08,65.33,11.25,1
1.17,16,6,11,Medium,Clear,Low,17,27.68,32.65,4.97,0
4.72,34,7,7,Low,Rain,Low,21,59.88,64.47,4.59,0
6.7,11,11,3,Medium,Clear,Medium,11,44.8,53.43,8.63,0
4.39,29,25,4,Medium,Clear,Medium,8,53.56,64.05,10.49,0
10.21,8,28,3,Low,Storm,High,19,55.84,82.7,26.86,1
6.05,10,13,4,Medium,Clear,Medium,18,41.2,52.42,11.22,1
9.34,29,20,10,Low,Clear,Medium,15,73.36,80.36,7.0,0
10.3,23,27,3,Low,Clear,Low,18,71.2,77.93,6.73,0
6.31,22,25,10,High,Rain,High,10,54.24,79.23,24.99,1
10.96,31,20,4,Medium,Clear,High,9,81.84,98.09,16.25,0
7.25,14,16,6,Medium,Clear,High,14,50.0,62.96,12.96,1
10.28,20,29,6,Medium,Clear,Medium,21,68.12,78.0,9.88,0
4.42,23,7,2,High,Storm,Low,15,47.68,71.34,23.66,1
6.24,27,10,3,Low,Rain,Medium,17,58.96,74.9,15.94,1
6.61,15,21,4,Low,Clear,Medium,22,48.44,56.94,8.5,0
1.71,24,0,1,Low,Storm,Medium,12,37.84,58.42,20.58,1
5.08,18,15,9,Medium,Clear,Low,15,45.32,51.93,6.61,0
11.05,21,25,7,Medium,Storm,Low,18,72.2,88.58,16.38,1
7.75,31,5,10,Medium,Clear,Medium,10,69.0,75.73,6.73,0
2.54,17,24,10,Low,Clear,High,14,34.16,48.65,14.49,1
4.4,25,12,4,Low,Rain,Medium,16,49.6,60.75,11.15,1
2.7,34,25,9,High,Clear,Medium,12,51.8,68.22,16.42,1
0.79,28,19,1,Medium,Clear,Low,11,38.16,53.17,15.01,1
11.17,35,4,5,Low,Rain,Medium,14,86.68,95.63,8.95,0
5.65,23,22,8,Medium,Clear,Medium,21,52.6,58.32,5.72,0
4.04,13,1,6,Medium,Clear,Low,14,36.16,40.98,4.82,0
7.38,35,7,9,Medium,Clear,Medium,20,71.52,81.0,9.48,0
0.58,24,26,10,Low,Clear,Low,18,33.32,37.02,3.7,0
3.7,12,26,5,Medium,Clear,High,9,33.8,50.31,16.51,1
8.58,14,1,4,Low,Clear,High,21,55.32,65.52,10.2,0
7.79,13,11,7,Low,Clear,Low,16,51.16,50.9,-0.26,0
11.79,30,2,10,Medium,Rain,Medium,16,84.16,96.24,12.08,0
7.63,7,8,11,Low,Clear,Medium,18,44.52,49.71,5.19,0
5.99,27,29,9,Low,Clear,Low,8,57.96,63.45,5.49,0
9.26,22,5,3,Low,Clear,Medium,11,66.04,74.25,8.21,0
10.89,7,19,3,Low,Clear,Medium,19,57.56,69.77,12.21,1
8.79,24,24,7,Medium,Clear,Medium,17,66.16,82.59,16.43,1
11.58,28,26,5,Low,Clear,Low,13,81.32,87.74,6.42,0
9.49,27,10,7,Medium,Clear,Medium,14,71.96,82.58,10.62,0
10.47,21,20,11,High,Clear,Low,17,69.88,84.27,14.39,1
1.81,15,14,7,Low,Clear,Low,15,29.24,35.84,6.6,1
8.92,10,3,4,Medium,Clear,Low,14,52.68,56.35,3.67,0
5.56,5,6,10,Low,Rain,Low,16,34.24,34.97,0.73,0
6.86,16,22,5,Low,Rain,Medium,12,50.44,61.15,10.71,1
8.02,24,20,7,Low,Rain,Medium,16,63.08,74.4,11.32,0
11.65,6,15,2,Low,Clear,Medium,18,59.6,66.45,6.85,0
11.82,35,23,6,Low,Clear,Medium,18,89.28,96.87,7.59,0
3.81,23,20,5,Low,Clear,Low,17,45.24,48.88,3.64,0
8.94,14,10,2,Medium,Clear,High,14,56.76,77.25,20.49,1
9.12,34,8,3,Medium,Clear,High,17,77.48,94.94,17.46,1
4.48,10,28,8,High,Clear,Low,18,34.92,46.9,11.98,1
1.92,34,29,2,Medium,Clear,Medium,12,48.68,65.32,16.64,1
0.97,13,0,2,Medium,Clear,Low,15,23.88,32.27,8.39,1
9.44,16,23,1,Low,Clear,High,18,60.76,81.84,21.08,1
6.13,18,3,1,Medium,Clear,Medium,17,49.52,65.87,16.35,1
11.83,35,25,5,Low,Clear,Low,15,89.32,93.08,3.76,0
5.85,12,17,6,High,Clear,Medium,11,42.4,59.09,16.69,1
11.75,35,20,7,High,Clear,Medium,21,89.0,103.88,14.88,0
5.23,15,21,7,Low,Clear,Low,16,42.92,51.22,8.3,0
9.63,13,18,6,Medium,Clear,Medium,16,58.52,70.27,11.75,1
1.48,24,7,11,Medium,Clear,Medium,15,36.92,46.89,9.97,1
6.89,26,24,3,Medium,Storm,Low,19,60.56,84.11,23.55,1
9.72,15,16,8,Low,Clear,Low,12,60.88,66.11,5.23,0
11.13,9,16,1,Medium,Clear,High,22,60.52,82.78,22.26,1
9.96,17,9,10,Medium,Clear,Medium,8,63.84,72.27,8.43,0
0.93,21,0,4,Low,Clear,Medium,8,31.72,39.3,7.58,1
4.79,6,16,4,Medium,Clear,Medium,15,32.16,44.41,12.25,1
1.06,7,10,2,Low,Storm,Medium,20,18.24,35.74,17.5,1
1.76,33,19,6,High,Clear,Medium,8,47.04,67.77,20.73,1
8.27,6,10,5,Low,Clear,Medium,18,46.08,49.21,3.13,0
8.7,17,29,11,Low,Storm,Low,13,58.8,69.13,10.33,0
9.4,28,20,2,Low,Clear,Low,8,72.6,84.59,11.99,0
10.45,15,13,5,Medium,Clear,Low,13,63.8,68.94,5.14,0
9.0,20,21,10,Medium,Clear,Medium,17,63.0,75.07,12.07,0
9.71,7,19,9,Low,Clear,Medium,17,52.84,63.27,10.43,0
1.06,29,18,9,Low,Storm,Medium,20,40.24,52.09,11.85,1
3.2,24,17,6,Medium,Clear,Medium,22,43.8,54.12,10.32,1
7.65,31,27,10,Low,Rain,High,8,68.6,86.97,18.37,1
10.37,31,9,3,Low,Clear,Low,20,79.48,86.64,7.16,0
0.55,15,12,9,High,Rain,Medium,8,24.2,42.24,18.04,1
6.42,6,7,7,Low,Rain,Medium,22,38.68,50.86,12.18,1
8.29,15,17,4,Medium,Rain,Medium,19,55.16,70.37,15.21,1
0.84,9,29,3,Low,Rain,Medium,22,19.36,35.95,16.59,1
5.12,21,18,6,Medium,Clear,Low,9,48.48,59.38,10.9,1
10.8,9,6,1,Medium,Clear,High,9,59.2,81.36,22.16,1
8.22,33,27,8,Low,Clear,Medium,22,72.88,83.92,11.04,0
3.23,23,23,3,Medium,Clear,High,12,42.92,60.72,17.8,1
10.31,12,13,5,High,Clear,Medium,13,60.24,78.3,18.06,1
4.5,33,4,3,Medium,Clear,High,12,58.0,74.14,16.14,1
10.31,28,12,6,Low,Rain,Low,10,76.24,80.15,3.91,0
3.94,18,24,5,Low,Rain,Medium,9,40.76,52.0,11.24,1
7.29,9,17,3,High,Storm,Low,10,45.16,70.94,25.78,1
5.06,15,5,10,Low,Clear,Low,20,42.24,46.98,4.74,0
3.66,23,4,9,Low,Rain,Low,8,44.64,49.2,4.56,0
10.7,28,29,5,Low,Rain,Medium,21,77.8,88.04,10.24,0
2.66,13,13,1,Medium,Storm,Medium,11,30.64,54.22,23.58,1
1.48,28,20,10,Low,Rain,Medium,17,40.92,50.83,9.91,1
4.43,13,10,8,Low,Clear,Medium,11,37.72,40.03,2.31,0
8.75,12,2,7,Medium,Clear,Low,21,54.0,56.97,2.97,0
9.79,18,12,7,Low,Storm,Medium,8,64.16,77.07,12.91,1
11.99,9,20,1,Low,Clear,Medium,18,63.96,78.12,14.16,1
3.91,17,10,6,Medium,Rain,Low,22,39.64,50.09,10.45,1
5.19,16,18,3,Low,Rain,Medium,14,43.76,55.88,12.12,1
2.07,13,13,8,High,Rain,Medium,14,28.28,41.94,13.66,1
7.11,29,10,11,Low,Rain,Medium,10,64.44,69.07,4.63,0
11.97,15,7,6,Medium,Rain,Medium,21,69.88,81.24,11.36,0
8.56,26,7,7,Medium,Rain,Medium,22,67.24,77.47,10.23,0
7.34,27,7,8,Low,Clear,Medium,15,63.36,65.29,1.93,0
5.01,25,21,11,Low,Clear,High,18,52.04,67.16,15.12,1
11.03,13,10,1,Medium,Clear,Low,19,64.12,79.78,15.66,1
6.21,30,22,4,Low,Clear,Medium,13,61.84,71.12,9.28,0
2.05,12,9,3,Low,Rain,High,8,27.2,43.47,16.27,1
4.7,13,9,8,High,Rain,High,9,38.8,60.07,21.27,1
1.27,32,27,5,Medium,Clear,Medium,21,44.08,53.97,9.89,1
2.82,15,26,9,High,Clear,Low,19,33.28,50.54,17.26,1
0.7,26,12,6,Low,Clear,Medium,9,35.8,42.9,7.1,0
5.71,6,8,11,Low,Rain,High,20,35.84,43.49,7.65,1
7.8,24,21,9,Medium,Clear,Medium,21,62.2,73.85,11.65,0
4.45,31,2,1,Low,Clear,Low,16,55.8,64.87,9.07,0
5.33,26,13,11,Low,Clear,Low,14,54.32,56.28,1.96,0
11.53,23,17,11,Low,Clear,Medium,22,76.12,86.71,10.59,0
9.15,31,20,1,Low,Clear,Medium,21,74.6,93.58,18.98,1
6.72,14,3,5,Medium,Rain,High,13,47.88,61.72,13.84,1
3.77,16,0,11,Low,Rain,Medium,15,38.08,43.63,5.55,0
10.82,7,8,10,High,Clear,Medium,22,57.28,71.2,13.92,1
3.2,26,3,6,Low,Clear,Low,21,45.8,45.18,-0.62,0
4.24,27,15,6,Low,Clear,Medium,17,50.96,55.12,4.16,0
10.95,28,27,1,Low,Clear,Medium,17,78.8,96.21,17.41,1
6.59,28,8,7,Medium,Clear,Low,19,61.36,70.88,9.52,0
9.04,8,13,8,High,Clear,Medium,12,51.16,69.86,18.7,1
7.29,25,6,4,Medium,Clear,Low,21,61.16,69.94,8.78,0
8.01,28,1,4,Low,Rain,High,12,67.04,74.43,7.39,0
3.94,11,21,10,Low,Clear,Low,20,33.76,34.23,0.47,0
3.28,19,7,5,Medium,Rain,Medium,20,39.12,52.65,13.53,1
4.21,33,16,3,Low,Clear,Medium,12,56.84,70.28,13.44,1
2.29,17,20,5,Medium,Clear,Low,20,33.16,42.27,9.11,1
10.55,28,25,6,Low,Clear,Medium,21,77.2,84.59,7.39,0
3.76,21,5,3,Low,Clear,High,15,43.04,57.74,14.7,1
6.96,25,17,7,Low,Clear,Medium,16,59.84,67.75,7.91,0
9.61,24,27,10,Low,Rain,Medium,15,69.44,83.11,13.67,0
9.51,25,14,9,High,Rain,High,8,70.04,89.13,19.09,1
5.54,29,1,3,Medium,Clear,High,16,58.16,74.05,15.89,1
5.98,33,7,6,High,Clear,High,18,63.92,85.87,21.95,1
11.94,14,23,6,Medium,Clear,Medium,16,68.76,81.41,12.65,0
8.26,33,23,8,Low,Rain,Medium,15,73.04,85.54,12.5,0
9.87,24,9,9,Medium,Clear,Medium,15,70.48,79.35,8.87,0
10.88,23,5,6,Low,Clear,Medium,16,73.52,77.73,4.21,0
9.56,15,8,4,Medium,Rain,Medium,21,60.24,76.65,16.41,1
2.63,17,7,8,Low,Rain,High,14,34.52,44.58,10.06,1
6.96,25,22,2,High,Clear,Medium,11,59.84,81.7,21.86,1
1.67,16,25,8,Medium,Clear,High,8,29.68,44.72,15.04,1
8.01,13,1,10,Medium,Clear,High,21,52.04,63.29,11.25,1
11.49,30,22,8,Medium,Clear,Medium,10,82.96,91.14,8.18,0
6.4,17,22,5,Medium,Clear,Low,14,49.6,59.46,9.86,0
5.48,24,18,10,Medium,Rain,High,19,52.92,70.19,17.27,1
0.91,5,26,6,Medium,Clear,Low,10,15.64,26.55,10.91,1
11.54,7,1,6,Low,Rain,Medium,11,60.16,62.12,1.96,0
1.68,31,20,10,Medium,Clear,Low,17,44.72,54.44,9.72,1
0.97,9,3,3,Low,Rain,Low,17,19.88,30.15,10.27,1
3.33,29,26,9,Medium,Clear,Low,11,49.32,59.4,10.08,1
1.25,32,14,8,Medium,Clear,Low,16,44.0,50.86,6.86,0
5.73,19,2,6,Low,Clear,High,18,48.92,58.05,9.13,0
6.44,32,22,1,Medium,Clear,Low,11,64.76,83.7,18.94,1
4.09,18,22,9,Medium,Clear,Low,14,41.36,50.81,9.45,1
1.09,34,13,3,Medium,Clear,Medium,12,45.36,60.16,14.8,1
1.78,12,9,10,Medium,Rain,High,22,26.12,45.23,19.11,1
4.92,18,0,9,Medium,Rain,Medium,13,44.68,56.2,11.52,1
1.2,17,27,4,Medium,Clear,Medium,20,28.8,41.6,12.8,1
8.53,29,5,5,Low,Clear,Low,21,70.12,73.65,3.53,0
2.88,6,25,1,Low,Clear,High,10,24.52,44.27,19.75,1
3.97,30,17,6,Medium,Clear,Medium,22,52.88,63.35,10.47,0
5.03,5,20,1,Low,Clear,High,8,32.12,51.33,19.21,1
5.29,14,20,11,Low,Clear,Medium,13,42.16,51.1,8.94,1
0.52,23,25,8,Low,Clear,High,10,32.08,47.58,15.5,1
1.79,9,1,3,Low,Clear,Medium,8,23.16,30.41,7.25,1
10.42,20,29,9,High,Clear,Medium,16,68.68,90.94,22.26,1
0.51,35,1,1,Low,Clear,Medium,17,44.04,55.57,11.53,1
6.34,30,29,7,Low,Clear,Low,16,62.36,70.96,8.6,0
6.13,5,7,2,High,Rain,High,14,36.52,64.32,27.8,1
4.33,23,25,1,High,Clear,Medium,19,47.32,72.34,25.02,1
5.46,23,2,3,Low,Clear,High,15,51.84,67.08,15.24,1
9.48,7,13,4,High,Rain,Medium,16,51.92,71.34,19.42,1
10.17,25,16,8,Low,Clear,High,14,72.68,81.57,8.89,0
3.49,21,28,10,Medium,Clear,Medium,11,41.96,52.05,10.09,1
4.21,26,3,9,Low,Clear,High,17,49.84,59.97,10.13,1
3.29,14,1,9,Low,Clear,Low,20,34.16,37.37,3.21,0
6.02,12,19,7,Low,Clear,Medium,12,43.08,50.63,7.55,0
8.36,27,1,5,Medium,Rain,Low,14,67.44,72.67,5.23,0
3.12,27,23,3,Low,Clear,Medium,21,46.48,58.07,11.59,1
4.3,10,1,11,Medium,Clear,Medium,11,34.2,40.79,6.59,0
11.2,11,29,6,Medium,Clear,High,14,62.8,77.54,14.74,1
1.06,23,15,7,Low,Clear,High,12,34.24,43.26,9.02,1
5.8,30,28,1,High,Rain,Medium,13,60.2,90.81,30.61,1
8.68,11,3,6,Low,Clear,High,14,52.72,59.11,6.39,0
2.23,11,8,8,Low,Rain,Medium,21,26.92,35.1,8.18,1
1.04,30,13,6,Low,Clear,Medium,8,41.16,43.21,2.05,0
2.09,26,0,7,Low,Clear,Medium,13,41.36,47.72,6.36,0
11.07,32,3,9,Low,Clear,Low,20,83.28,83.1,-0.18,0
0.61,29,9,1,Medium,Clear,Low,9,38.44,53.98,15.54,1
2.67,34,22,10,Medium,Clear,Medium,15,51.68,63.46,11.78,1
0.86,10,21,9,Low,Clear,Medium,10,20.44,28.44,8.0,1
1.77,13,2,5,Low,Clear,Medium,16,27.08,28.22,1.14,0
7.63,12,1,9,Medium,Clear,High,18,49.52,59.2,9.68,0
3.28,6,19,1,Low,Clear,Low,17,26.12,36.44,10.32,1
7.05,29,10,4,Medium,Storm,High,16,64.2,87.25,23.05,1
7.29,25,23,2,High,Clear,High,19,61.16,91.41,30.25,1
10.27,7,8,7,Low,Clear,Medium,16,55.08,60.55,5.47,0
0.55,11,10,10,Medium,Clear,Medium,17,20.2,27.4,7.2,1
10.31,10,6,7,High,Clear,Low,9,58.24,69.61,11.37,0
7.62,17,7,8,Medium,Clear,High,8,54.48,66.72,12.24,1
2.37,19,21,2,High,Clear,Medium,10,35.48,57.98,22.5,1
9.39,13,14,11,Low,Clear,High,16,57.56,67.33,9.77,0
10.34,33,19,3,Medium,Clear,Low,13,81.36,94.69,13.33,0
3.42,11,2,6,Low,Clear,Medium,13,31.68,33.64,1.96,0
11.07,22,16,8,Low,Clear,Medium,14,73.28,78.79,5.51,0
5.73,18,13,10,High,Rain,Medium,22,47.92,68.48,20.56,1
7.44,17,27,11,Low,Clear,Medium,13,53.76,63.1,9.34,0
11.82,30,12,7,High,Rain,Low,14,84.28,102.24,17.96,1
4.66,35,3,7,Medium,Clear,Low,15,60.64,68.11,7.47,0
9.85,5,20,5,High,Clear,Low,19,51.4,62.68,11.28,1
4.16,19,4,7,High,Rain,Low,19,42.64,57.02,14.38,1
9.69,8,27,8,Medium,Clear,Low,22,53.76,62.14,8.38,0
7.41,18,11,8,High,Rain,Low,17,54.64,67.44,12.8,1
2.99,24,23,7,Medium,Clear,Medium,22,42.96,52.98,10.02,1
5.26,17,19,5,Medium,Clear,Medium,17,45.04,55.24,10.2,1
4.15,14,13,3,Medium,Rain,Medium,16,37.6,53.61,16.01,1
1.4,14,17,1,Low,Clear,Medium,16,26.6,39.79,13.19,1
0.84,14,5,5,Low,Storm,Low,15,24.36,33.33,8.97,1
4.48,15,2,5,Low,Rain,Medium,11,39.92,51.21,11.29,1
0.72,16,22,7,Low,Clear,Medium,13,25.88,29.83,3.95,0
2.4,26,28,10,Low,Clear,Low,17,42.6,50.47,7.87,0
8.84,7,25,8,Medium,Rain,Medium,17,49.36,64.32,14.96,1
8.64,6,9,9,Medium,Clear,High,10,47.56,59.48,11.92,1
8.99,21,10,7,Medium,Rain,Medium,20,63.96,71.92,7.96,0
4.15,26,10,11,High,Clear,High,18,49.6,70.13,20.53,1
10.74,13,21,11,High,Clear,Low,15,62.96,74.28,11.32,0
7.33,11,18,2,High,Clear,Low,14,47.32,68.58,21.26,1
1.95,24,23,8,Medium,Rain,Low,16,38.8,53.88,15.08,1
2.15,16,28,6,Low,Rain,Medium,16,31.6,40.63,9.03,1
8.47,27,11,11,High,Clear,Medium,14,67.88,85.42,17.54,1
2.49,9,19,7,Low,Clear,Medium,20,25.96,32.81,6.85,1
6.33,8,15,1,Low,Clear,High,10,40.32,54.13,13.81,1
11.91,22,28,3,Low,Clear,Medium,13,76.64,86.83,10.19,0
0.55,17,10,2,Medium,Clear,Low,13,26.2,38.56,12.36,1
0.69,27,5,3,Medium,Clear,Medium,9,36.76,49.56,12.8,1
11.92,20,11,2,Low,Clear,Low,9,74.68,79.72,5.04,0
7.22,15,18,9,Medium,Clear,Medium,21,50.88,61.54,10.66,1
1.96,9,28,6,Low,Clear,High,19,23.84,38.09,14.25,1
10.82,10,24,8,Low,Clear,Medium,13,60.28,70.08,9.8,0
10.62,28,0,11,Low,Clear,Medium,11,77.48,79.65,2.17,0
6.67,12,15,8,Low,Storm,Medium,14,45.68,60.56,14.88,1
7.65,20,4,6,Medium,Clear,Low,18,57.6,64.54,6.94,0
3.64,30,10,3,Low,Clear,Medium,12,51.56,62.26,10.7,1
1.08,32,28,9,Low,Rain,Medium,8,43.32,56.7,13.38,1
7.34,13,29,6,Low,Clear,Low,14,49.36,55.39,6.03,0
3.89,8,4,9,Medium,Rain,Low,16,30.56,38.17,7.61,1
8.13,29,4,1,High,Clear,Medium,15,68.52,90.86,22.34,1
10.12,26,20,2,Medium,Clear,Medium,10,73.48,88.95,15.47,1
0.71,15,12,2,Medium,Clear,Medium,20,24.84,42.46,17.62,1
7.35,23,12,8,High,Clear,High,17,59.4,75.74,16.34,1
3.16,10,26,6,Low,Clear,Low,18,29.64,33.83,4.19,0
10.55,26,27,4,Low,Clear,Low,22,75.2,82.53,7.33,0
3.42,27,27,4,Medium,Clear,High,15,47.68,67.02,19.34,1
7.52,14,23,7,Low,Clear,Low,16,51.08,57.0,5.92,0
6.87,19,29,11,Medium,Rain,High,19,53.48,76.26,22.78,1
5.06,15,21,11,Medium,Clear,Medium,19,42.24,53.6,11.36,1
8.29,5,26,6,Low,Storm,Medium,20,45.16,59.92,14.76,1
8.85,8,16,8,Medium,Clear,Low,18,50.4,57.31,6.91,0
7.02,34,1,1,Low,Clear,Medium,8,69.08,79.64,10.56,0
9.22,19,24,11,Low,Clear,High,13,62.88,75.72,12.84,1
11.81,9,27,1,High,Clear,Low,16,63.24,84.51,21.27,1
5.32,6,9,4,Medium,Rain,Medium,14,34.28,47.73,13.45,1
6.42,15,12,8,Low,Clear,High,8,47.68,60.33,12.65,1
0.64,35,17,11,Low,Clear,Medium,12,44.56,51.32,6.76,0
9.65,16,19,2,Low,Rain,Low,12,61.6,72.29,10.69,0
6.48,35,20,8,Low,Clear,Medium,8,67.92,74.24,6.32,0
5.19,20,11,3,Low,Clear,Medium,19,47.76,52.49,4.73,0
1.58,28,25,1,Low,Rain,Low,13,41.32,57.2,15.88,1
10.73,29,24,5,Medium,Clear,High,19,78.92,98.02,19.1,1
5.04,5,28,7,Medium,Clear,Low,21,32.16,39.39,7.23,1
8.35,5,17,3,Medium,Rain,High,21,45.4,63.89,18.49,1
2.22,33,2,11,Medium,Clear,Low,21,48.88,51.97,3.09,0
11.56,33,25,7,Medium,Clear,Low,15,86.24,97.08,10.84,0
2.55,9,2,5,Medium,Clear,Medium,11,26.2,37.01,10.81,1
2.79,25,5,6,High,Rain,Low,9,43.16,58.06,14.9,1
10.38,33,8,6,Medium,Clear,Low,17,81.52,84.55,3.03,0
10.99,34,5,2,Medium,Clear,Low,9,84.96,95.92,10.96,0
2.94,14,21,7,Medium,Clear,High,11,32.76,51.54,18.78,1
5.9,30,13,9,Medium,Clear,Low,11,60.6,66.58,5.98,0
8.94,25,6,5,Low,Clear,Medium,12,67.76,72.24,4.48,0
10.6,33,0,5,Low,Clear,Medium,13,82.4,85.88,3.48,0
4.86,9,6,11,Low,Clear,Medium,12,35.44,36.55,1.11,0
6.45,23,20,7,Low,Clear,Medium,15,55.8,64.8,9.0,0
9.03,5,23,4,Low,Clear,Low,22,48.12,56.43,8.31,0
8.91,16,8,1,Low,Clear,High,17,58.64,71.25,12.61,1
9.5,5,2,10,Low,Clear,Medium,18,50.0,50.74,0.74,0
7.05,18,16,7,High,Clear,High,10,53.2,71.46,18.26,1
1.7,30,23,7,Low,Clear,Medium,9,43.8,52.9,9.1,1
10.9,25,2,4,Low,Clear,High,10,75.6,83.5,7.9,0
10.45,14,23,3,Low,Storm,High,20,62.8,87.2,24.4,1
9.68,18,5,6,Low,Clear,Medium,10,63.72,67.36,3.64,0
1.65,16,7,9,Medium,Clear,High,22,29.6,42.14,12.54,1
2.85,27,18,4,Medium,Clear,Low,19,45.4,55.99,10.59,1
9.05,13,1,6,Low,Clear,Low,20,56.2,56.94,0.74,0
0.77,7,9,11,Medium,Clear,Medium,12,17.08,25.84,8.76,1
11.76,20,4,3,Low,Storm,Medium,10,74.04,90.49,16.45,1
4.84,30,6,3,Medium,Clear,Medium,10,56.36,68.99,12.63,1
8.77,19,23,3,High,Clear,Medium,20,61.08,82.26,21.18,1
10.71,11,6,11,High,Clear,Medium,14,60.84,74.18,13.34,1
5.04,6,1,6,Low,Clear,High,14,33.16,44.12,10.96,1
4.17,34,6,11,Medium,Clear,Medium,11,57.68,64.99,7.31,0
7.5,28,2,11,Medium,Rain,Medium,13,65.0,78.13,13.13,1
7.18,9,18,5,High,Rain,Medium,13,44.72,62.95,18.23,1
5.21,7,29,1,Low,Clear,Medium,19,34.84,53.26,18.42,1
7.42,9,5,4,Medium,Clear,High,20,45.68,63.25,17.57,1
11.26,16,21,6,Low,Clear,Medium,15,68.04,74.56,6.52,0
5.88,30,10,5,Low,Clear,Low,13,60.52,61.19,0.67,0
2.76,9,2,1,Medium,Clear,High,14,27.04,45.58,18.54,1
4.84,30,20,11,Low,Clear,Low,10,56.36,60.32,3.96,0
5.03,5,6,4,Low,Storm,Medium,9,32.12,46.96,14.84,1
2.01,27,15,7,Medium,Clear,Medium,11,42.04,51.96,9.92,1
2.37,13,15,11,Medium,Rain,Medium,8,29.48,41.64,12.16,1
8.37,34,17,6,High,Rain,High,8,74.48,101.79,27.31,1
4.4,19,4,8,Medium,Clear,Medium,11,43.6,51.0,7.4,0
11.48,13,7,1,High,Clear,Low,21,65.92,84.08,18.16,1
3.3,12,22,8,Medium,Clear,Medium,10,32.2,45.26,13.06,1
1.64,30,27,10,Low,Rain,Low,18,43.56,53.65,10.09,1
9.17,17,0,11,Low,Clear,Low,10,60.68,63.5,2.82,0
10.63,15,12,1,High,Rain,Medium,14,64.52,94.78,30.26,1
3.7,27,26,3,Low,Clear,Medium,17,48.8,61.69,12.89,1
2.82,21,8,1,Low,Clear,Medium,16,39.28,51.3,12.02,1
2.64,25,13,11,Medium,Rain,Medium,19,42.56,51.36,8.8,1
6.5,18,27,4,Low,Clear,Medium,11,51.0,59.52,8.52,0
5.89,6,29,6,Low,Rain,Medium,19,36.56,48.78,12.22,1
3.48,5,19,6,Medium,Clear,High,14,25.92,38.36,12.44,1
1.02,6,20,8,Low,Clear,Low,14,17.08,17.91,0.83,0
6.04,22,18,10,Medium,Clear,High,12,53.16,67.89,14.73,1
11.53,20,8,4,Low,Clear,Medium,22,73.12,81.27,8.15,0
8.0,28,26,9,Medium,Rain,Medium,20,67.0,81.71,14.71,1
6.2,32,1,4,Low,Clear,Medium,14,63.8,70.79,6.99,0
1.77,10,1,3,Medium,Clear,Medium,19,24.08,36.51,12.43,1
3.4,34,18,2,Low,Clear,Medium,21,54.6,69.5,14.9,1
3.89,33,25,5,Low,Clear,High,12,55.56,71.91,16.35,1
9.3,24,24,7,Medium,Rain,High,12,68.2,92.23,24.03,1
10.58,21,20,9,Low,Clear,Medium,19,70.32,78.78,8.46,0
10.87,10,11,10,Medium,Storm,Medium,12,60.48,76.76,16.28,1
11.82,10,10,6,Low,Clear,Medium,9,64.28,69.4,5.12,0
11.8,5,12,5,Low,Clear,Medium,16,59.2,67.75,8.55,0
11.46,25,7,2,Low,Clear,Low,11,77.84,83.45,5.61,0
1.33,18,12,11,High,Clear,Low,16,30.32,45.62,15.3,1
2.08,10,3,5,Low,Clear,Medium,9,25.32,28.58,3.26,0
4.0,9,9,9,Low,Rain,Low,15,32.0,37.25,5.25,0
6.86,6,28,7,Medium,Clear,Medium,11,40.44,51.42,10.98,1
1.62,24,21,11,Low,Rain,Low,15,37.48,42.03,4.55,0
10.23,26,4,11,Medium,Clear,Low,11,73.92,78.16,4.24,0
7.59,24,8,8,High,Clear,Medium,11,61.36,78.57,17.21,1
6.74,8,7,8,Medium,Clear,Medium,21,41.96,48.96,7.0,0
2.4,6,8,2,Medium,Clear,High,22,22.6,44.43,21.83,1
3.41,8,20,1,Low,Clear,Low,12,28.64,39.49,10.85,1
2.34,28,26,7,High,Rain,Low,17,44.36,60.42,16.06,1
10.3,27,21,8,Medium,Rain,Low,13,75.2,86.91,11.71,0
7.22,14,14,9,Low,Clear,Medium,10,49.88,57.04,7.16,0
8.95,6,4,3,High,Clear,Low,9,48.8,63.98,15.18,1
3.9,14,4,6,High,Clear,Medium,21,36.6,50.7,14.1,1
4.77,30,24,10,Low,Clear,Low,8,56.08,64.09,8.01,0
5.16,9,20,2,Low,Clear,High,15,36.64,53.83,17.19,1
9.24,29,15,5,Medium,Clear,Medium,11,72.96,82.02,9.06,0
9.38,19,17,11,Medium,Rain,Medium,19,63.52,74.65,11.13,0
2.88,9,25,3,Medium,Clear,Low,10,27.52,43.07,15.55,1
11.33,33,24,4,Low,Clear,Low,16,85.32,91.27,5.95,0
1.89,21,2,6,Low,Rain,Medium,13,35.56,41.3,5.74,0
10.81,25,11,8,Low,Clear,Medium,15,75.24,82.54,7.3,0
1.65,7,1,3,Low,Clear,Medium,10,20.6,31.91,11.31,1
3.54,16,11,9,Medium,Storm,Medium,9,37.16,54.86,17.7,1
10.23,24,19,3,Low,Clear,Low,10,71.92,79.45,7.53,0
2.56,25,6,5,Low,Clear,High,16,42.24,50.43,8.19,0
5.26,6,4,7,Medium,Clear,Low,17,34.04,37.93,3.89,0
5.67,23,14,1,Low,Rain,Low,21,52.68,65.77,13.09,1
3.32,34,15,9,Low,Clear,Medium,22,54.28,59.58,5.3,0
8.67,29,21,8,High,Clear,Medium,19,70.68,89.7,19.02,1
10.29,11,0,10,Low,Clear,Medium,8,59.16,61.98,2.82,0
10.56,33,7,4,High,Clear,Medium,18,82.24,101.36,19.12,1
4.4,26,23,5,Low,Clear,Medium,18,50.6,57.97,7.37,0
6.6,6,20,10,Low,Clear,Medium,18,39.4,45.67,6.27,0
3.36,8,26,1,Medium,Rain,Low,17,28.44,51.2,22.76,1
3.32,33,24,6,Low,Clear,Low,18,53.28,58.12,4.84,0
2.35,11,25,6,Medium,Rain,Medium,16,27.4,42.15,14.75,1
11.31,7,15,5,Low,Rain,Low,17,59.24,65.31,6.07,0
10.71,18,28,5,Medium,Rain,Medium,18,67.84,86.37,18.53,1
9.44,21,12,9,Low,Rain,Medium,8,65.76,74.77,9.01,0
6.45,22,27,3,Medium,Clear,Medium,15,54.8,73.7,18.9,1
6.14,25,11,10,Medium,Rain,Low,9,56.56,65.29,8.73,0
6.59,35,13,10,Medium,Clear,High,21,68.36,84.14,15.78,1
6.67,28,20,2,Low,Clear,Medium,22,61.68,75.16,13.48,1
5.5,5,11,11,Medium,Clear,High,10,34.0,48.97,14.97,1
2.02,7,4,3,Medium,Clear,Low,21,22.08,32.81,10.73,1
1.95,5,26,1,Low,Clear,Medium,15,19.8,34.12,14.32,1
11.45,17,13,5,Medium,Rain,Medium,18,69.8,82.54,12.74,0
6.04,15,27,9,Low,Clear,High,17,46.16,60.47,14.31,1
11.46,33,11,10,Low,Clear,Medium,9,85.84,93.27,7.43,0
2.38,16,29,8,Medium,Clear,High,21,32.52,51.83,19.31,1
6.88,5,18,9,Low,Rain,Medium,17,39.52,49.33,9.81,1
2.89,32,23,3,Low,Clear,Medium,15,50.56,65.24,14.68,1
3.41,13,22,10,Medium,Clear,Low,17,33.64,40.73,7.09,1
0.85,33,6,7,Medium,Rain,Low,22,43.4,48.61,5.21,0
1.87,29,24,2,Low,Rain,High,17,43.48,63.72,20.24,1
11.04,32,28,2,Low,Clear,High,17,83.16,104.15,20.99,1
4.2,30,19,3,Low,Clear,Low,21,53.8,59.43,5.63,0
7.49,9,28,1,Medium,Clear,Low,18,45.96,60.62,14.66,1
5.85,24,25,4,Medium,Rain,Low,10,54.4,64.96,10.56,0
5.11,17,19,11,Medium,Clear,Low,20,44.44,53.71,9.27,1
6.62,24,14,3,Medium,Clear,Low,21,57.48,65.38,7.9,0
2.65,28,25,8,High,Clear,High,19,45.6,68.7,23.1,1
11.87,20,5,11,Low,Clear,Low,10,74.48,74.82,0.34,0
9.91,14,16,3,Low,Clear,High,15,60.64,73.3,12.66,1
9.03,33,24,8,Low,Clear,High,8,76.12,85.92,9.8,0
5.89,25,28,5,Low,Clear,Low,19,55.56,61.57,6.01,0
2.26,32,8,4,Low,Rain,Medium,22,48.04,56.13,8.09,0
11.09,12,2,11,High,Clear,Medium,8,63.36,76.75,13.39,1
4.43,30,10,8,Low,Rain,Low,9,54.72,60.52,5.8,0
1.08,15,25,5,Low,Clear,Medium,21,26.32,35.55,9.23,1
4.44,19,15,9,Medium,Clear,Medium,19,43.76,55.63,11.87,1
9.64,31,1,10,High,Clear,Low,20,76.56,87.09,10.53,0
7.66,15,3,9,Low,Clear,High,11,52.64,58.14,5.5,0
9.13,12,10,10,Medium,Rain,Medium,17,55.52,68.45,12.93,1
9.63,33,10,4,Medium,Clear,Low,20,78.52,87.83,9.31,0
2.94,34,4,4,Low,Rain,High,9,52.76,65.2,12.44,1
11.12,14,14,3,Medium,Clear,Low,12,65.48,75.7,10.22,0
5.54,14,14,8,Low,Clear,Low,12,43.16,50.91,7.75,0
7.85,12,5,9,Low,Clear,Low,16,50.4,48.81,-1.59,0
0.53,5,6,8,Low,Clear,Medium,11,14.12,19.31,5.19,1
11.92,22,19,7,Low,Rain,Medium,13,76.68,88.57,11.89,0
3.73,12,28,9,Medium,Clear,Medium,11,33.92,45.84,11.92,1
1.21,31,29,2,Medium,Clear,Medium,8,42.84,61.3,18.46,1
5.77,10,16,5,Low,Rain,Medium,18,40.08,48.48,8.4,1
1.98,24,1,8,Medium,Clear,Low,17,38.92,43.12,4.2,0
2.25,20,26,1,Low,Clear,Medium,21,36.0,54.0,18.0,1
7.77,23,28,11,Low,Clear,High,16,61.08,73.28,12.2,0
5.02,8,8,2,Medium,Clear,Medium,18,35.08,55.9,20.82,1
11.1,19,12,9,Low,Rain,Medium,13,70.4,77.89,7.49,0
4.17,24,0,7,Medium,Clear,Medium,13,47.68,57.44,9.76,1
8.85,15,24,10,Low,Clear,Medium,14,57.4,66.29,8.89,0
5.8,32,23,9,Medium,Storm,High,22,62.2,86.02,23.82,1
8.09,21,0,6,Low,Clear,High,15,60.36,70.3,9.94,0
7.4,16,21,9,Low,Clear,Medium,20,52.6,56.6,4.0,0
5.94,5,12,4,Medium,Storm,Medium,12,35.76,56.01,20.25,1
11.43,10,16,7,Medium,Clear,Low,18,62.72,68.49,5.77,0
4.44,19,6,11,Low,Clear,Low,12,43.76,44.09,0.33,0
2.54,17,24,1,High,Rain,Low,13,34.16,58.99,24.83,1
8.3,32,12,4,Low,Clear,Medium,20,72.2,77.67,5.47,0
10.23,29,25,1,Low,Storm,Low,18,76.92,94.61,17.69,1
0.96,9,4,6,Low,Clear,Medium,15,19.84,24.42,4.58,1
5.67,23,17,9,Medium,Clear,Medium,14,52.68,62.95,10.27,0
10.76,19,9,1,Medium,Clear,Medium,19,69.04,85.24,16.2,1
9.12,8,28,7,Medium,Clear,Medium,10,51.48,65.6,14.12,1
11.91,25,16,5,Medium,Rain,Low,20,79.64,90.74,11.1,0
6.61,21,21,9,Low,Clear,Medium,17,54.44,61.11,6.67,0
8.09,7,2,3,Low,Clear,High,12,46.36,63.86,17.5,1
3.98,19,20,2,Low,Clear,Medium,18,41.92,56.96,15.04,1
11.4,27,3,2,Medium,Clear,High,22,79.6,102.09,22.49,1
4.71,15,10,5,Low,Clear,Medium,13,40.84,45.01,4.17,0
8.99,16,6,6,Medium,Clear,Medium,13,58.96,67.66,8.7,0
5.14,8,0,11,Medium,Clear,Medium,21,35.56,40.08,4.52,0
6.96,11,17,6,Medium,Storm,Medium,13,45.84,63.58,17.74,1
8.78,35,7,2,Low,Rain,High,20,77.12,93.35,16.23,1
6.35,24,15,8,Low,Clear,Medium,21,56.4,68.39,11.99,1
10.93,10,22,1,High,Rain,Medium,16,60.72,87.74,27.02,1
5.32,19,5,4,Medium,Clear,High,9,47.28,60.81,13.53,1
7.94,10,21,8,Medium,Clear,Medium,8,48.76,57.05,8.29,0
4.44,18,8,3,Medium,Clear,Low,12,42.76,53.43,10.67,1
5.19,9,9,7,High,Rain,Low,8,36.76,49.76,13.0,1
5.56,24,17,5,Low,Clear,High,19,53.24,65.48,12.24,1
1.95,22,18,11,High,Clear,Medium,17,36.8,49.82,13.02,1
1.55,24,19,4,Low,Clear,High,14,37.2,49.76,12.56,1
8.18,18,5,10,High,Clear,Low,20,57.72,65.03,7.31,0
8.04,13,17,7,Low,Rain,Medium,10,52.16,60.58,8.42,0
8.12,12,7,9,Low,Clear,High,15,51.48,59.31,7.83,0
0.73,11,8,2,Low,Rain,High,13,20.92,37.32,16.4,1
4.26,18,28,1,Medium,Clear,Medium,8,42.04,61.64,19.6,1
2.77,18,3,9,High,Clear,Low,15,36.08,48.62,12.54,1
9.45,25,12,6,Low,Rain,Medium,10,69.8,82.55,12.75,0
10.4,6,13,4,Low,Clear,Medium,8,54.6,62.88,8.28,0
3.34,13,7,10,Low,Clear,Medium,11,33.36,36.04,2.68,0
8.18,31,23,4,Low,Clear,Low,10,70.72,77.45,6.73,0
1.99,33,14,5,Medium,Clear,High,17,47.96,61.05,13.09,1
3.66,33,21,8,Low,Clear,Low,19,54.64,60.62,5.98,0
2.09,14,11,11,High,Clear,Medium,15,29.36,45.14,15.78,1
3.76,9,26,10,High,Rain,Medium,17,31.04,49.08,18.04,1
8.26,11,21,8,Low,Rain,High,9,51.04,67.44,16.4,1
10.97,9,9,2,Medium,Clear,Medium,19,59.88,76.61,16.73,1
2.83,34,28,2,High,Clear,Medium,15,52.32,79.91,27.59,1
6.73,32,25,8,High,Clear,Low,14,65.92,79.89,13.97,1
8.57,30,17,6,Medium,Rain,Medium,21,71.28,85.28,14.0,0
11.46,27,0,2,Low,Clear,Low,12,79.84,83.47,3.63,0
7.52,15,17,8,Low,Rain,High,14,52.08,65.38,13.3,1
3.43,19,20,11,Medium,Clear,Medium,21,39.72,51.51,11.79,1
7.69,31,10,1,Low,Clear,Low,10,68.76,77.49,8.73,0
4.19,30,4,10,Medium,Clear,High,15,53.76,66.24,12.48,1
11.73,21,16,4,Medium,Clear,Low,16,74.92,84.46,9.54,0
5.1,30,24,5,Low,Clear,Low,18,57.4,61.3,3.9,0
8.38,15,9,8,Low,Clear,Medium,21,55.52,63.11,7.59,0
0.77,17,13,3,Low,Rain,Low,13,27.08,36.21,9.13,1
5.1,31,0,2,High,Clear,Low,9,58.4,74.67,16.27,1
10.56,16,21,11,Low,Rain,High,13,65.24,76.51,11.27,0
7.52,28,25,4,Low,Clear,High,10,65.08,80.12,15.04,1
5.61,19,23,2,High,Clear,Medium,18,48.44,71.09,22.65,1
11.26,14,12,8,Medium,Clear,Medium,16,66.04,77.35,11.31,0
10.32,11,1,3,Medium,Clear,Low,19,59.28,64.86,5.58,0
4.21,23,14,9,Medium,Clear,High,13,46.84,61.5,14.66,1
6.76,19,28,1,Low,Clear,Medium,22,53.04,65.28,12.24,1
6.13,16,2,6,High,Clear,Low,21,47.52,59.15,11.63,1
7.77,28,6,5,High,Rain,Medium,21,66.08,82.93,16.85,1
4.34,5,25,11,Low,Clear,Medium,18,29.36,38.16,8.8,1
3.31,7,17,6,Low,Clear,Low,10,27.24,29.44,2.2,0
11.0,34,5,11,Low,Rain,Low,10,85.0,87.1,2.1,0
11.12,25,0,3,Medium,Clear,Medium,22,76.48,86.61,10.13,0
10.2,22,12,6,Medium,Storm,Medium,21,69.8,87.58,17.78,1
11.75,5,17,9,Medium,Clear,Low,21,59.0,67.55,8.55,0
9.07,23,25,2,High,Clear,Medium,17,66.28,90.89,24.61,1
9.29,18,26,11,Medium,Clear,Low,20,62.16,69.49,7.33,0
9.27,23,13,9,Medium,Clear,Medium,15,67.08,80.36,13.28,0
6.03,6,12,8,Medium,Clear,Low,10,37.12,44.19,7.07,0
5.75,22,27,3,Medium,Clear,Medium,11,52.0,67.16,15.16,1
3.26,22,23,9,Low,Clear,Medium,20,42.04,50.49,8.45,1
7.92,13,6,10,Medium,Clear,Medium,17,51.68,60.39,8.71,0
3.83,6,20,4,Medium,Clear,Low,22,28.32,37.97,9.65,1
3.46,35,21,7,Low,Clear,Medium,21,55.84,62.45,6.61,0
7.24,26,7,1,Medium,Clear,High,19,61.96,84.33,22.37,1
5.21,24,29,5,Medium,Clear,Low,8,51.84,65.1,13.26,1
3.02,28,8,2,Low,Clear,Medium,10,47.08,53.61,6.53,0
9.88,25,16,7,Medium,Clear,Medium,13,71.52,84.18,12.66,0
10.4,9,14,7,Low,Clear,High,8,57.6,67.44,9.84,0
2.43,19,20,6,Medium,Clear,Medium,22,35.72,47.19,11.47,1
0.59,32,27,8,Medium,Rain,High,11,41.36,63.46,22.1,1
4.37,13,11,11,Low,Clear,Medium,13,37.48,37.37,-0.11,0
9.67,35,11,3,Low,Clear,Medium,18,80.68,91.51,10.83,0
10.15,6,22,3,Low,Clear,Low,8,53.6,64.56,10.96,1
2.09,15,28,3,Low,Clear,Medium,17,30.36,41.58,11.22,1
9.4,15,27,11,Medium,Clear,Low,9,59.6,66.21,6.61,0
1.83,24,22,2,Low,Rain,Medium,21,38.32,58.0,19.68,1
4.99,10,21,1,High,Clear,Low,18,36.96,55.65,18.69,1
11.98,12,23,2,Low,Storm,Medium,13,66.92,89.36,22.44,1
2.71,25,28,9,Low,Rain,Medium,18,42.84,56.49,13.65,1
2.27,13,0,7,High,Clear,High,12,29.08,46.87,17.79,1
5.36,32,17,11,Medium,Clear,Low,9,60.44,68.97,8.53,0
7.63,31,1,3,Medium,Clear,High,8,68.52,83.19,14.67,1
11.23,14,17,5,Medium,Rain,High,11,65.92,84.25,18.33,1
11.78,22,11,7,High,Clear,High,18,76.12,93.9,17.78,1
1.3,15,9,1,Low,Clear,Medium,16,27.2,38.84,11.64,1
2.09,15,26,11,Low,Clear,Low,12,30.36,35.63,5.27,0
9.59,25,21,9,High,Clear,High,18,70.36,88.48,18.12,1
3.61,14,17,2,Low,Clear,Medium,13,35.44,48.99,13.55,1
10.68,9,26,10,Medium,Rain,Medium,10,58.72,68.96,10.24,0
8.13,13,2,5,Medium,Clear,Low,18,52.52,57.65,5.13,0
1.79,33,19,4,Medium,Rain,Low,14,47.16,60.87,13.71,1
10.07,13,4,11,Medium,Clear,Low,17,60.28,63.49,3.21,0
2.53,16,6,6,High,Clear,Medium,16,33.12,44.85,11.73,1
5.37,24,5,3,Low,Clear,Medium,9,52.48,59.66,7.18,0
6.85,8,16,9,Medium,Clear,High,8,42.4,57.88,15.48,1
6.26,13,18,8,Medium,Clear,Low,9,45.04,53.33,8.29,0
8.39,10,22,3,Low,Clear,Low,11,50.56,56.74,6.18,0
8.01,33,13,8,High,Clear,Medium,11,72.04,87.85,15.81,1
11.91,33,28,7,Medium,Rain,Low,21,87.64,100.76,13.12,0
11.99,28,11,4,Low,Clear,Medium,19,82.96,90.6,7.64,0
6.44,12,4,5,High,Rain,Medium,21,44.76,59.59,14.83,1
1.59,24,1,10,High,Clear,High,15,37.36,54.87,17.51,1
8.87,25,3,2,Low,Clear,Low,12,67.48,75.92,8.44,0
11.73,31,13,8,Medium,Rain,Low,14,84.92,95.59,10.67,0
4.16,9,12,10,Low,Rain,Medium,21,32.64,41.86,9.22,1
5.8,27,25,11,Low,Rain,Low,13,57.2,68.49,11.29,0
5.38,11,3,4,Low,Rain,Medium,17,39.52,48.46,8.94,1
1.09,22,7,3,High,Clear,Medium,10,33.36,50.08,16.72,1
8.23,32,29,11,Low,Storm,High,22,71.92,91.04,19.12,1
4.56,6,0,6,Low,Clear,Low,17,31.24,31.59,0.35,0
9.56,9,12,7,Medium,Clear,High,22,54.24,64.76,10.52,0
10.07,30,5,6,Low,Clear,High,12,77.28,84.66,7.38,0
9.94,5,16,6,Low,Clear,Low,17,51.76,55.89,4.13,0
5.29,26,29,7,Low,Clear,Medium,12,54.16,65.3,11.14,1
4.2,20,6,5,Medium,Clear,Medium,15,43.8,48.91,5.11,0
9.11,15,11,5,Medium,Clear,Low,12,58.44,64.84,6.4,0
9.72,31,13,5,Medium,Rain,High,10,76.88,93.34,16.46,1
6.15,31,23,8,Low,Clear,Low,14,62.6,67.28,4.68,0
10.77,15,29,9,Medium,Clear,Low,15,65.08,75.16,10.08,0
2.15,5,2,7,Medium,Clear,Low,10,20.6,24.94,4.34,1
10.61,8,14,8,Low,Rain,Medium,13,57.44,69.02,11.58,1
1.61,8,22,5,Low,Rain,High,9,21.44,38.33,16.89,1
2.27,35,0,9,Low,Clear,Medium,17,51.08,58.37,7.29,0
6.64,23,24,5,Low,Rain,Medium,12,56.56,67.34,10.78,0
1.28,25,7,5,Low,Clear,Low,9,37.12,37.7,0.58,0
1.11,12,15,1,High,Rain,Medium,15,23.44,48.5,25.06,1
0.51,31,29,3,Medium,Clear,Medium,20,40.04,55.8,15.76,1
5.52,27,19,9,Medium,Clear,Medium,22,56.08,68.31,12.23,1
9.41,28,29,1,Low,Clear,Medium,22,72.64,91.18,18.54,1
0.9,19,18,3,Medium,Clear,High,10,29.6,49.55,19.95,1
8.0,26,6,9,Medium,Clear,Medium,11,65.0,71.87,6.87,0
9.97,21,20,10,High,Clear,Medium,21,67.88,83.56,15.68,1
2.43,16,18,5,Low,Clear,Medium,17,32.72,43.23,10.51,1
2.19,23,9,5,Medium,Clear,Low,16,38.76,42.9,4.14,0
10.4,15,2,6,Low,Clear,Medium,20,63.6,69.83,6.23,0
9.97,34,19,9,Medium,Clear,Medium,8,80.88,92.49,11.61,0
6.7,27,17,6,High,Rain,Medium,16,60.8,78.73,17.93,1
9.92,27,23,2,Medium,Clear,Medium,16,73.68,88.91,15.23,1
1.57,27,3,5,Medium,Clear,Medium,22,40.28,46.5,6.22,0
5.04,18,16,3,High,Rain,Low,15,45.16,66.2,21.04,1
8.98,34,24,8,High,Clear,Low,15,76.92,89.9,12.98,0
3.46,11,26,2,Low,Clear,Medium,20,31.84,49.15,17.31,1
9.15,22,28,7,Low,Clear,High,12,65.6,77.78,12.18,0
6.3,7,6,2,Medium,Storm,Medium,9,39.2,62.8,23.6,1
9.13,14,5,11,High,Clear,Medium,15,57.52,72.76,15.24,1
5.84,22,17,8,Medium,Clear,Medium,17,52.36,66.0,13.64,1
4.73,20,13,2,Low,Clear,Low,15,45.92,53.64,7.72,0
3.02,34,7,11,Medium,Rain,Low,18,53.08,61.69,8.61,0
2.9,24,3,7,Low,Clear,Low,11,42.6,40.4,-2.2,0
9.14,17,4,7,Low,Rain,High,8,60.56,71.57,11.01,0
1.87,18,10,1,Low,Clear,Low,19,32.48,44.76,12.28,1
1.49,23,22,3,Low,Clear,Medium,20,35.96,47.8,11.84,1
2.53,29,1,9,Medium,Clear,Medium,17,46.12,57.95,11.83,1
2.52,13,3,6,Low,Rain,Medium,12,30.08,37.72,7.64,1
9.97,23,7,7,Low,Clear,Low,13,69.88,70.2,0.32,0
5.08,22,26,11,Medium,Clear,High,15,49.32,66.43,17.11,1
11.89,5,29,5,Low,Clear,Medium,14,59.56,65.43,5.87,0
2.08,33,13,5,Low,Clear,High,11,48.32,56.32,8.0,0
8.02,22,1,9,Low,Clear,Medium,13,61.08,61.85,0.77,0
5.66,12,0,1,Low,Clear,Medium,12,41.64,52.67,11.03,1
5.02,24,25,6,Medium,Clear,Medium,14,51.08,62.96,11.88,1
10.56,26,13,10,Low,Clear,Medium,13,75.24,83.25,8.01,0
11.72,33,2,3,Low,Clear,Low,15,86.88,91.08,4.2,0
10.54,6,25,4,Low,Clear,Medium,20,55.16,63.15,7.99,0
2.71,17,15,6,Low,Rain,Medium,12,34.84,46.96,12.12,1
3.04,10,10,1,Low,Clear,Medium,8,29.16,36.27,7.11,1
8.04,22,13,1,Low,Clear,Medium,20,61.16,74.84,13.68,1
3.82,20,6,3,Low,Clear,Medium,10,42.28,50.92,8.64,1
8.95,19,27,10,Low,Clear,Medium,21,61.8,70.18,8.38,0
7.01,35,23,3,High,Clear,Medium,15,70.04,92.64,22.6,1
6.84,21,5,9,Low,Clear,Low,15,55.36,56.58,1.22,0
10.03,17,22,5,Low,Rain,Medium,14,64.12,75.52,11.4,0
8.67,7,5,9,Medium,Clear,Low,18,48.68,52.48,3.8,0
0.81,13,13,4,Low,Clear,Low,17,23.24,24.92,1.68,0
1.07,32,22,10,Medium,Clear,Medium,21,43.28,54.59,11.31,1
7.42,19,1,5,Low,Clear,Low,8,55.68,53.83,-1.85,0
6.09,33,21,9,Medium,Clear,Low,10,64.36,71.1,6.74,0
3.49,21,6,10,High,Rain,High,12,41.96,65.48,23.52,1
5.31,21,20,5,Low,Rain,Medium,10,49.24,62.36,13.12,1
9.22,18,14,8,Low,Clear,Medium,22,61.88,69.97,8.09,0
10.01,22,0,2,Medium,Clear,Medium,9,69.04,83.95,14.91,1
6.95,7,22,6,High,Clear,Medium,9,41.8,59.32,17.52,1
4.93,6,7,5,Low,Clear,High,14,32.72,43.15,10.43,1
3.61,19,28,11,Medium,Clear,Low,11,40.44,50.75,10.31,1
6.5,23,25,11,Low,Rain,Low,12,56.0,67.89,11.89,1
4.12,22,5,9,Medium,Clear,Low,17,45.48,48.64,3.16,0
6.99,18,18,11,Low,Clear,High,16,52.96,64.91,11.95,1
8.28,14,10,11,Medium,Clear,Low,20,54.12,57.59,3.47,0
1.26,26,18,9,Low,Clear,Medium,14,38.04,46.0,7.96,1
0.51,23,16,7,Medium,Rain,Medium,22,32.04,41.8,9.76,1
2.94,6,8,3,Low,Rain,High,10,24.76,37.93,13.17,1
10.79,19,19,9,Medium,Rain,Medium,10,69.16,80.39,11.23,0
7.93,27,7,3,Medium,Rain,Medium,13,65.72,81.62,15.9,1
2.48,29,27,3,Medium,Clear,High,9,45.92,67.03,21.11,1
10.74,13,28,10,High,Clear,Low,8,62.96,83.46,20.5,1
5.9,33,4,2,Medium,Clear,Medium,13,63.6,77.22,13.62,1
5.98,25,21,2,Medium,Clear,Low,16,55.92,71.67,15.75,1
11.26,18,27,6,Low,Clear,Low,12,70.04,75.76,5.72,0
1.18,24,3,7,High,Clear,Low,12,35.72,47.7,11.98,1
2.97,32,22,1,Medium,Rain,Medium,9,50.88,73.57,22.69,1
7.24,12,28,5,Low,Clear,Low,9,47.96,55.76,7.8,0
2.75,9,6,3,Low,Rain,Medium,21,27.0,36.09,9.09,1
8.31,18,17,4,Medium,Rain,Medium,8,58.24,68.75,10.51,0
2.96,7,23,2,Medium,Rain,Medium,18,25.84,47.27,21.43,1
1.64,30,10,8,Medium,Clear,Medium,18,43.56,48.95,5.39,0
2.88,35,7,6,Medium,Clear,High,11,53.52,68.54,15.02,1
5.36,23,11,11,Low,Clear,Medium,11,51.44,55.54,4.1,0
2.53,35,10,1,High,Clear,Low,13,52.12,70.04,17.92,1
2.05,7,21,9,Medium,Clear,Low,17,22.2,35.8,13.6,1
10.39,24,11,11,Medium,Rain,High,8,72.56,88.72,16.16,1
4.18,18,11,6,Medium,Clear,High,20,41.72,54.5,12.78,1
4.65,13,28,8,Medium,Clear,Medium,13,38.6,52.7,14.1,1
1.14,14,17,5,Medium,Rain,Low,15,25.56,37.59,12.03,1
4.61,21,27,7,Medium,Clear,Medium,21,46.44,61.12,14.68,1
3.55,24,21,10,High,Rain,Medium,9,45.2,62.73,17.53,1
7.52,10,26,6,High,Clear,Medium,22,47.08,66.35,19.27,1
2.86,24,5,7,Low,Clear,Low,17,42.44,42.85,0.41,0
10.72,33,28,11,Low,Clear,Medium,14,82.88,89.64,6.76,0
11.19,5,28,6,Medium,Clear,Medium,9,56.76,69.46,12.7,1
1.65,32,1,2,Medium,Clear,High,9,45.6,59.18,13.58,1
1.74,23,10,8,Medium,Rain,Low,20,36.96,47.81,10.85,1
1.83,15,12,8,High,Rain,High,14,29.32,51.14,21.82,1
7.63,27,12,3,Low,Clear,Medium,19,64.52,72.96,8.44,0
1.9,24,23,9,Low,Clear,Medium,20,38.6,45.92,7.32,0
10.3,28,20,1,High,Clear,High,14,76.2,104.86,28.66,1
9.17,7,6,4,High,Clear,Medium,12,50.68,69.16,18.48,1
9.93,6,18,10,Low,Clear,Low,12,52.72,54.13,1.41,0
6.55,24,29,7,Low,Clear,Low,17,57.2,62.24,5.04,0
11.96,14,13,7,Low,Clear,High,18,68.84,78.01,9.17,0
1.01,12,27,7,Medium,Clear,Medium,13,23.04,33.31,10.27,1
5.11,18,19,2,Medium,Clear,Medium,16,45.44,62.56,17.12,1
4.23,27,27,11,Low,Rain,Medium,16,50.92,60.87,9.95,0
11.41,10,27,4,Low,Clear,Low,10,62.64,67.23,4.59,0
7.13,35,0,9,Medium,Clear,Low,15,70.52,75.57,5.05,0
9.77,18,24,11,Medium,Clear,High,19,64.08,82.97,18.89,1
2.46,9,5,3,Medium,Clear,Medium,22,25.84,37.94,12.1,1
11.75,7,24,7,Low,Rain,Low,13,61.0,68.59,7.59,0
6.23,31,24,1,Low,Clear,Medium,11,62.92,78.47,15.55,1
6.18,8,7,7,Low,Rain,High,21,39.72,50.09,10.37,1
11.67,17,1,5,High,Clear,Low,21,70.68,83.22,12.54,0
4.88,25,12,1,Low,Clear,Low,20,51.52,62.11,10.59,1
5.07,20,9,8,Medium,Clear,Medium,13,47.28,51.72,4.44,0
7.22,13,16,11,Medium,Clear,Low,12,48.88,58.48,9.6,0
1.97,8,2,1,High,Clear,Low,17,22.88,43.19,20.31,1
4.19,27,1,10,Low,Clear,Low,11,50.76,52.16,1.4,0
2.72,20,13,10,Low,Clear,Low,19,37.88,34.97,-2.91,0
1.69,6,23,7,Medium,Clear,Medium,13,19.76,31.35,11.59,1
10.46,10,9,10,Low,Clear,Low,12,58.84,62.43,3.59,0
7.28,22,9,4,Medium,Clear,Medium,20,58.12,69.68,11.56,0
4.62,10,4,8,Low,Clear,Medium,13,35.48,39.69,4.21,0
5.2,17,8,8,High,Storm,Low,9,44.8,66.19,21.39,1
5.46,8,8,7,Medium,Clear,Low,19,36.84,42.72,5.88,0
7.78,29,7,10,Low,Clear,High,12,67.12,77.93,10.81,0
11.16,24,10,10,Medium,Clear,Medium,17,75.64,84.96,9.32,0
11.23,29,8,9,Medium,Clear,Medium,17,80.92,89.68,8.76,0
5.0,6,20,7,Medium,Clear,Medium,9,33.0,45.78,12.78,1
4.29,16,10,11,Low,Clear,High,8,40.16,48.36,8.2,1
5.69,13,22,7,Low,Storm,Low,20,42.76,52.97,10.21,1
7.03,24,18,8,Medium,Rain,Low,8,59.12,69.73,10.61,0
5.81,30,19,3,Low,Clear,High,12,60.24,76.22,15.98,1
8.08,12,17,4,High,Rain,Low,19,51.32,71.57,20.25,1
6.88,28,27,10,Low,Clear,Medium,10,62.52,72.78,10.26,0
4.19,22,7,6,Medium,Storm,Low,15,45.76,59.02,13.26,1
4.48,30,29,6,Low,Clear,Medium,9,54.92,63.38,8.46,0
4.85,7,6,9,Medium,Storm,Medium,16,33.4,48.42,15.02,1
1.59,35,4,4,Low,Clear,Medium,18,48.36,54.66,6.3,0
2.41,18,24,3,Low,Clear,Medium,11,34.64,43.16,8.52,1
8.82,13,26,1,Low,Rain,Low,12,55.28,71.53,16.25,1
4.97,10,2,3,Medium,Clear,Low,15,36.88,50.98,14.1,1
2.97,35,17,6,Low,Clear,Medium,19,53.88,57.27,3.39,0
6.97,32,15,8,Medium,Clear,Low,16,66.88,74.19,7.31,0
9.19,9,6,4,Low,Clear,Medium,18,52.76,59.72,6.96,0
3.46,18,15,5,Medium,Clear,Medium,14,38.84,49.85,11.01,1
10.01,27,20,3,Medium,Clear,Medium,9,74.04,87.11,13.07,0
11.17,23,17,9,Low,Clear,Medium,22,74.68,82.11,7.43,0
7.37,10,15,6,Low,Rain,Medium,19,46.48,54.41,7.93,0
8.19,16,26,2,Low,Clear,Medium,8,55.76,67.1,11.34,1
1.1,16,6,7,Medium,Rain,Low,12,27.4,37.5,10.1,1
11.37,13,18,4,High,Clear,High,14,65.48,89.41,23.93,1
5.01,34,9,10,Low,Rain,Low,9,61.04,63.91,2.87,0
11.12,11,29,3,Medium,Rain,Medium,20,62.48,81.19,18.71,1
7.16,26,7,10,Medium,Rain,Low,10,61.64,68.88,7.24,0
0.55,33,26,8,Medium,Clear,Medium,11,42.2,51.11,8.91,1
0.94,29,18,2,Medium,Clear,Medium,12,39.76,57.88,18.12,1
8.32,29,6,9,High,Rain,Low,22,69.28,85.08,15.8,1
6.97,9,22,8,Medium,Clear,Medium,11,43.88,54.61,10.73,1
0.81,9,7,6,Medium,Clear,Low,14,19.24,24.58,5.34,1
9.05,29,7,2,Low,Clear,Medium,18,72.2,82.83,10.63,0
10.3,28,10,6,Medium,Rain,Medium,10,76.2,88.69,12.49,0
6.21,27,20,7,High,Clear,Medium,9,58.84,73.14,14.3,1
5.86,17,11,2,High,Clear,Medium,9,47.44,69.62,22.18,1
0.56,21,17,4,Low,Rain,Medium,10,30.24,39.29,9.05,1
9.55,5,16,8,Medium,Clear,Low,12,50.2,58.76,8.56,0
4.3,14,5,7,Low,Clear,High,22,38.2,44.07,5.87,0
10.61,21,6,11,Medium,Clear,Medium,21,70.44,76.04,5.6,0
4.79,8,9,3,Low,Clear,Medium,16,34.16,42.9,8.74,1
7.0,9,6,9,Medium,Clear,Medium,22,44.0,52.1,8.1,0
3.61,6,27,5,Low,Clear,Medium,8,27.44,36.05,8.61,1
2.35,11,11,3,Low,Clear,Low,16,27.4,31.81,4.41,0
9.41,35,12,11,Low,Rain,Low,14,79.64,85.45,5.81,0
6.21,26,20,7,Low,Rain,Medium,9,57.84,68.43,10.59,0
6.67,34,23,6,Low,Rain,Low,16,67.68,77.61,9.93,0
11.6,12,20,4,Medium,Clear,Low,14,65.4,75.77,10.37,0
11.58,23,16,10,Medium,Clear,Medium,19,76.32,85.32,9.0,0
10.34,32,29,1,Medium,Rain,Medium,14,80.36,101.47,21.11,1
2.66,15,26,2,Medium,Clear,Medium,14,32.64,47.78,15.14,1
7.33,25,6,2,Low,Clear,Medium,11,61.32,72.17,10.85,0
10.6,26,4,8,Medium,Clear,Medium,15,75.4,84.79,9.39,0
4.81,30,11,2,Medium,Clear,Low,9,56.24,66.66,10.42,0
1.66,35,25,9,Low,Clear,Medium,16,48.64,57.15,8.51,0
9.83,24,28,3,Medium,Clear,Medium,13,70.32,86.57,16.25,1
6.04,23,21,8,Medium,Clear,Medium,12,54.16,66.8,12.64,1
6.99,31,20,9,Medium,Clear,High,13,65.96,82.69,16.73,1
11.79,26,7,10,Medium,Clear,Low,21,80.16,81.03,0.87,0
7.48,16,17,4,Low,Clear,Medium,18,52.92,63.38,10.46,0
5.39,24,5,1,Medium,Rain,Low,20,52.56,69.06,16.5,1
4.75,22,16,9,Low,Rain,Low,13,48.0,53.14,5.14,0
5.3,12,5,5,High,Storm,Medium,13,40.2,61.19,20.99,1
1.86,20,2,11,Low,Clear,Low,8,34.44,34.9,0.46,0
9.64,24,29,3,Medium,Clear,Low,18,69.56,82.35,12.79,0
10.13,33,26,7,Medium,Clear,Medium,8,80.52,90.85,10.33,0
3.77,22,20,2,Low,Clear,Medium,22,44.08,55.66,11.58,1
3.99,10,18,6,Low,Clear,Medium,18,32.96,37.48,4.52,0
10.55,35,7,1,Low,Rain,Low,14,84.2,99.29,15.09,0
0.78,22,17,9,Medium,Clear,Medium,17,32.12,42.63,10.51,1
6.49,13,22,7,High,Clear,Medium,22,45.96,67.87,21.91,1
5.83,28,16,2,Low,Storm,Medium,10,58.32,79.26,20.94,1
8.44,16,8,6,Medium,Clear,Medium,19,56.76,66.54,9.78,0
2.38,16,11,5,High,Rain,High,20,32.52,52.6,20.08,1
8.19,31,25,8,Medium,Clear,Low,16,70.76,79.32,8.56,0
4.83,31,7,6,Medium,Clear,Medium,17,57.32,65.87,8.55,0
7.62,21,28,6,Low,Rain,High,15,58.48,72.81,14.33,1
0.96,16,22,10,Low,Rain,Medium,10,26.84,36.31,9.47,1
5.81,31,26,6,Low,Rain,High,22,61.24,77.28,16.04,1
6.51,10,15,9,Low,Clear,Medium,12,43.04,49.92,6.88,0
2.96,28,6,10,Medium,Clear,Medium,13,46.84,52.37,5.53,0
2.11,23,1,10,Medium,Clear,Low,22,38.44,43.21,4.77,0
2.67,31,16,11,Low,Clear,Low,8,48.68,52.99,4.31,0
4.46,18,11,8,High,Clear,Medium,14,42.84,56.86,14.02,1
1.61,30,3,7,Low,Clear,Medium,16,43.44,45.66,2.22,0
11.39,5,27,6,Low,Clear,Medium,11,57.56,66.84,9.28,0
5.16,28,29,3,High,Rain,High,18,55.64,80.29,24.65,1
9.8,7,11,10,High,Clear,Low,15,53.2,65.4,12.2,1
11.71,24,20,8,Medium,Clear,Medium,11,77.84,92.11,14.27,0
1.43,11,12,10,Low,Clear,High,11,23.72,27.93,4.21,0
7.99,34,14,8,Low,Clear,High,12,72.96,84.41,11.45,0
10.52,28,18,6,Low,Clear,High,19,77.08,88.77,11.69,0
7.79,8,12,4,Medium,Clear,Medium,15,46.16,54.68,8.52,0
5.43,32,24,11,Low,Clear,High,19,60.72,73.56,12.84,1
5.46,12,5,9,Medium,Clear,Medium,18,40.84,50.84,10.0,1
0.91,21,20,10,Low,Clear,Low,20,31.64,33.29,1.65,0
6.65,7,29,7,Medium,Clear,Low,20,40.6,48.99,8.39,1
11.93,8,25,6,Low,Clear,Medium,17,62.72,70.77,8.05,0
11.53,12,1,1,Medium,Clear,High,13,65.12,86.28,21.16,1
0.96,21,3,1,Medium,Clear,Medium,18,31.84,46.36,14.52,1
8.62,21,18,8,High,Clear,Medium,22,62.48,79.0,16.52,1
3.97,31,27,3,High,Clear,Medium,12,53.88,74.95,21.07,1
10.88,10,25,1,Medium,Clear,Medium,15,60.52,80.57,20.05,1
1.02,28,27,9,Low,Rain,Low,21,39.08,49.57,10.49,1
11.26,5,4,7,High,Clear,Medium,16,57.04,71.05,14.01,1
10.13,14,15,2,High,Clear,Low,10,61.52,79.81,18.29,1
1.85,10,21,6,High,Rain,Medium,13,24.4,44.53,20.13,1
1.19,8,18,6,Medium,Clear,Medium,11,19.76,28.76,9.0,1
10.1,23,23,1,Low,Rain,Medium,15,70.4,87.01,16.61,1
2.29,32,6,7,Medium,Clear,Medium,22,48.16,58.77,10.61,1
6.65,25,13,5,Low,Rain,High,20,58.6,74.48,15.88,1
11.03,31,13,10,Low,Rain,High,22,82.12,91.14,9.02,0
7.03,23,28,2,Low,Storm,Low,19,58.12,78.88,20.76,1
5.07,6,6,10,Medium,Clear,Low,15,33.28,40.2,6.92,1
5.62,15,9,1,Low,Clear,Low,17,44.48,51.86,7.38,0
1.23,30,0,9,Medium,Clear,Low,15,41.92,44.98,3.06,0
11.64,6,4,9,Medium,Clear,Low,8,59.56,63.21,3.65,0
4.07,8,29,5,Medium,Rain,High,9,31.28,54.88,23.6,1
2.68,30,25,4,Low,Clear,High,16,47.72,65.02,17.3,1
3.79,6,7,2,High,Rain,Low,17,28.16,46.72,18.56,1
11.59,34,21,4,Low,Clear,Medium,11,87.36,93.64,6.28,0
1.58,28,17,8,Low,Clear,High,8,41.32,53.27,11.95,1
10.47,25,27,8,Medium,Clear,Medium,9,73.88,87.37,13.49,0
8.64,21,9,2,Low,Clear,High,12,62.56,79.85,17.29,1
10.05,7,29,1,Medium,Clear,High,20,54.2,76.88,22.68,1
11.72,17,11,7,Low,Clear,High,14,70.88,81.53,10.65,0
10.18,30,21,7,High,Storm,Medium,22,77.72,101.46,23.74,1
11.35,33,11,11,Low,Rain,Medium,21,85.4,94.85,9.45,0
1.96,18,20,9,High,Rain,Low,20,32.84,49.77,16.93,1
9.65,31,10,7,Medium,Clear,High,22,76.6,93.4,16.8,1
6.78,29,25,7,Low,Clear,Low,11,63.12,69.01,5.89,0
6.75,6,19,8,Medium,Clear,Medium,22,40.0,50.17,10.17,1
10.84,24,8,5,Low,Clear,Low,21,74.36,76.24,1.88,0
11.68,24,28,8,High,Clear,Medium,19,77.72,96.12,18.4,1
8.61,21,21,3,Medium,Rain,Low,10,62.44,75.33,12.89,1
6.05,28,12,10,Medium,Clear,High,12,59.2,76.45,17.25,1
5.75,32,4,10,Low,Rain,Medium,17,62.0,72.0,10.0,0
4.94,22,29,5,High,Clear,Medium,8,48.76,67.21,18.45,1
4.66,14,22,6,Medium,Clear,Medium,20,39.64,52.44,12.8,1
5.0,35,20,6,Medium,Clear,Medium,14,62.0,77.1,15.1,1
1.53,34,24,9,Low,Rain,Medium,8,47.12,60.39,13.27,1
1.39,26,18,2,Low,Clear,High,12,38.56,54.55,15.99,1
9.47,24,6,4,Medium,Rain,High,13,68.88,85.9,17.02,1
5.63,8,7,7,Medium,Clear,Medium,17,37.52,42.48,4.96,0
11.2,17,2,8,Medium,Rain,High,17,68.8,84.75,15.95,1
7.54,11,1,4,Medium,Clear,Medium,13,48.16,59.85,11.69,1
0.9,20,21,2,Medium,Clear,Medium,17,30.6,50.3,19.7,1
2.31,30,25,6,Medium,Rain,Medium,21,46.24,62.64,16.4,1
2.87,11,4,8,Medium,Rain,Medium,13,29.48,40.98,11.5,1
11.72,35,17,9,Low,Clear,Medium,13,88.88,93.28,4.4,0
3.02,9,3,1,High,Clear,Medium,9,28.08,50.32,22.24,1
6.43,8,12,1,Low,Rain,Medium,13,40.72,55.86,15.14,1
11.27,35,23,5,Medium,Clear,Medium,12,87.08,99.73,12.65,0
11.74,8,24,7,High,Storm,Medium,19,61.96,86.23,24.27,1
3.22,27,28,1,Medium,Clear,Medium,9,46.88,68.52,21.64,1
1.06,28,9,2,Low,Clear,High,16,39.24,56.69,17.45,1
2.27,15,28,5,Medium,Clear,Low,19,31.08,41.43,10.35,1
1.23,6,23,4,Low,Clear,Low,11,17.92,25.18,7.26,1
2.74,14,10,8,Low,Clear,Medium,9,31.96,38.79,6.83,1
7.04,7,9,1,Medium,Rain,Low,18,42.16,62.5,20.34,1
10.99,25,3,10,Medium,Clear,Low,16,75.96,80.35,4.39,0
6.68,32,27,2,Low,Clear,Medium,16,65.72,81.16,15.44,1
7.7,35,6,5,High,Clear,Low,21,72.8,87.02,14.22,0
2.82,29,8,11,Low,Rain,Medium,9,47.28,56.22,8.94,0
9.71,29,12,8,High,Rain,Low,10,74.84,86.24,11.4,0
7.6,32,4,11,Medium,Clear,Low,15,69.4,72.77,3.37,0
10.44,28,24,1,High,Rain,Medium,16,76.76,107.06,30.3,1
11.41,25,20,8,Medium,Clear,High,21,77.64,91.84,14.2,0
4.5,35,4,1,High,Clear,Medium,17,60.0,84.68,24.68,1
1.54,14,4,7,Medium,Rain,Medium,11,27.16,41.68,14.52,1
3.1,17,0,4,Low,Clear,Medium,20,36.4,40.22,3.82,0
5.54,33,28,9,Low,Clear,Medium,14,62.16,68.69,6.53,0
11.38,14,13,2,Medium,Clear,Medium,21,66.52,81.4,14.88,1
4.85,14,19,10,Low,Clear,Low,12,40.4,43.36,2.96,0
9.36,9,4,6,High,Clear,Low,19,53.44,67.31,13.87,1
6.72,13,6,6,Low,Clear,Medium,16,46.88,49.01,2.13,0
2.6,23,16,7,High,Rain,Medium,16,40.4,61.08,20.68,1
4.19,32,6,1,Medium,Clear,High,22,55.76,78.74,22.98,1
8.01,9,18,4,Medium,Clear,Medium,10,48.04,62.28,14.24,1
8.24,26,27,8,High,Storm,Medium,12,65.96,93.23,27.27,1
5.5,28,9,11,Low,Rain,Medium,10,57.0,64.48,7.48,0
3.13,32,18,11,Medium,Clear,Medium,20,51.52,65.82,14.3,1
8.8,28,27,6,Low,Clear,Medium,20,70.2,78.11,7.91,0
2.44,9,26,3,Medium,Clear,Low,20,25.76,40.86,15.1,1
11.27,20,0,6,Medium,Clear,High,11,72.08,82.76,10.68,0
2.66,34,3,6,Low,Clear,Medium,11,51.64,51.56,-0.08,0
1.73,33,29,5,Low,Clear,Medium,14,46.92,55.18,8.26,0
6.22,23,27,4,Low,Clear,Medium,19,54.88,64.97,10.09,0
6.47,34,9,10,Low,Clear,High,19,66.88,75.39,8.51,0
6.34,25,15,5,Medium,Clear,Low,22,57.36,63.04,5.68,0
5.52,7,17,1,Low,Clear,High,19,36.08,55.73,19.65,1
11.94,33,20,8,High,Rain,Low,22,87.76,106.23,18.47,1
6.09,10,22,8,High,Clear,Low,11,41.36,55.15,13.79,1
6.0,16,11,5,High,Clear,High,17,47.0,65.57,18.57,1
5.35,12,26,7,Medium,Clear,Low,15,40.4,47.5,7.1,0
1.27,27,1,11,Low,Clear,Medium,10,39.08,42.79,3.71,0
7.32,5,0,11,Medium,Clear,Medium,22,41.28,51.04,9.76,1
3.12,24,28,9,Medium,Clear,High,9,43.48,62.84,19.36,1
7.83,31,5,7,High,Rain,Medium,20,69.32,85.12,15.8,1
1.08,29,29,1,Low,Clear,Medium,12,40.32,61.1,20.78,1
11.79,14,8,6,Low,Clear,High,11,68.16,76.04,7.88,0
5.89,32,10,10,High,Clear,Low,17,62.56,72.53,9.97,0
10.81,16,0,10,Medium,Clear,Medium,15,66.24,70.52,4.28,0
5.97,26,28,9,Low,Clear,Medium,13,56.88,63.33,6.45,0
1.19,20,10,11,Medium,Clear,Medium,21,31.76,41.43,9.67,1
9.96,7,5,6,Low,Clear,Medium,18,53.84,57.33,3.49,0
7.95,5,14,2,Medium,Clear,High,17,43.8,62.34,18.54,1
9.49,10,4,6,Low,Rain,Medium,19,54.96,60.07,5.11,0
5.42,33,23,4,Low,Clear,High,20,61.68,73.11,11.43,0
7.84,34,2,10,Low,Rain,Low,10,72.36,73.98,1.62,0
10.35,17,14,9,Low,Clear,Medium,14,65.4,73.23,7.83,0
7.76,35,11,5,Medium,Clear,Medium,21,73.04,85.85,12.81,0
4.5,6,1,5,Low,Clear,Medium,20,31.0,37.93,6.93,1
8.12,34,1,2,Medium,Clear,Medium,8,73.48,88.05,14.57,0
8.23,12,15,1,Medium,Clear,Medium,11,51.92,68.94,17.02,1
11.55,6,11,4,Medium,Storm,Medium,11,59.2,77.06,17.86,1
4.77,28,3,3,Medium,Rain,Low,15,54.08,67.19,13.11,1
5.39,16,4,3,Low,Clear,Low,20,44.56,48.87,4.31,0
9.84,14,24,11,Low,Clear,Medium,15,60.36,68.98,8.62,0
6.32,28,21,8,Medium,Rain,Medium,10,60.28,78.34,18.06,1
8.97,15,18,7,High,Rain,Low,16,57.88,74.91,17.03,1
5.79,28,25,2,High,Clear,High,11,58.16,90.72,32.56,1
2.98,11,2,10,High,Clear,Low,18,29.92,38.07,8.15,1
9.07,7,20,8,Medium,Clear,High,22,50.28,66.17,15.89,1
2.01,15,22,6,High,Clear,High,17,30.04,52.07,22.03,1
2.78,23,6,6,Low,Clear,Medium,21,41.12,43.35,2.23,0
7.71,11,16,7,Medium,Clear,High,16,48.84,64.64,15.8,1
9.09,9,23,10,High,Clear,Low,20,52.36,70.02,17.66,1
10.79,28,18,8,Medium,Clear,Medium,22,78.16,93.17,15.01,0
3.63,20,7,6,Low,Clear,High,10,41.52,50.74,9.22,1
1.77,18,19,8,Low,Clear,High,17,32.08,39.08,7.0,1
11.49,12,22,11,Low,Clear,Low,11,64.96,70.31,5.35,0
2.28,5,0,4,Low,Clear,Low,9,21.12,24.6,3.48,0
2.77,6,17,10,Medium,Clear,Low,11,24.08,31.01,6.93,1
3.85,26,15,7,Medium,Rain,High,10,48.4,65.83,17.43,1
6.59,7,11,3,Low,Clear,Low,10,40.36,45.59,5.23,0
10.65,12,1,11,Medium,Clear,Medium,8,61.6,68.53,6.93,0
9.25,33,2,8,Low,Clear,Medium,22,77.0,82.43,5.43,0
8.64,15,22,5,Medium,Rain,Medium,14,56.56,73.74,17.18,1
2.51,28,24,3,Low,Clear,Medium,10,45.04,54.3,9.26,1
4.61,15,12,11,Medium,Clear,Medium,13,40.44,48.82,8.38,1
6.0,33,28,10,Medium,Clear,Medium,19,64.0,73.42,9.42,0
2.2,30,27,1,Medium,Clear,Medium,17,45.8,69.88,24.08,1
3.64,19,19,7,Medium,Rain,Medium,8,40.56,56.1,15.54,1
4.05,26,17,2,Low,Clear,Medium,10,49.2,57.6,8.4,0
1.96,17,28,4,Medium,Rain,Medium,16,31.84,49.31,17.47,1
6.83,34,18,7,Low,Clear,Medium,22,68.32,74.35,6.03,0
8.61,16,28,3,Medium,Rain,Medium,9,57.44,75.53,18.09,1
1.3,30,29,6,Medium,Storm,Medium,20,42.2,65.07,22.87,1
6.03,24,5,5,Medium,Clear,Low,8,55.12,62.15,7.03,0
9.5,24,19,7,High,Clear,Low,15,69.0,83.34,14.34,1
9.1,15,21,9,Low,Clear,High,11,58.4,68.32,9.92,0
9.87,30,24,2,Medium,Clear,High,14,76.48,97.01,20.53,1
5.65,28,10,9,Low,Rain,Low,21,57.6,62.69,5.09,0
9.94,30,25,3,Medium,Clear,Medium,11,76.76,91.85,15.09,0
3.27,29,14,1,Medium,Clear,Medium,17,49.08,66.87,17.79,1
4.65,9,11,5,Medium,Clear,Medium,12,34.6,44.92,10.32,1
2.53,32,4,4,High,Clear,Low,17,49.12,58.85,9.73,0
5.88,31,9,3,Medium,Clear,High,8,61.52,76.8,15.28,1
5.01,12,29,5,Low,Rain,Low,12,39.04,47.77,8.73,1
3.27,35,21,10,High,Clear,High,22,55.08,79.41,24.33,1
9.15,21,21,7,High,Clear,Low,18,64.6,80.49,15.89,1
4.11,14,26,9,Low,Clear,Medium,22,37.44,45.63,8.19,1
3.64,11,8,2,Low,Clear,Low,18,32.56,40.96,8.4,1
2.01,16,19,1,Low,Clear,Low,10,31.04,42.64,11.6,1
5.55,6,11,4,Medium,Clear,High,14,35.2,52.55,17.35,1
3.98,26,25,9,High,Clear,Medium,21,48.92,67.79,18.87,1
4.75,26,12,10,Medium,Clear,Low,18,52.0,60.96,8.96,0
3.21,25,25,2,Low,Clear,High,15,44.84,60.13,15.29,1
9.28,22,22,6,Low,Clear,Low,21,66.12,68.91,2.79,0
11.2,16,23,5,Medium,Clear,Low,9,67.8,76.95,9.15,0
6.23,27,27,9,Low,Clear,Low,22,58.92,65.31,6.39,0
7.89,32,23,3,Low,Clear,Medium,9,70.56,86.96,16.4,1
10.47,7,9,6,Low,Clear,High,22,55.88,61.06,5.18,0
11.99,16,15,10,Low,Clear,Low,20,70.96,73.89,2.93,0
7.56,35,14,6,Low,Rain,Medium,15,72.24,80.88,8.64,0
10.73,31,1,9,Medium,Clear,Low,15,80.92,85.6,4.68,0
10.95,35,17,7,Low,Storm,Low,8,85.8,100.67,14.87,0
9.6,10,13,7,Low,Clear,Medium,12,55.4,62.75,7.35,0
5.8,19,11,3,Medium,Clear,Medium,11,49.2,59.19,9.99,1
1.43,9,3,11,High,Clear,Medium,18,21.72,38.39,16.67,1
0.68,31,15,3,Medium,Rain,Low,10,40.72,57.73,17.01,1
5.99,21,17,11,Medium,Rain,Low,20,51.96,62.89,10.93,1
6.18,12,3,11,Medium,Clear,Medium,12,43.72,48.08,4.36,0
5.18,7,19,6,Medium,Clear,Medium,20,34.72,45.22,10.5,1
7.03,27,5,10,Medium,Rain,Medium,13,62.12,74.06,11.94,0
6.85,30,4,8,Medium,Rain,Low,19,64.4,74.19,9.79,0
10.12,32,12,9,Medium,Storm,Medium,18,79.48,93.34,13.86,0
1.75,35,11,1,Medium,Clear,Low,22,49.0,61.66,12.66,1
3.09,30,27,2,Low,Clear,Medium,15,49.36,65.96,16.6,1
9.62,29,2,1,Low,Clear,Medium,13,74.48,88.88,14.4,0
10.25,30,10,1,Low,Rain,Low,17,78.0,91.86,13.86,0
11.94,35,22,10,Low,Clear,Medium,8,89.76,99.46,9.7,0
10.54,19,7,2,Medium,Clear,Medium,22,68.16,83.47,15.31,1
10.73,28,29,1,Medium,Clear,Medium,18,77.92,100.65,22.73,1
4.12,30,22,11,Low,Clear,High,8,53.48,65.17,11.69,1
5.12,8,28,4,Low,Rain,Medium,10,35.48,50.04,14.56,1
3.58,26,28,9,Low,Clear,Low,8,47.32,50.48,3.16,0
7.47,15,3,11,Medium,Rain,Medium,18,51.88,63.92,12.04,1
11.3,9,13,6,Low,Clear,Medium,17,61.2,64.3,3.1,0
4.46,10,22,11,Low,Clear,Medium,10,34.84,43.68,8.84,1
6.91,8,0,11,Low,Clear,Medium,16,42.64,44.76,2.12,0
3.91,32,13,2,Medium,Clear,Low,15,54.64,67.98,13.34,1
2.45,28,20,2,Low,Clear,Low,15,44.8,52.89,8.09,0
2.74,8,23,5,Medium,Rain,Low,17,25.96,36.55,10.59,1
1.17,24,12,7,Medium,Clear,High,20,35.68,49.82,14.14,1
11.42,25,25,9,High,Clear,Medium,21,77.68,97.19,19.51,1
5.13,21,20,3,Medium,Clear,Medium,10,48.52,65.71,17.19,1
10.09,23,1,3,Low,Clear,Medium,22,70.36,75.26,4.9,0
8.34,33,8,4,Low,Clear,High,16,73.36,80.96,7.6,0
2.71,21,28,3,Medium,Clear,High,10,38.84,57.49,18.65,1
2.52,25,0,11,Low,Clear,Medium,21,42.08,42.95,0.87,0
9.84,22,3,5,High,Clear,Medium,13,68.36,85.09,16.73,1
3.54,17,10,10,Medium,Clear,High,14,38.16,53.84,15.68,1
11.0,32,29,1,Low,Clear,Medium,22,83.0,97.81,14.81,0
2.11,17,21,2,Low,Clear,Medium,16,32.44,49.06,16.62,1
8.29,29,4,9,High,Clear,Medium,10,69.16,85.52,16.36,1
9.87,23,11,3,High,Clear,Medium,9,69.48,85.42,15.94,1
3.21,26,28,1,High,Clear,Medium,20,45.84,70.38,24.54,1
3.68,28,6,7,Low,Clear,Medium,13,49.72,50.6,0.88,0
11.59,27,17,2,Medium,Clear,Low,9,80.36,93.59,13.23,0
3.54,22,13,1,Low,Clear,Medium,8,43.16,56.79,13.63,1
5.44,24,22,5,Low,Rain,Medium,22,52.76,63.19,10.43,0
5.47,20,22,7,Medium,Clear,Low,16,48.88,53.23,4.35,0
3.41,15,24,6,High,Clear,Medium,15,35.64,50.59,14.95,1
9.42,27,3,7,Low,Clear,Low,16,71.68,72.8,1.12,0
9.38,32,13,1,Medium,Clear,High,14,76.52,99.36,22.84,1
4.85,26,20,4,Low,Clear,Low,22,52.4,54.36,1.96,0
10.1,28,12,4,Low,Clear,Low,17,75.4,77.24,1.84,0
2.95,30,20,4,Low,Clear,Medium,17,48.8,59.84,11.04,1
0.55,16,19,7,High,Clear,Low,21,25.2,36.55,11.35,1
7.07,6,11,3,Low,Clear,Medium,8,41.28,50.45,9.17,1
11.93,15,3,7,Medium,Clear,Medium,12,69.72,74.68,4.96,0
0.94,28,29,11,Low,Clear,High,20,38.76,53.22,14.46,1
2.89,30,24,8,Medium,Clear,Low,9,48.56,53.33,4.77,0
6.47,20,26,5,Low,Clear,Low,12,52.88,57.47,4.59,0
9.81,29,8,5,Low,Storm,Low,10,75.24,86.72,11.48,0
1.52,7,9,7,Medium,Clear,High,18,20.08,34.1,14.02,1
5.05,24,9,8,Medium,Clear,High,20,51.2,63.07,11.87,1
9.09,26,0,4,High,Rain,Low,11,69.36,82.96,13.6,0
4.77,20,5,1,Low,Clear,Low,18,46.08,54.61,8.53,0
2.67,27,9,8,Medium,Clear,Low,19,44.68,47.9,3.22,0
2.75,20,29,8,High,Clear,Low,21,38.0,53.6,15.6,1
5.22,21,6,2,Low,Clear,Low,21,48.88,55.91,7.03,0
6.01,23,15,7,High,Clear,High,14,54.04,73.2,19.16,1
10.41,29,16,1,High,Rain,Low,9,77.64,103.84,26.2,1
7.89,12,10,8,Medium,Rain,High,19,50.56,64.42,13.86,1
8.44,14,27,9,Medium,Clear,Low,16,54.76,60.75,5.99,0
11.8,17,2,1,Medium,Clear,High,14,71.2,89.55,18.35,1
5.24,11,26,8,Medium,Rain,Medium,16,38.96,54.41,15.45,1
5.14,15,22,2,Medium,Rain,Low,17,42.56,59.75,17.19,1
11.12,15,9,3,High,Rain,Medium,12,66.48,87.98,21.5,1
3.33,14,23,8,Low,Clear,Low,12,34.32,36.67,2.35,0
8.89,17,12,4,Medium,Clear,High,13,59.56,72.99,13.43,1
9.18,20,29,11,Medium,Clear,Medium,15,63.72,75.54,11.82,0
1.62,26,1,11,Low,Rain,High,18,39.48,48.55,9.07,1
5.88,14,0,11,Medium,Clear,High,8,44.52,57.72,13.2,1
2.81,31,16,2,Medium,Rain,Low,12,49.24,65.97,16.73,1
2.63,19,27,2,Medium,Clear,Medium,18,36.52,53.85,17.33,1
5.83,27,1,3,Medium,Rain,Medium,8,57.32,73.71,16.39,1
3.83,8,23,7,Low,Clear,Medium,19,30.32,38.81,8.49,1
9.65,10,28,5,High,Rain,Medium,19,55.6,74.48,18.88,1
10.94,19,14,9,Medium,Clear,Low,12,69.76,70.08,0.32,0
9.73,16,26,4,Medium,Clear,Medium,17,61.92,73.47,11.55,0
3.56,20,22,3,Low,Clear,Medium,15,41.24,53.83,12.59,1
3.65,9,6,8,Low,Rain,Low,11,30.6,36.58,5.98,0
3.43,19,25,7,High,Clear,High,10,39.72,58.4,18.68,1
2.05,26,20,8,Low,Clear,High,22,41.2,53.52,12.32,1
11.35,27,0,4,Low,Storm,Medium,20,79.4,93.64,14.24,0
5.12,12,17,6,Medium,Rain,Low,21,39.48,52.67,13.19,1
3.08,15,19,11,Medium,Clear,Medium,10,34.32,47.02,12.7,1
10.24,21,24,7,High,Rain,Low,22,68.96,89.46,20.5,1
5.09,21,23,11,Medium,Clear,Medium,17,48.36,60.94,12.58,1
0.9,29,14,5,High,Clear,Medium,15,39.6,56.31,16.71,1
2.36,17,8,1,Medium,Clear,Low,13,33.44,46.37,12.93,1
7.85,25,5,9,Medium,Rain,Low,11,63.4,73.04,9.64,0
9.5,32,2,6,Medium,Clear,Low,12,77.0,78.74,1.74,0
2.93,14,19,1,Medium,Clear,Medium,10,32.72,51.24,18.52,1
11.05,30,28,2,Low,Clear,Medium,19,81.2,96.88,15.68,0
10.29,15,2,4,Low,Clear,Low,22,63.16,68.38,5.22,0
10.26,15,21,3,Medium,Rain,High,22,63.04,84.28,21.24,1
3.12,25,17,8,Medium,Clear,Medium,21,44.48,56.81,12.33,1
1.08,24,5,7,Medium,Rain,Low,9,35.32,42.93,7.61,1
10.48,22,6,4,Medium,Clear,Medium,19,70.92,83.09,12.17,0
4.02,12,8,1,Medium,Rain,Medium,20,35.08,53.08,18.0,1
7.62,7,20,1,Low,Rain,Medium,15,44.48,63.93,19.45,1
9.24,33,8,11,Medium,Clear,Medium,16,76.96,85.37,8.41,0
1.98,32,24,4,Medium,Clear,Low,13,46.92,55.35,8.43,0
9.48,32,11,2,Low,Rain,Low,20,76.92,87.81,10.89,0
11.29,20,3,8,Medium,Clear,Low,18,72.16,79.4,7.24,0
8.88,32,2,10,Medium,Clear,Low,17,74.52,76.88,2.36,0
5.57,19,12,2,Medium,Clear,Medium,8,48.28,60.71,12.43,1
10.58,7,12,11,Medium,Rain,High,22,56.32,73.52,17.2,1
6.57,11,22,8,Low,Clear,Medium,15,44.28,48.32,4.04,0
9.06,13,14,3,Medium,Clear,High,22,56.24,77.17,20.93,1
9.94,16,4,9,Medium,Clear,Medium,18,62.76,73.64,10.88,0
9.12,34,6,5,Medium,Clear,Low,15,77.48,84.76,7.28,0
3.81,15,16,7,Low,Clear,High,19,37.24,47.42,10.18,1
1.86,23,10,2,High,Rain,Low,11,37.44,61.77,24.33,1
3.24,13,20,3,Low,Clear,Low,14,32.96,43.65,10.69,1
6.28,24,27,9,Low,Storm,High,8,56.12,75.45,19.33,1
6.31,22,10,9,Low,Rain,Medium,19,54.24,65.12,10.88,1
7.2,9,16,1,Medium,Clear,High,12,44.8,65.18,20.38,1
5.04,19,24,3,Medium,Clear,Low,9,46.16,58.57,12.41,1
9.55,8,6,7,Low,Rain,Medium,19,53.2,56.81,3.61,0
11.0,32,15,10,Medium,Clear,Low,11,83.0,90.29,7.29,0
3.34,26,9,8,Medium,Clear,Medium,11,46.36,54.57,8.21,0
8.97,34,18,8,High,Rain,High,10,76.88,99.58,22.7,1
8.3,32,22,5,High,Rain,Medium,17,72.2,92.27,20.07,1
6.52,11,4,1,Medium,Clear,Medium,13,44.08,58.72,14.64,1
2.67,26,5,9,Low,Clear,High,16,43.68,51.76,8.08,0
9.65,8,0,9,Low,Clear,High,13,53.6,63.17,9.57,0
11.55,34,0,5,High,Rain,Low,19,87.2,98.08,10.88,0
8.8,29,1,6,Medium,Clear,Low,13,71.2,77.13,5.93,0
11.06,26,21,3,Medium,Rain,High,19,77.24,99.87,22.63,1
11.82,35,27,5,High,Clear,Medium,14,89.28,108.43,19.15,1
4.55,31,12,3,High,Clear,Medium,8,56.2,75.54,19.34,1
7.84,31,26,5,Medium,Clear,Low,14,69.36,77.13,7.77,0
5.95,8,21,2,High,Clear,Low,11,38.8,59.89,21.09,1
11.85,5,24,7,Low,Rain,High,15,59.4,75.24,15.84,1
1.58,34,22,3,Medium,Clear,Medium,9,47.32,61.12,13.8,1
5.24,12,5,8,High,Rain,Medium,19,39.96,54.28,14.32,1
10.57,18,15,6,Low,Clear,Low,17,67.28,70.45,3.17,0
3.77,6,15,10,Low,Storm,Low,10,28.08,40.59,12.51,1
9.56,24,19,3,Medium,Rain,Medium,22,69.24,89.05,19.81,1
4.9,30,23,4,Medium,Clear,High,13,56.6,76.61,20.01,1
11.77,31,3,3,Low,Storm,Low,11,85.08,98.42,13.34,0
10.66,23,20,7,Low,Clear,Medium,8,72.64,79.11,6.47,0
3.97,25,24,2,Low,Clear,Medium,11,47.88,61.68,13.8,1
9.36,20,3,8,Low,Rain,Low,8,64.44,65.55,1.11,0
4.37,18,12,10,High,Rain,Medium,15,42.48,59.51,17.03,1
7.47,22,26,8,Medium,Clear,Medium,17,58.88,70.97,12.09,1
8.07,34,0,2,Medium,Storm,Low,13,73.28,90.75,17.47,1
10.04,12,4,6,Low,Clear,Medium,21,59.16,63.14,3.98,0
0.78,19,24,6,Low,Clear,Low,22,29.12,31.17,2.05,0
3.03,23,5,5,Low,Clear,Medium,12,42.12,43.82,1.7,0
8.69,22,21,6,High,Clear,High,17,63.76,86.51,22.75,1
6.98,5,27,9,High,Clear,High,14,39.92,60.65,20.73,1
6.2,13,14,10,Low,Clear,Medium,12,44.8,49.25,4.45,0
1.13,25,14,4,High,Clear,Medium,11,36.52,54.51,17.99,1
4.51,26,12,4,Low,Clear,Medium,15,51.04,56.58,5.54,0
10.45,27,11,3,Low,Clear,Medium,10,75.8,87.21,11.41,0
0.86,35,11,5,Medium,Rain,Low,18,45.44,52.13,6.69,0
5.06,25,16,7,Low,Clear,Medium,21,52.24,58.44,6.2,0
11.37,22,26,8,High,Clear,Low,13,74.48,88.18,13.7,0
1.09,15,29,3,Low,Rain,Medium,16,26.36,42.47,16.11,1
9.12,16,25,3,Medium,Clear,Medium,22,59.48,74.49,15.01,1
3.46,30,3,1,Low,Rain,Medium,18,50.84,65.39,14.55,1
10.47,19,9,2,Low,Storm,Medium,14,67.88,89.12,21.24,1
9.08,27,22,1,Low,Clear,Medium,21,70.32,84.35,14.03,0
10.69,8,16,3,High,Clear,Medium,8,57.76,76.57,18.81,1
2.98,8,10,8,Medium,Clear,High,16,26.92,39.29,12.37,1
6.61,11,9,9,Medium,Clear,Medium,11,44.44,56.19,11.75,1
9.46,11,3,11,Low,Clear,Low,10,55.84,56.26,0.42,0
3.33,23,9,6,Low,Clear,High,15,43.32,54.59,11.27,1
3.15,24,12,6,Low,Rain,Low,18,43.6,48.65,5.05,0
0.81,22,12,10,Medium,Clear,Low,19,32.24,41.02,8.78,1
11.52,13,16,2,Low,Rain,Low,19,66.08,79.09,13.01,0
8.67,22,8,7,Low,Clear,Medium,12,63.68,69.39,5.71,0
7.81,8,6,9,Medium,Clear,Medium,14,46.24,51.57,5.33,0
9.06,19,26,6,Medium,Clear,Medium,9,62.24,71.27,9.03,0
6.61,9,12,3,Low,Clear,High,17,42.44,57.98,15.54,1
5.98,7,7,7,Low,Clear,Medium,20,37.92,44.44,6.52,0
5.67,10,19,11,Low,Clear,Low,15,39.68,48.32,8.64,1
7.87,8,16,3,Medium,Clear,Medium,12,46.48,57.71,11.23,1
2.82,19,17,7,Low,Clear,Medium,12,37.28,44.65,7.37,0
10.71,21,6,1,Medium,Clear,Medium,17,70.84,84.99,14.15,0
9.84,23,21,3,Low,Clear,Medium,18,69.36,79.08,9.72,0
4.52,18,5,9,High,Clear,Medium,15,43.08,56.08,13.0,1
7.15,10,25,6,High,Clear,Medium,11,45.6,64.36,18.76,1
2.12,5,12,3,Low,Clear,Medium,14,20.48,28.55,8.07,1
11.68,27,12,4,Medium,Clear,High,12,80.72,96.19,15.47,0
10.88,35,11,2,Low,Rain,Low,9,85.52,98.38,12.86,0
11.1,13,12,9,Medium,Clear,Low,14,64.4,73.06,8.66,0
4.32,11,19,11,Medium,Clear,Medium,20,35.28,47.47,12.19,1
2.45,14,14,2,Medium,Clear,High,17,30.8,51.5,20.7,1
2.94,11,3,3,Low,Clear,Medium,10,29.76,37.08,7.32,1
1.54,11,16,10,Low,Clear,Medium,20,24.16,29.22,5.06,1
1.88,20,8,10,Medium,Clear,High,11,34.52,48.2,13.68,1
1.32,29,3,9,Medium,Rain,Medium,17,41.28,49.78,8.5,1
11.88,27,25,8,Medium,Storm,Medium,16,81.52,101.76,20.24,1
1.35,34,9,10,Medium,Clear,Medium,18,46.4,53.05,6.65,0
2.02,16,17,5,Medium,Clear,Medium,19,31.08,41.4,10.32,1
10.01,20,5,10,Medium,Clear,Medium,12,67.04,72.93,5.89,0
7.17,16,10,10,High,Clear,High,19,51.68,69.88,18.2,1
9.41,6,11,3,Medium,Clear,Low,16,50.64,59.49,8.85,0
7.76,17,4,1,High,Rain,Low,13,55.04,75.25,20.21,1
10.65,13,29,6,High,Clear,Medium,9,62.6,81.23,18.63,1
7.84,19,9,9,Low,Clear,Medium,16,57.36,57.31,-0.05,0
6.5,9,17,10,Medium,Clear,Medium,14,42.0,48.8,6.8,0
8.7,27,16,2,Medium,Clear,High,15,68.8,90.61,21.81,1
5.65,31,12,5,Low,Clear,Medium,18,60.6,66.29,5.69,0
4.48,34,17,9,Medium,Clear,High,18,58.92,71.87,12.95,1
5.88,7,16,1,Low,Clear,Low,10,37.52,50.67,13.15,1
2.45,8,2,8,Medium,Clear,Low,12,24.8,27.92,3.12,0
9.66,34,20,4,Low,Clear,Medium,21,79.64,87.48,7.84,0
3.5,31,3,1,Medium,Rain,Medium,16,52.0,69.03,17.03,1
2.27,23,13,3,Medium,Clear,Low,14,39.08,53.49,14.41,1
3.33,14,10,9,Medium,Clear,Low,22,34.32,40.79,6.47,0
10.18,21,13,10,Low,Rain,Medium,18,68.72,77.71,8.99,0
4.3,21,2,1,Medium,Clear,Medium,20,45.2,61.53,16.33,1
8.39,31,21,6,Low,Clear,Medium,15,71.56,75.05,3.49,0
10.35,21,12,3,Low,Clear,High,10,69.4,81.61,12.21,0
1.39,5,1,8,Low,Clear,Low,18,17.56,18.67,1.11,0
9.3,26,0,9,High,Clear,Medium,20,70.2,83.19,12.99,0
4.04,29,16,11,Low,Rain,Low,16,52.16,62.77,10.61,1
2.99,14,19,4,Medium,Clear,Low,14,32.96,41.69,8.73,1
8.42,8,16,4,High,Clear,Medium,9,48.68,68.77,20.09,1
10.96,9,21,4,Low,Clear,Medium,11,59.84,70.65,10.81,0
3.89,31,22,9,High,Clear,Medium,21,53.56,71.25,17.69,1
7.04,18,26,5,Low,Clear,Medium,10,53.16,62.01,8.85,0
3.83,21,29,1,Low,Clear,High,17,43.32,63.54,20.22,1
6.87,34,26,11,Low,Clear,Low,17,68.48,69.73,1.25,0
7.65,6,23,2,Medium,Rain,Medium,15,43.6,64.9,21.3,1
7.52,11,12,11,High,Clear,Medium,22,48.08,64.34,16.26,1
7.67,30,15,2,Medium,Rain,Low,18,67.68,84.85,17.17,1
2.05,21,18,6,Medium,Rain,Medium,22,36.2,49.93,13.73,1
8.48,5,5,4,Low,Rain,Low,11,45.92,53.86,7.94,0
8.26,26,20,8,High,Storm,Low,19,66.04,86.31,20.27,1
8.35,9,17,5,Medium,Clear,Low,19,49.4,59.74,10.34,1
1.35,29,15,5,Low,Clear,Low,21,41.4,42.42,1.02,0
5.64,29,25,6,High,Clear,High,14,58.56,80.34,21.78,1
5.2,30,20,11,Low,Clear,High,12,57.8,70.16,12.36,1
1.5,19,27,3,Low,Clear,Medium,20,32.0,43.37,11.37,1
3.06,13,29,3,Low,Clear,Medium,18,32.24,46.54,14.3,1
5.57,32,24,1,Low,Rain,High,12,61.28,83.39,22.11,1
9.04,22,8,9,Medium,Rain,Medium,12,65.16,77.0,11.84,0
3.23,24,5,8,Medium,Clear,Medium,19,43.92,51.56,7.64,0
10.04,9,8,7,High,Clear,Medium,16,56.16,69.61,13.45,1
6.78,24,21,1,Low,Clear,High,21,58.12,81.82,23.7,1
9.24,22,25,9,Medium,Clear,Medium,17,65.96,76.28,10.32,0
5.93,14,26,9,Medium,Clear,Low,22,44.72,49.35,4.63,0
6.24,28,20,11,Medium,Clear,Medium,12,59.96,69.35,9.39,0
7.63,9,20,11,Medium,Clear,Low,19,46.52,54.78,8.26,0
11.17,27,28,3,Medium,Clear,Low,10,78.68,91.53,12.85,0
6.16,34,20,8,Medium,Clear,Medium,18,65.64,78.68,13.04,0
6.58,22,4,5,High,Clear,Medium,14,55.32,71.08,15.76,1
7.42,8,15,7,Low,Clear,Low,15,44.68,47.04,2.36,0
8.98,22,10,4,Medium,Storm,Medium,20,64.92,80.56,15.64,1
1.33,21,19,8,Medium,Clear,Medium,9,33.32,41.55,8.23,1
6.43,22,19,11,Low,Rain,Low,11,54.72,61.46,6.74,0
6.04,13,8,8,Low,Clear,High,16,44.16,49.63,5.47,0
11.1,24,8,11,High,Clear,Medium,14,75.4,89.26,13.86,0
6.18,13,2,11,Low,Storm,Medium,16,44.72,58.96,14.24,1
5.89,22,8,2,Low,Rain,Low,14,52.56,63.85,11.29,1
11.57,23,24,11,Medium,Clear,High,8,76.28,92.17,15.89,1
5.68,25,19,10,Low,Rain,High,22,54.72,66.44,11.72,1
2.58,29,28,5,Low,Clear,Low,18,46.32,52.28,5.96,0
2.99,32,27,7,Low,Rain,Medium,17,50.96,61.84,10.88,1
1.59,29,25,7,Low,Clear,Medium,10,42.36,50.84,8.48,1
0.51,29,5,9,Low,Rain,Low,10,38.04,43.49,5.45,0
5.47,31,10,9,Medium,Rain,Medium,16,59.88,73.68,13.8,1
9.35,12,1,2,Low,Rain,High,8,56.4,72.86,16.46,1
8.93,14,2,1,Low,Rain,Medium,15,56.72,72.14,15.42,1
0.87,21,6,3,Medium,Clear,High,21,31.48,46.66,15.18,1
7.05,19,8,6,Low,Clear,Low,21,54.2,58.07,3.87,0
2.27,26,0,10,Low,Clear,High,15,42.08,47.31,5.23,0
11.32,5,25,8,Low,Rain,High,11,57.28,71.87,14.59,1
2.42,9,15,2,Low,Clear,Low,9,25.68,37.15,11.47,1
7.71,28,19,8,Low,Clear,Medium,10,65.84,71.68,5.84,0
4.25,30,19,6,Low,Rain,Medium,12,54.0,61.12,7.12,0
7.88,14,29,5,High,Clear,High,16,52.52,74.5,21.98,1
5.24,14,4,9,High,Rain,Low,18,41.96,58.54,16.58,1
9.24,22,10,4,High,Rain,Medium,14,65.96,81.42,15.46,1
3.15,19,9,7,Low,Clear,Medium,20,38.6,43.6,5.0,0
10.92,10,16,3,Medium,Clear,Medium,10,60.68,73.61,12.93,1
6.25,20,15,5,Medium,Clear,Medium,14,52.0,61.66,9.66,0
9.2,30,23,7,Low,Clear,Medium,17,73.8,80.7,6.9,0
10.27,27,16,7,High,Storm,High,8,75.08,105.2,30.12,1
11.99,30,7,11,Medium,Clear,Low,21,84.96,90.47,5.51,0
3.08,24,16,4,Low,Clear,High,22,43.32,57.54,14.22,1
3.8,32,28,10,High,Clear,Medium,19,54.2,75.37,21.17,1
3.38,12,17,9,Low,Rain,High,18,32.52,45.98,13.46,1
3.52,6,17,4,Medium,Clear,Low,11,27.08,35.76,8.68,1
7.2,8,5,2,Low,Rain,Medium,10,43.8,57.55,13.75,1
11.93,35,0,3,Low,Storm,High,11,89.72,109.86,20.14,1
11.89,24,6,8,High,Clear,Medium,10,78.56,90.45,11.89,0
6.56,12,0,9,Medium,Clear,Low,16,45.24,49.71,4.47,0
7.85,31,13,7,Low,Clear,Medium,22,69.4,74.49,5.09,0
10.39,14,26,8,Medium,Rain,Low,18,62.56,73.92,11.36,0
11.23,23,13,2,High,Clear,Low,21,74.92,92.14,17.22,1
2.84,12,19,6,High,Rain,Medium,22,30.36,48.91,18.55,1
6.58,7,25,10,High,Rain,High,17,40.32,67.83,27.51,1
10.08,13,22,5,High,Clear,Medium,9,60.32,76.99,16.67,1
3.99,12,19,10,Medium,Clear,Low,21,34.96,45.05,10.09,1
5.56,22,23,2,Low,Storm,Low,16,51.24,70.1,18.86,1
11.83,5,8,11,High,Rain,Medium,16,59.32,74.65,15.33,1
11.83,12,12,9,Low,Clear,Low,22,66.32,69.1,2.78,0
10.92,22,11,7,Low,Clear,High,18,72.68,79.5,6.82,0
9.68,17,23,7,Low,Clear,Low,9,62.72,68.53,5.81,0
3.6,24,12,11,Low,Clear,Low,19,45.4,47.38,1.98,0
4.19,25,28,5,Medium,Rain,Medium,22,48.76,66.07,17.31,1
6.79,34,5,2,High,Clear,Low,11,68.16,88.03,19.87,1
6.95,30,5,11,Medium,Rain,Medium,14,64.8,72.33,7.53,0
6.31,12,21,2,Medium,Clear,Medium,9,44.24,60.52,16.28,1
7.82,26,22,8,Low,Rain,Low,18,64.28,69.26,4.98,0
5.2,24,20,3,Medium,Clear,Medium,10,51.8,71.12,19.32,1
9.12,23,9,11,Low,Rain,Medium,14,66.48,73.4,6.92,0
4.34,29,0,11,Low,Clear,Medium,17,53.36,53.73,0.37,0
4.3,9,9,6,Medium,Rain,Low,20,33.2,46.48,13.28,1
1.96,16,13,6,Medium,Clear,Medium,12,30.84,38.99,8.15,1
2.67,30,12,6,Low,Clear,Medium,21,47.68,49.84,2.16,0
10.28,32,27,5,Low,Clear,Low,8,80.12,83.2,3.08,0
5.63,6,25,11,Low,Clear,Low,10,35.52,40.81,5.29,0
3.12,19,23,4,Medium,Clear,Low,9,38.48,49.17,10.69,1
9.23,13,0,11,Low,Clear,Low,19,56.92,55.25,-1.67,0
6.87,10,3,8,Low,Clear,Low,13,44.48,44.11,-0.37,0
0.74,6,13,11,High,Clear,High,8,15.96,35.67,19.71,1
4.14,21,18,7,Medium,Clear,Medium,19,44.56,57.81,13.25,1
2.54,25,20,10,Low,Clear,Medium,12,42.16,49.83,7.67,0
8.04,21,8,6,Medium,Clear,Low,18,60.16,64.63,4.47,0
3.66,16,3,6,Low,Clear,Low,16,37.64,37.78,0.14,0
1.25,28,9,3,Low,Rain,Medium,9,40.0,53.34,13.34,1
1.13,25,23,3,Medium,Clear,Medium,17,36.52,55.48,18.96,1
7.19,33,29,1,Low,Clear,High,20,68.76,87.35,18.59,1
0.75,15,28,5,Low,Rain,Low,13,25.0,35.83,10.83,1
10.26,12,17,11,High,Rain,Low,20,60.04,75.81,15.77,1
2.29,19,2,11,Medium,Clear,Medium,12,35.16,39.31,4.15,0
7.48,20,29,8,High,Clear,Medium,12,56.92,72.08,15.16,1
5.61,19,4,4,High,Rain,Low,10,48.44,66.91,18.47,1
5.59,30,8,6,Low,Rain,Medium,11,59.36,69.87,10.51,0
1.33,6,29,9,Medium,Clear,Low,11,18.32,26.98,8.66,1
9.73,21,15,1,Low,Clear,High,17,66.92,84.5,17.58,1
10.77,18,5,11,Medium,Rain,High,9,68.08,79.52,11.44,0
0.63,11,15,10,Low,Rain,Medium,16,20.52,31.04,10.52,1
2.55,24,2,11,Low,Clear,Medium,11,41.2,44.54,3.34,0
10.89,29,9,2,Low,Clear,Medium,10,79.56,87.26,7.7,0
6.82,21,28,11,Medium,Clear,Medium,20,55.28,68.29,13.01,1
2.23,7,8,7,Low,Clear,Medium,16,22.92,24.74,1.82,0
2.83,7,26,7,Medium,Clear,Medium,12,25.32,38.63,13.31,1
8.09,18,16,2,High,Clear,High,17,57.36,81.39,24.03,1
8.84,25,19,6,Medium,Clear,Low,21,67.36,75.83,8.47,0
7.39,14,21,4,Low,Clear,Medium,12,50.56,58.45,7.89,0
11.46,14,16,11,Low,Rain,High,11,66.84,75.31,8.47,0
6.18,31,1,4,High,Rain,High,18,62.72,86.91,24.19,1
3.95,5,27,3,Medium,Rain,High,15,27.8,53.3,25.5,1
5.99,7,14,11,Low,Rain,Medium,18,37.96,45.72,7.76,1
4.64,9,19,3,High,Storm,Medium,10,34.56,63.91,29.35,1
3.08,35,16,10,Low,Clear,Low,21,54.32,58.4,4.08,0
1.03,20,19,11,Low,Clear,Medium,8,31.12,38.86,7.74,1
4.55,9,10,4,Low,Rain,Low,12,34.2,44.65,10.45,1
8.68,14,25,8,Low,Clear,Medium,17,55.72,64.55,8.83,0
0.71,35,6,9,Low,Clear,High,15,44.84,52.32,7.48,0
5.55,26,19,6,Medium,Storm,High,13,55.2,78.86,23.66,1
7.91,11,17,8,Low,Clear,Medium,22,49.64,55.18,5.54,0
7.52,12,15,2,Medium,Rain,Low,13,49.08,62.95,13.87,1
9.43,7,0,6,Medium,Clear,Medium,18,51.72,61.16,9.44,0
9.82,28,11,6,High,Clear,Low,14,74.28,87.55,13.27,0
8.68,9,1,7,Low,Rain,Low,14,50.72,50.2,-0.52,0
1.68,13,15,11,Medium,Rain,High,19,26.72,42.35,15.63,1
5.96,15,20,10,Low,Clear,Medium,13,45.84,54.36,8.52,0
7.44,24,15,7,Medium,Clear,Low,13,60.76,64.63,3.87,0
3.32,23,22,5,Low,Clear,Medium,19,43.28,49.17,5.89,0
0.99,29,10,5,Medium,Clear,Low,9,39.96,51.28,11.32,1
3.07,14,9,1,Low,Clear,Medium,14,33.28,45.42,12.14,1
5.73,16,13,7,Medium,Clear,Low,12,45.92,54.69,8.77,0
5.26,17,6,3,Low,Clear,Low,15,45.04,53.24,8.2,0
2.53,6,24,10,Low,Clear,Medium,16,23.12,29.1,5.98,1
9.98,27,24,9,Medium,Clear,Medium,14,73.92,86.25,12.33,0
11.15,21,12,11,Low,Clear,Medium,22,72.6,82.12,9.52,0
2.82,19,23,11,Medium,Clear,High,21,37.28,53.8,16.52,1
11.19,35,0,5,Medium,Clear,High,10,86.76,102.49,15.73,0
0.71,10,4,5,Medium,Rain,High,17,19.84,33.37,13.53,1
11.14,35,8,7,Medium,Storm,High,12,86.56,110.75,24.19,1
11.45,26,11,5,Medium,Rain,High,18,78.8,95.03,16.23,1
0.64,11,6,4,High,Clear,High,15,20.56,40.11,19.55,1
9.27,26,15,8,Low,Rain,Low,22,70.08,77.36,7.28,0
11.66,28,23,5,Medium,Clear,Low,22,81.64,90.02,8.38,0
10.92,16,13,11,Medium,Clear,Medium,8,66.68,76.11,9.43,0
11.66,15,13,3,Low,Rain,High,9,68.64,86.21,17.57,1
6.83,30,1,5,Low,Clear,High,8,64.32,67.9,3.58,0
1.4,9,8,6,Low,Rain,Medium,19,21.6,27.6,6.0,1
10.27,5,24,10,Medium,Clear,High,11,53.08,70.33,17.25,1
7.56,25,24,7,Low,Clear,Medium,18,62.24,72.02,9.78,0
7.57,33,3,1,Medium,Clear,Medium,12,70.28,86.59,16.31,1
5.3,20,0,4,Medium,Rain,Low,12,48.2,57.75,9.55,0
7.08,9,24,10,Medium,Clear,Medium,17,44.32,56.92,12.6,1
2.27,21,5,3,Low,Clear,Low,19,37.08,44.0,6.92,0
9.01,12,17,4,Medium,Clear,Low,16,55.04,61.59,6.55,0
1.36,30,24,2,Medium,Storm,Medium,16,42.44,67.22,24.78,1
8.89,23,23,8,Low,Clear,Low,19,65.56,70.01,4.45,0
10.26,15,16,2,Low,Storm,High,10,63.04,87.63,24.59,1
5.93,24,11,5,Low,Clear,Medium,16,54.72,55.7,0.98,0
6.36,25,23,8,High,Clear,Medium,12,57.44,72.53,15.09,1
4.09,26,20,10,Low,Clear,Low,10,49.36,53.33,3.97,0
11.65,16,25,3,Low,Rain,High,12,69.6,90.63,21.03,1
8.93,22,15,4,Low,Clear,Medium,10,64.72,71.88,7.16,0
4.74,6,28,2,Low,Clear,Medium,12,31.96,45.23,13.27,1
2.51,17,23,5,Low,Clear,Medium,8,34.04,42.7,8.66,1
3.03,16,1,11,Medium,Rain,Medium,19,35.12,44.66,9.54,1
5.84,21,8,4,Medium,Clear,Medium,13,51.36,63.72,12.36,1
11.34,34,23,3,Medium,Clear,Medium,17,86.36,101.52,15.16,0
8.94,34,3,5,Low,Clear,High,19,76.76,82.13,5.37,0
2.98,19,21,10,Medium,Clear,Medium,20,37.92,51.96,14.04,1
10.38,25,10,7,Medium,Rain,High,9,73.52,91.99,18.47,1
4.85,8,6,7,Medium,Clear,Medium,15,34.4,40.69,6.29,0
10.29,19,16,9,High,Storm,Low,14,67.16,89.15,21.99,1
3.28,26,27,8,Low,Rain,Medium,13,46.12,56.87,10.75,1
7.61,26,26,7,Medium,Clear,Medium,20,63.44,76.88,13.44,1
11.16,34,12,7,Medium,Rain,Medium,9,85.64,96.29,10.65,0
3.47,19,0,6,Low,Clear,High,12,39.88,48.62,8.74,1
8.47,33,26,2,Medium,Clear,Medium,19,73.88,94.47,20.59,1
11.85,35,26,5,Low,Clear,High,13,89.4,99.71,10.31,0
2.23,22,18,10,Low,Rain,Low,9,37.92,44.66,6.74,0
1.52,7,18,1,Medium,Clear,Medium,10,20.08,41.11,21.03,1
8.25,16,15,10,Medium,Rain,Low,12,56.0,64.0,8.0,0
4.41,28,0,7,High,Clear,Medium,11,52.64,64.3,11.66,1
1.32,23,4,4,High,Clear,Medium,18,35.28,52.4,17.12,1
5.97,34,4,2,Low,Storm,Medium,10,64.88,82.36,17.48,1
9.17,30,27,9,Medium,Clear,Medium,19,73.68,82.93,9.25,0
3.78,6,1,1,High,Clear,Low,12,28.12,45.68,17.56,1
4.35,31,16,6,Low,Rain,Low,9,55.4,65.09,9.69,0
10.23,16,10,2,Medium,Clear,Medium,8,63.92,83.05,19.13,1
6.48,30,0,10,High,Rain,Low,17,62.92,74.65,11.73,0
10.19,20,27,3,Low,Rain,Medium,19,67.76,81.33,13.57,1
5.63,19,0,9,High,Clear,Medium,10,48.52,60.6,12.08,1
11.46,7,25,7,Medium,Clear,High,12,59.84,79.44,19.6,1
7.98,8,23,1,High,Storm,High,19,46.92,86.2,39.28,1
1.83,23,23,8,Medium,Rain,Medium,21,37.32,54.85,17.53,1
10.68,22,4,10,Medium,Clear,High,18,71.72,85.52,13.8,0
6.13,22,26,3,Medium,Clear,Medium,17,53.52,67.08,13.56,1
2.13,9,17,11,Low,Clear,Low,19,24.52,26.02,1.5,0
2.26,20,12,9,Medium,Clear,High,12,36.04,48.05,12.01,1
8.41,6,20,9,High,Clear,Medium,8,46.64,62.6,15.96,1
1.04,9,10,4,High,Clear,Medium,16,20.16,35.8,15.64,1
3.8,20,8,2,High,Clear,Medium,16,42.2,61.68,19.48,1
2.11,24,8,5,Medium,Clear,High,20,39.44,53.32,13.88,1
5.57,25,17,9,Medium,Rain,Medium,11,54.28,67.95,13.67,1
5.27,35,18,7,Medium,Clear,High,21,63.08,80.12,17.04,1
6.5,31,7,8,Medium,Clear,Medium,15,64.0,72.9,8.9,0
3.72,16,7,9,Medium,Clear,High,14,37.88,48.93,11.05,1
0.87,29,28,4,Low,Clear,Medium,22,39.48,50.46,10.98,1
7.57,7,15,1,Low,Storm,Medium,16,44.28,63.26,18.98,1
4.8,31,25,10,Medium,Clear,High,9,57.2,68.58,11.38,0
7.99,16,9,7,Low,Clear,Low,11,54.96,58.05,3.09,0
1.75,28,8,7,Low,Storm,Medium,16,42.0,56.64,14.64,1
0.66,35,8,7,Low,Clear,High,11,44.64,53.38,8.74,0
3.36,26,15,10,Medium,Clear,High,10,46.44,59.66,13.22,1
5.75,33,23,9,High,Rain,Medium,12,63.0,80.92,17.92,1
5.03,5,15,8,Medium,Rain,Medium,15,32.12,47.45,15.33,1
9.82,10,8,9,High,Clear,Low,9,56.28,68.87,12.59,1
4.85,24,28,4,High,Clear,Medium,15,50.4,71.58,21.18,1
6.6,21,17,8,Low,Clear,Medium,18,54.4,60.79,6.39,0
7.33,8,11,11,Low,Clear,High,14,44.32,52.58,8.26,0
0.75,27,0,3,Low,Clear,Medium,18,37.0,41.77,4.77,0
6.42,6,16,7,Low,Rain,Medium,17,38.68,48.39,9.71,1
4.47,35,18,8,Medium,Clear,Medium,15,59.88,69.4,9.52,0
5.34,9,27,6,Low,Rain,High,22,37.36,51.91,14.55,1
1.65,18,6,11,High,Rain,Medium,17,31.6,52.24,20.64,1
9.5,30,4,5,Medium,Rain,Low,20,75.0,82.7,7.7,0
11.34,20,29,3,Low,Rain,Medium,17,72.36,83.25,10.89,0
0.76,28,16,2,High,Clear,Medium,22,38.04,59.17,21.13,1
7.42,26,0,10,High,Clear,Medium,14,62.68,73.68,11.0,0
9.28,34,3,8,Medium,Clear,Medium,10,78.12,85.44,7.32,0
3.78,19,14,7,Medium,Clear,Low,10,41.12,45.07,3.95,0
9.56,35,18,5,High,Clear,Medium,22,80.24,97.71,17.47,1
7.77,21,7,5,Medium,Rain,Medium,19,59.08,69.89,10.81,0
11.19,32,10,11,High,Clear,Medium,12,83.76,97.81,14.05,0
11.78,27,22,8,Low,Clear,Medium,14,81.12,88.82,7.7,0
0.99,9,29,11,Medium,Rain,Medium,8,19.96,35.61,15.65,1
5.62,24,14,9,Medium,Clear,Low,22,53.48,60.01,6.53,0
6.79,32,12,9,Low,Clear,Low,14,66.16,68.11,1.95,0
2.19,8,10,7,Low,Clear,Medium,13,23.76,28.72,4.96,1
4.37,30,4,3,Low,Clear,High,11,54.48,66.97,12.49,1
11.86,8,1,8,Low,Rain,Low,9,62.44,66.08,3.64,0
0.69,32,25,8,Low,Clear,Low,19,41.76,49.01,7.25,0
5.7,29,1,6,Low,Clear,High,11,58.8,64.91,6.11,0
10.19,9,24,1,Medium,Clear,Low,9,56.76,74.04,17.28,1
4.22,27,7,11,Medium,Clear,High,22,50.88,68.17,17.29,1
6.02,8,20,10,Medium,Clear,High,16,39.08,54.0,14.92,1
11.75,22,28,4,Low,Clear,Low,9,76.0,83.6,7.6,0
5.96,33,22,6,Medium,Rain,Low,12,63.84,72.71,8.87,0
2.01,11,21,2,Low,Rain,High,16,26.04,44.81,18.77,1
1.09,10,7,11,Low,Clear,Low,11,21.36,22.55,1.19,0
11.37,18,17,3,Medium,Clear,Medium,22,70.48,85.95,15.47,1
3.56,16,19,5,High,Rain,Low,21,37.24,55.34,18.1,1
6.3,6,12,5,High,Clear,Medium,21,38.2,54.25,16.05,1
1.54,19,1,3,Medium,Clear,High,15,32.16,48.97,16.81,1
5.37,13,27,7,Medium,Clear,Medium,22,41.48,51.88,10.4,1
11.2,8,5,11,Medium,Clear,Low,12,59.8,65.78,5.98,0
6.28,13,29,10,Medium,Storm,Medium,16,45.12,65.95,20.83,1
11.67,5,27,6,Low,Clear,Medium,19,58.68,67.33,8.65,0
3.48,33,0,2,Low,Storm,Low,15,53.92,67.2,13.28,1
6.3,35,22,10,High,Rain,Medium,20,67.2,85.69,18.49,1
10.38,16,19,3,High,Storm,Medium,9,64.52,90.89,26.37,1
5.65,32,6,11,Low,Rain,Low,14,61.6,66.44,4.84,0
3.71,19,24,5,Low,Rain,High,20,40.84,56.64,15.8,1
10.34,33,3,6,Low,Clear,Medium,10,81.36,84.7,3.34,0
4.98,10,7,5,Medium,Rain,Low,13,36.92,45.29,8.37,1
6.6,13,28,6,Low,Clear,Low,22,46.4,50.56,4.16,0
11.73,27,22,2,Medium,Rain,Medium,17,80.92,102.33,21.41,1
2.64,11,3,7,Low,Clear,Medium,13,28.56,32.28,3.72,0
3.97,30,4,5,Low,Clear,Low,13,52.88,52.95,0.07,0
0.86,18,7,10,Low,Clear,Medium,11,28.44,34.57,6.13,1
5.01,17,2,6,Medium,Clear,Medium,19,44.04,52.73,8.69,0
2.8,19,5,11,Low,Clear,Low,9,37.2,35.13,-2.07,0
8.32,29,17,4,Medium,Clear,Medium,11,69.28,81.78,12.5,0
2.59,5,0,4,Medium,Clear,Medium,9,22.36,29.44,7.08,1
8.26,28,8,1,Medium,Clear,Medium,19,68.04,84.92,16.88,1
3.53,29,9,9,Low,Clear,High,22,50.12,52.62,2.5,0
4.59,30,29,1,Medium,Clear,Low,9,55.36,73.55,18.19,1
4.51,35,29,4,Low,Clear,Low,22,60.04,69.26,9.22,0
8.74,29,25,11,Medium,Clear,Low,21,70.96,79.74,8.78,0
5.86,21,10,7,Medium,Clear,Medium,15,51.44,58.11,6.67,0
4.65,19,15,7,High,Clear,Medium,8,44.6,64.51,19.91,1
10.31,17,15,9,High,Storm,Low,18,65.24,88.55,23.31,1
7.08,30,25,9,Medium,Clear,Medium,15,65.32,76.26,10.94,0
2.96,17,22,10,High,Clear,High,20,35.84,56.72,20.88,1
10.85,22,27,8,Low,Clear,Medium,12,72.4,76.84,4.44,0
4.44,7,16,5,Medium,Rain,Medium,16,31.76,45.91,14.15,1
0.95,14,27,2,Low,Clear,Medium,21,24.8,36.46,11.66,1
6.19,13,22,5,Low,Clear,Medium,18,44.76,53.49,8.73,0
1.93,18,22,8,Medium,Clear,Medium,17,32.72,46.17,13.45,1
3.24,20,19,3,Medium,Clear,Medium,22,39.96,54.62,14.66,1
9.09,27,10,8,Medium,Clear,Medium,15,70.36,77.23,6.87,0
2.0,18,18,2,High,Storm,Low,10,33.0,63.1,30.1,1
9.78,9,10,1,Medium,Storm,Medium,22,55.12,80.12,25.0,1
11.27,21,19,5,High,Clear,Medium,10,73.08,90.07,16.99,1
7.48,6,7,3,High,Clear,Low,16,42.92,56.46,13.54,1
8.67,31,23,10,Medium,Clear,Low,19,72.68,81.67,8.99,0
8.71,28,17,5,Low,Storm,Medium,19,69.84,83.83,13.99,1
11.92,11,21,5,Medium,Rain,Low,18,65.68,74.22,8.54,0
4.43,13,6,5,Medium,Clear,Medium,14,37.72,48.6,10.88,1
2.37,5,23,4,High,Clear,Low,10,21.48,41.6,20.12,1
6.47,16,24,11,Low,Clear,Low,8,48.88,55.72,6.84,0
6.63,6,4,9,Low,Rain,Medium,12,39.52,48.06,8.54,1
2.55,34,10,2,Low,Clear,Low,22,51.2,62.73,11.53,1
7.55,9,20,3,Low,Clear,Low,18,46.2,52.11,5.91,0
0.66,25,26,1,Medium,Clear,High,14,34.64,56.72,22.08,1
11.17,22,22,3,Low,Clear,Medium,15,73.68,84.25,10.57,0
3.54,12,14,8,Low,Rain,Medium,13,33.16,42.56,9.4,1
0.95,30,8,11,Medium,Clear,Medium,21,40.8,48.81,8.01,0
1.74,8,27,6,Low,Clear,Low,14,21.96,25.32,3.36,0
3.26,32,26,1,Low,Clear,Medium,20,52.04,68.25,16.21,1
3.65,27,26,1,Medium,Clear,Medium,8,48.6,68.61,20.01,1
0.88,24,9,5,Medium,Clear,Low,15,34.52,42.0,7.48,1
3.71,32,13,3,High,Rain,Low,17,53.84,73.53,19.69,1
2.72,17,7,7,Medium,Clear,Medium,18,34.88,39.47,4.59,0
4.85,13,28,2,High,Clear,Low,8,39.4,61.77,22.37,1
4.93,9,26,3,Low,Clear,Low,17,35.72,48.08,12.36,1
4.4,33,5,7,Medium,Clear,Medium,20,57.6,65.66,8.06,0
4.27,17,7,4,Medium,Rain,Medium,9,41.08,56.45,15.37,1
1.53,30,16,5,Medium,Clear,Medium,12,43.12,52.31,9.19,1
0.79,15,12,3,Medium,Rain,Low,14,25.16,39.69,14.53,1
2.82,34,13,1,Low,Rain,Medium,11,52.28,67.39,15.11,1
9.2,31,11,4,Low,Storm,High,14,74.8,93.51,18.71,1
11.89,14,20,4,Medium,Clear,Medium,21,68.56,81.08,12.52,0
11.18,20,26,10,Medium,Clear,High,21,71.72,88.87,17.15,1
6.3,29,27,10,Low,Rain,Medium,17,61.2,70.95,9.75,0
6.62,12,13,5,Medium,Rain,Low,21,45.48,52.15,6.67,0
4.12,5,24,4,Medium,Clear,Medium,20,28.48,43.22,14.74,1
9.4,13,20,5,Medium,Rain,Medium,8,57.6,72.47,14.87,1
9.29,23,5,7,Low,Clear,High,13,67.16,75.38,8.22,0
10.21,9,23,5,High,Clear,Medium,20,56.84,76.31,19.47,1
10.8,15,10,9,Medium,Clear,Medium,14,65.2,73.79,8.59,0
5.5,33,18,11,Medium,Clear,High,17,62.0,77.16,15.16,1
9.32,7,21,5,Medium,Clear,Low,14,51.28,58.78,7.5,0
9.77,6,28,2,Medium,Clear,Medium,8,52.08,70.16,18.08,1
4.05,18,28,2,Low,Clear,Medium,16,41.2,56.48,15.28,1
11.19,5,24,10,High,Clear,High,13,56.76,83.09,26.33,1
1.58,5,15,5,Low,Rain,Low,19,18.32,25.8,7.48,1
11.93,10,12,4,Medium,Clear,Medium,21,64.72,77.22,12.5,0
9.36,8,13,7,High,Clear,Medium,9,52.44,69.59,17.15,1
1.57,30,28,11,Medium,Clear,High,13,43.28,55.18,11.9,1
8.05,8,6,5,Medium,Clear,High,13,47.2,60.04,12.84,1
0.89,21,15,4,Low,Clear,Medium,18,31.56,41.38,9.82,1
9.36,26,20,10,Low,Clear,Low,13,70.44,74.61,4.17,0
9.69,24,0,1,Medium,Rain,Medium,16,69.76,87.67,17.91,1
7.43,25,19,10,Low,Clear,High,21,61.72,70.64,8.92,0
10.35,16,7,6,Low,Clear,Medium,16,64.4,67.93,3.53,0
1.63,32,8,1,High,Clear,High,9,45.52,70.45,24.93,1
3.67,7,18,3,Low,Clear,Medium,15,28.68,41.28,12.6,1
5.26,8,0,8,Low,Clear,Medium,21,36.04,42.04,6.0,0
0.99,31,4,9,Low,Clear,Low,15,41.96,46.63,4.67,0
5.65,7,13,3,Medium,Clear,Medium,22,36.6,48.5,11.9,1
3.55,10,17,8,Medium,Rain,Medium,21,31.2,43.26,12.06,1
5.02,10,3,11,Medium,Clear,Medium,11,37.08,43.18,6.1,0
5.39,6,10,8,Medium,Clear,Low,14,34.56,38.52,3.96,0
10.61,8,9,8,Low,Clear,Medium,10,57.44,60.24,2.8,0
3.61,22,16,3,Medium,Clear,Low,10,43.44,53.61,10.17,1
10.78,25,9,8,Low,Rain,Medium,13,75.12,84.67,9.55,0
5.4,7,0,8,Medium,Clear,Medium,14,35.6,41.16,5.56,0
4.27,34,15,2,Low,Rain,Medium,13,58.08,75.19,17.11,1
6.28,7,25,4,Low,Clear,Low,18,39.12,48.85,9.73,1
5.3,26,17,10,Medium,Clear,Medium,10,54.2,65.17,10.97,1
3.46,29,10,11,Low,Clear,High,15,49.84,61.3,11.46,1
6.28,21,14,2,Medium,Rain,Medium,21,53.12,69.2,16.08,1
2.25,20,4,9,Medium,Clear,High,18,36.0,46.68,10.68,1
4.55,8,7,6,High,Rain,Low,11,33.2,47.98,14.78,1
7.01,12,13,7,Low,Clear,Low,11,47.04,50.09,3.05,0
5.25,31,17,6,Medium,Clear,Low,21,59.0,69.26,10.26,0
9.97,15,14,10,Medium,Clear,Medium,16,61.88,69.68,7.8,0
3.45,6,28,5,Low,Clear,Low,21,26.8,31.33,4.53,0
11.65,27,19,7,Medium,Clear,High,20,80.6,95.23,14.63,0
9.52,26,0,8,High,Clear,Medium,14,71.08,83.04,11.96,0
11.63,7,15,7,Medium,Rain,High,15,60.52,75.43,14.91,1
10.14,6,17,10,High,Clear,Medium,13,53.56,69.01,15.45,1
2.13,8,1,3,Medium,Clear,Medium,17,23.52,34.23,10.71,1
6.55,6,11,11,Low,Clear,Medium,17,39.2,47.3,8.1,1
2.45,24,26,8,High,Clear,Medium,18,40.8,56.96,16.16,1
9.91,9,10,11,Low,Clear,Medium,20,55.64,62.27,6.63,0
7.22,23,13,5,Medium,Clear,Low,19,58.88,68.02,9.14,0
3.53,10,6,6,Medium,Clear,High,9,31.12,42.29,11.17,1
11.19,35,2,1,High,Clear,Medium,13,86.76,108.68,21.92,1
1.82,27,9,11,High,Clear,Medium,16,41.28,57.23,15.95,1
6.98,16,23,9,Low,Rain,Low,17,50.92,59.34,8.42,0
8.79,18,29,4,Medium,Clear,Low,20,60.16,72.12,11.96,0
1.18,7,19,1,Low,Clear,Low,14,18.72,29.16,10.44,1
7.38,6,24,8,Medium,Rain,Medium,20,42.52,58.64,16.12,1
9.88,21,19,8,Medium,Clear,Low,13,67.52,74.57,7.05,0
1.28,5,19,6,Low,Clear,High,10,17.12,27.98,10.86,1
6.39,24,12,2,Medium,Clear,High,15,56.56,76.31,19.75,1
3.47,16,1,11,Medium,Clear,Low,10,36.88,42.79,5.91,0
8.12,9,12,5,Medium,Clear,Medium,14,48.48,61.74,13.26,1
1.86,21,25,8,High,Clear,Low,11,35.44,48.96,13.52,1
11.28,22,16,10,Medium,Clear,Medium,8,74.12,84.43,10.31,0
10.79,28,22,7,Medium,Clear,Low,17,78.16,83.59,5.43,0
2.64,11,1,2,Low,Clear,High,19,28.56,44.72,16.16,1
4.22,21,6,10,Low,Clear,High,9,44.88,53.17,8.29,0
7.26,31,8,8,Low,Clear,Low,16,67.04,68.04,1.0,0
8.76,13,10,10,Low,Clear,Low,15,55.04,57.14,2.1,0
5.59,30,29,7,Low,Rain,Medium,10,59.36,71.37,12.01,1
2.3,27,13,10,Medium,Clear,Medium,17,43.2,51.34,8.14,0
1.7,18,19,10,Medium,Rain,Low,11,31.8,44.98,13.18,1
12.0,32,19,3,Low,Clear,High,20,87.0,103.09,16.09,0
5.74,34,12,2,Medium,Clear,High,17,63.96,84.93,20.97,1
10.53,12,28,2,High,Clear,Medium,9,61.12,84.36,23.24,1
6.05,35,6,9,Low,Clear,High,15,66.2,72.93,6.73,0
11.11,5,1,3,Medium,Clear,Medium,9,56.44,67.41,10.97,0
1.51,9,22,5,Low,Clear,Medium,18,22.04,31.04,9.0,1
1.81,6,19,9,Medium,Rain,High,12,20.24,39.04,18.8,1
11.19,16,7,5,Medium,Rain,Medium,15,67.76,77.6,9.84,0
11.4,34,26,1,Low,Storm,Medium,18,86.6,112.14,25.54,1
4.12,23,4,4,Low,Clear,Low,20,46.48,47.34,0.86,0
4.58,24,7,2,High,Clear,Medium,15,49.32,68.4,19.08,1
5.7,7,4,5,Low,Rain,Low,9,36.8,40.92,4.12,0
5.29,20,5,9,Medium,Clear,Low,11,48.16,50.82,2.66,0
2.69,16,21,6,Medium,Clear,Medium,17,33.76,43.03,9.27,1
10.83,19,21,8,Low,Clear,Medium,8,69.32,79.62,10.3,0
3.41,13,19,2,Medium,Clear,Low,13,33.64,50.17,16.53,1
8.61,11,25,9,Medium,Clear,Low,12,52.44,66.02,13.58,1
1.27,34,2,5,Low,Clear,High,12,46.08,54.38,8.3,0
0.95,22,18,4,High,Clear,Medium,22,32.8,52.69,19.89,1
8.02,17,3,8,Medium,Rain,Medium,22,56.08,66.37,10.29,0
4.4,7,28,2,Medium,Clear,High,21,31.6,53.5,21.9,1
8.04,28,19,6,Low,Clear,High,20,67.16,79.7,12.54,0
1.58,19,22,5,Low,Clear,Low,21,32.32,39.44,7.12,1
11.42,16,17,2,Medium,Storm,Medium,10,68.68,94.65,25.97,1
9.11,25,11,11,Medium,Clear,Medium,13,68.44,75.96,7.52,0
10.58,9,20,4,Low,Clear,Medium,8,58.32,68.1,9.78,0
2.07,21,25,1,Medium,Clear,Medium,19,36.28,54.74,18.46,1
4.18,31,5,5,Medium,Storm,Low,21,54.72,67.07,12.35,1
4.74,19,26,11,Low,Clear,Medium,8,44.96,56.43,11.47,1
6.68,5,21,8,Medium,Clear,Low,10,38.72,44.52,5.8,0
3.91,12,2,8,Medium,Clear,Medium,10,34.64,46.38,11.74,1
1.2,6,28,10,Medium,Rain,Low,21,17.8,31.5,13.7,1
4.74,20,5,1,Medium,Clear,High,19,45.96,65.03,19.07,1
3.43,16,18,7,Medium,Clear,Medium,12,36.72,47.46,10.74,1
4.94,9,3,4,High,Clear,Low,8,35.76,46.99,11.23,1
2.77,26,5,8,Medium,Clear,Medium,14,44.08,50.99,6.91,0
3.51,10,19,10,Low,Clear,Low,16,31.04,34.99,3.95,0
7.71,15,20,1,Medium,Clear,Medium,8,52.84,71.18,18.34,1
4.96,35,20,2,High,Clear,Medium,15,61.84,82.97,21.13,1
4.47,7,10,11,High,Rain,Low,16,31.88,46.44,14.56,1
6.64,12,24,6,Low,Clear,Low,22,45.56,47.73,2.17,0
9.38,14,1,4,Low,Rain,Low,10,58.52,61.18,2.66,0
4.86,20,25,2,Low,Clear,Medium,10,46.44,57.88,11.44,1
7.26,12,9,4,High,Rain,Medium,14,48.04,71.18,23.14,1
11.61,35,18,1,High,Clear,Low,12,88.44,110.85,22.41,1
6.5,5,27,3,Medium,Clear,Low,21,38.0,52.59,14.59,1
10.96,34,7,3,Low,Clear,High,19,84.84,97.26,12.42,0
9.63,21,12,1,High,Clear,Low,11,66.52,87.93,21.41,1
1.18,6,24,11,Low,Clear,Medium,13,17.72,27.87,10.15,1
5.43,8,25,9,Low,Clear,Medium,17,36.72,45.54,8.82,1
8.53,8,7,11,Low,Rain,Low,21,49.12,56.8,7.68,0
11.85,13,15,3,Medium,Clear,High,11,67.4,85.33,17.93,1
5.77,15,9,4,Medium,Clear,Low,12,45.08,54.08,9.0,0
1.57,24,15,4,Low,Rain,High,17,37.28,53.69,16.41,1
6.96,14,11,7,Low,Clear,Medium,20,48.84,52.18,3.34,0
1.96,27,0,2,Medium,Rain,Low,12,41.84,54.93,13.09,1
9.14,14,27,3,Low,Clear,Medium,15,57.56,66.28,8.72,0
6.34,13,19,11,Medium,Clear,High,18,45.36,59.9,14.54,1
8.82,13,13,4,Low,Rain,Medium,14,55.28,65.32,10.04,0
10.5,15,3,9,Low,Clear,Low,19,64.0,63.92,-0.08,0
7.73,30,2,3,Low,Clear,High,15,67.92,78.5,10.58,0
7.54,12,14,11,Medium,Clear,Low,21,49.16,56.98,7.82,0
9.18,13,19,8,Medium,Clear,Low,17,56.72,62.75,6.03,0
10.19,34,7,10,Low,Clear,Low,21,81.76,86.88,5.12,0
10.49,25,22,6,Medium,Clear,High,20,73.96,90.49,16.53,1
0.92,10,11,10,Low,Clear,Low,11,20.68,21.27,0.59,0
6.9,31,0,4,Medium,Clear,Low,21,65.6,72.89,7.29,0
2.99,10,16,6,Low,Clear,High,9,28.96,41.15,12.19,1
10.39,10,5,1,High,Clear,Medium,12,58.56,81.3,22.74,1
7.96,18,0,2,Low,Clear,Low,8,56.84,60.83,3.99,0
5.33,26,3,9,Medium,Rain,Medium,9,54.32,69.39,15.07,1
2.66,10,8,4,Medium,Clear,Low,18,27.64,36.52,8.88,1
4.4,28,15,2,Medium,Clear,Medium,9,52.6,66.1,13.5,1
8.59,9,29,4,Medium,Clear,Medium,10,50.36,65.58,15.22,1
2.85,29,6,4,Low,Clear,Medium,14,47.4,53.16,5.76,0
1.58,7,1,8,Low,Clear,Medium,20,20.32,23.53,3.21,0
10.71,19,5,1,High,Clear,Medium,20,68.84,88.45,19.61,1
9.29,24,9,1,High,Rain,Low,22,68.16,91.07,22.91,1
2.8,13,6,8,Medium,Rain,Medium,8,31.2,40.74,9.54,1
3.86,23,9,2,Medium,Clear,Medium,10,45.44,59.54,14.1,1
11.68,26,29,5,Medium,Clear,Medium,13,79.72,93.29,13.57,0
8.64,25,11,8,Medium,Clear,Medium,12,66.56,74.81,8.25,0
7.52,17,19,6,High,Rain,High,9,54.08,77.3,23.22,1
4.04,28,20,2,Medium,Clear,High,15,51.16,73.8,22.64,1
3.94,27,3,8,Low,Rain,High,15,49.76,58.58,8.82,0
0.95,15,7,1,Medium,Clear,Medium,14,25.8,40.9,15.1,1
8.88,27,12,3,Medium,Clear,Low,8,69.52,77.41,7.89,0
1.0,33,13,2,Low,Clear,Medium,14,44.0,53.95,9.95,1
0.56,30,0,6,Medium,Clear,Low,14,39.24,43.5,4.26,0
8.89,27,19,8,Medium,Clear,Low,11,69.56,78.64,9.08,0
11.41,28,9,8,Low,Clear,Medium,19,80.64,83.83,3.19,0
9.2,29,9,2,Medium,Clear,Medium,21,72.8,88.82,16.02,1
5.92,13,18,4,Low,Clear,Medium,21,43.68,52.49,8.81,1
6.09,27,28,2,Low,Clear,Medium,18,58.36,70.19,11.83,1
5.52,11,25,4,Medium,Clear,Low,18,40.08,51.43,11.35,1
4.23,16,29,3,Medium,Clear,High,10,39.92,63.11,23.19,1
6.5,33,12,9,Medium,Clear,Medium,13,66.0,71.62,5.62,0
5.46,13,3,9,Low,Clear,Low,8,41.84,46.45,4.61,0
7.38,31,6,10,Medium,Clear,Low,16,67.52,71.5,3.98,0
10.83,18,10,3,Low,Clear,Low,19,68.32,71.02,2.7,0
11.94,11,9,1,High,Clear,High,18,65.76,92.84,27.08,1
1.41,8,6,1,Low,Storm,Low,8,20.64,39.5,18.86,1
4.92,21,4,10,High,Clear,High,16,47.68,64.92,17.24,1
2.58,18,5,10,Low,Clear,Low,21,35.32,36.94,1.62,0
4.55,20,19,3,Low,Clear,Medium,9,45.2,60.24,15.04,1
3.81,6,14,10,Medium,Clear,Low,15,28.24,35.45,7.21,1
2.51,13,1,6,Medium,Clear,Medium,11,30.04,43.2,13.16,1
9.29,5,16,3,High,Clear,Medium,21,49.16,71.89,22.73,1
6.21,14,25,4,Medium,Rain,Medium,16,45.84,62.94,17.1,1
11.07,33,12,3,Low,Rain,High,19,84.28,101.26,16.98,1
0.87,9,9,9,Low,Rain,Medium,15,19.48,26.64,7.16,1
1.27,26,8,3,Medium,Clear,Low,21,38.08,48.18,10.1,1
5.14,5,11,3,Low,Clear,Medium,12,32.56,42.88,10.32,1
1.42,22,8,8,High,Rain,Low,19,34.68,48.47,13.79,1
3.52,33,27,4,Medium,Clear,High,14,54.08,69.72,15.64,1
11.84,15,29,3,Medium,Clear,Medium,16,69.36,88.8,19.44,1
2.9,11,10,9,Medium,Storm,Low,18,29.6,45.55,15.95,1
2.78,22,27,11,Low,Clear,Low,10,40.12,42.69,2.57,0
7.1,13,25,7,Low,Clear,Low,21,48.4,53.74,5.34,0
6.23,32,2,10,High,Rain,High,18,63.92,86.37,22.45,1
7.18,31,14,10,Low,Clear,Medium,14,66.72,74.37,7.65,0
4.83,25,19,7,Medium,Rain,Low,16,51.32,60.73,9.41,0
10.01,24,12,10,High,Clear,High,17,71.04,92.4,21.36,1
2.09,23,13,1,Low,Clear,Low,14,38.36,48.99,10.63,1
5.43,27,14,1,High,Rain,Low,17,55.72,80.3,24.58,1
8.43,19,20,10,Low,Rain,Medium,16,59.72,67.88,8.16,0
10.48,35,8,2,Medium,Rain,Low,19,83.92,90.01,6.09,0
4.75,15,17,9,Low,Clear,High,11,41.0,49.85,8.85,1
7.03,5,7,5,Medium,Clear,Medium,8,40.12,49.59,9.47,1
1.3,26,26,9,Low,Clear,Low,14,38.2,42.99,4.79,0
2.46,25,2,8,Low,Clear,Medium,20,41.84,46.54,4.7,0
1.3,35,2,1,Low,Storm,Low,9,47.2,65.81,18.61,1
8.87,17,1,4,Low,Storm,Medium,20,59.48,72.02,12.54,1
3.81,18,10,8,Medium,Clear,Medium,14,40.24,48.38,8.14,1
8.82,22,18,11,Low,Storm,Medium,11,64.28,74.51,10.23,0
1.26,17,29,9,Low,Clear,Medium,15,29.04,34.74,5.7,0
10.42,29,13,10,Low,Rain,Medium,20,77.68,83.6,5.92,0
10.11,18,5,11,Low,Clear,Low,20,65.44,67.55,2.11,0
1.52,29,11,10,Low,Clear,High,17,42.08,50.64,8.56,1
0.77,18,3,7,Low,Clear,Low,15,28.08,27.61,-0.47,0
1.15,11,14,4,Medium,Clear,High,20,22.6,37.1,14.5,1
10.32,35,21,6,Medium,Rain,Medium,21,83.28,95.92,12.64,0
3.2,21,1,9,Medium,Clear,Low,19,40.8,46.85,6.05,0
6.81,26,23,5,Low,Rain,Medium,22,60.24,71.03,10.79,0
5.4,23,6,10,High,Clear,High,20,51.6,71.78,20.18,1
9.65,16,20,8,Medium,Clear,High,8,61.6,72.21,10.61,0
6.12,35,24,3,Medium,Clear,Medium,8,66.48,83.35,16.87,1
6.26,16,23,11,Low,Rain,Medium,16,48.04,57.67,9.63,1
11.87,35,20,10,Low,Rain,Medium,22,89.48,98.92,9.44,0
2.23,18,20,7,Medium,Clear,Low,12,33.92,44.63,10.71,1
10.05,5,5,3,Low,Clear,Medium,22,52.2,59.42,7.22,0
1.1,6,4,3,Medium,Clear,Low,20,17.4,27.18,9.78,1
5.99,35,11,10,Low,Rain,High,10,65.96,76.12,10.16,0
10.69,21,18,1,Low,Storm,Medium,15,70.76,93.43,22.67,1
8.15,17,18,6,Low,Rain,Medium,11,56.6,63.02,6.42,0
8.38,30,23,7,Low,Clear,Medium,9,70.52,78.01,7.49,0
3.53,24,9,3,Low,Rain,Medium,18,45.12,57.69,12.57,1
5.31,25,25,10,Low,Clear,Low,11,53.24,60.45,7.21,0
4.72,26,13,6,Medium,Rain,Low,16,51.88,59.84,7.96,0
6.5,11,7,1,Low,Clear,Low,18,44.0,52.34,8.34,0
5.82,7,22,4,Medium,Clear,Low,14,37.28,46.39,9.11,1
4.26,27,3,5,High,Clear,Medium,9,51.04,64.13,13.09,1
4.01,5,12,3,High,Rain,Medium,9,28.04,48.51,20.47,1
3.38,27,23,11,Medium,Clear,Medium,13,47.52,54.81,7.29,0
4.7,9,23,4,Low,Clear,High,8,34.8,46.31,11.51,1
2.22,13,7,6,Medium,Rain,High,21,28.88,44.18,15.3,1
10.53,26,4,6,High,Storm,Low,10,75.12,93.62,18.5,1
7.42,24,0,3,Medium,Clear,Medium,8,60.68,72.78,12.1,0
2.04,29,2,7,Low,Clear,High,10,44.16,53.24,9.08,1
8.48,23,24,4,Medium,Clear,Low,18,63.92,73.82,9.9,0
10.25,6,23,1,Low,Clear,Medium,16,54.0,66.43,12.43,1
3.23,31,15,5,Medium,Clear,High,18,50.92,65.73,14.81,1
2.23,11,17,7,Low,Clear,Medium,13,26.92,33.3,6.38,1
0.6,9,9,2,Low,Clear,High,12,18.4,32.68,14.28,1
1.04,32,5,9,Medium,Clear,High,18,43.16,57.6,14.44,1
9.27,11,0,8,Medium,Clear,Low,9,55.08,59.98,4.9,0
11.85,21,20,4,Medium,Clear,Medium,13,75.4,88.65,13.25,0
1.02,20,1,7,Medium,Clear,High,9,31.08,42.61,11.53,1
9.1,28,3,4,High,Clear,Low,14,71.4,85.7,14.3,1
1.33,6,23,8,Medium,Clear,Low,22,18.32,25.54,7.22,1
7.31,8,17,2,High,Clear,Low,20,44.24,61.88,17.64,1
9.19,17,14,7,Low,Rain,Medium,18,60.76,69.09,8.33,0
4.63,19,6,1,Low,Rain,Medium,17,44.52,57.36,12.84,1
0.63,29,4,1,Medium,Clear,High,13,38.52,58.23,19.71,1
7.34,23,13,3,Low,Clear,Medium,18,59.36,69.15,9.79,0
11.9,9,10,2,High,Rain,Medium,20,63.6,87.46,23.86,1
3.46,35,16,6,Low,Clear,Low,16,55.84,58.32,2.48,0
2.68,19,4,2,Low,Clear,High,9,36.72,53.83,17.11,1
1.93,34,6,3,Low,Clear,Medium,18,48.72,58.8,10.08,1
6.89,35,3,2,Medium,Clear,Medium,9,69.56,82.97,13.41,0
7.36,6,12,10,Medium,Clear,Low,12,42.44,49.03,6.59,0
9.61,20,8,9,Low,Clear,Low,10,65.44,69.79,4.35,0
9.16,18,6,3,Low,Storm,Low,8,61.64,73.67,12.03,0
10.76,20,16,2,Low,Clear,High,19,70.04,84.31,14.27,1
9.77,14,14,10,Low,Clear,Low,17,60.08,63.33,3.25,0
3.34,22,6,8,Medium,Storm,High,14,42.36,63.39,21.03,1
6.89,20,20,10,Medium,Clear,Low,13,54.56,63.54,8.98,0
3.92,10,10,2,Low,Clear,Medium,17,32.68,45.34,12.66,1
4.29,13,10,4,Low,Storm,Low,15,37.16,47.69,10.53,1
11.22,9,14,2,Medium,Clear,Low,11,60.88,70.86,9.98,0
8.34,31,4,5,Low,Clear,Medium,15,71.36,73.99,2.63,0
11.71,25,12,2,Low,Clear,Medium,19,78.84,91.4,12.56,0
5.29,17,17,1,Medium,Clear,Medium,16,45.16,61.72,16.56,1
6.68,17,3,6,Low,Rain,Medium,20,50.72,53.45,2.73,0
6.1,7,16,11,Low,Clear,Medium,15,38.4,44.89,6.49,0
1.73,13,1,8,Low,Rain,Medium,14,26.92,31.99,5.07,0
3.22,33,18,9,Medium,Clear,Medium,19,52.88,60.03,7.15,0
6.57,5,1,9,Low,Rain,Low,11,38.28,41.63,3.35,0
1.27,9,5,11,Medium,Clear,Medium,17,21.08,28.31,7.23,1
11.21,31,10,2,Medium,Rain,Low,17,82.84,101.19,18.35,1
1.92,21,18,3,Medium,Clear,Low,12,35.68,47.46,11.78,1
2.78,6,21,7,Medium,Rain,Low,11,24.12,36.49,12.37,1
9.3,20,14,10,Low,Rain,Medium,9,64.2,72.97,8.77,0
1.61,28,3,9,Low,Clear,Low,10,41.44,40.84,-0.6,0
10.85,15,11,9,Low,Clear,High,9,65.4,73.62,8.22,0
8.85,16,23,4,Medium,Clear,Medium,17,58.4,74.16,15.76,1
1.29,24,2,5,Medium,Clear,Low,9,36.16,42.06,5.9,0
8.46,23,21,1,Medium,Clear,Medium,15,63.84,80.06,16.22,1
7.76,32,11,4,Medium,Clear,Low,9,70.04,75.74,5.7,0
9.21,12,0,2,Low,Storm,Low,19,55.84,67.45,11.61,1
10.02,13,20,11,Low,Storm,High,18,60.08,81.2,21.12,1
8.76,9,0,2,Low,Clear,Medium,12,51.04,56.58,5.54,0
7.24,25,11,4,Medium,Clear,Low,19,60.96,70.73,9.77,0
4.21,21,5,10,Low,Clear,High,11,44.84,53.64,8.8,0
8.52,15,17,11,High,Rain,High,17,56.08,79.77,23.69,1
11.51,26,1,5,Low,Storm,Medium,17,79.04,89.29,10.25,0
7.26,16,2,6,Medium,Clear,Medium,14,52.04,61.82,9.78,0
8.14,11,15,6,Low,Clear,Medium,18,50.56,56.79,6.23,0
5.53,21,29,10,Medium,Clear,Medium,22,50.12,60.03,9.91,0
9.2,18,1,9,Low,Clear,Medium,14,61.8,62.58,0.78,0
11.97,17,13,6,Medium,Storm,High,12,71.88,90.19,18.31,1
2.34,18,24,5,High,Clear,Medium,14,34.36,54.56,20.2,1
2.83,33,8,5,Medium,Clear,Low,16,51.32,59.77,8.45,0
6.7,11,14,8,Low,Clear,Low,9,44.8,49.77,4.97,0
6.04,13,25,10,Medium,Clear,Medium,22,44.16,55.87,11.71,1
7.07,22,21,1,Low,Clear,Low,15,57.28,66.63,9.35,0
1.06,6,8,9,Low,Clear,Low,22,17.24,16.73,-0.51,0
5.15,9,22,6,Medium,Clear,Medium,22,36.6,46.02,9.42,1
7.2,22,20,2,Medium,Clear,High,8,57.8,78.71,20.91,1
7.23,20,15,2,Low,Rain,Low,9,55.92,70.69,14.77,1
8.06,25,13,4,Medium,Rain,Low,10,64.24,78.61,14.37,1
8.78,8,27,3,Medium,Clear,High,16,50.12,69.54,19.42,1
7.88,31,26,2,Medium,Clear,Medium,13,69.52,83.25,13.73,0
9.59,20,29,4,Low,Storm,Medium,8,65.36,81.83,16.47,1
7.68,9,20,10,Medium,Rain,Medium,16,46.72,63.1,16.38,1
6.68,14,10,8,Low,Storm,Medium,12,47.72,61.18,13.46,1
7.47,12,3,3,Low,Clear,Low,20,48.88,52.77,3.89,0
1.66,19,3,8,Low,Clear,Medium,19,32.64,35.39,2.75,0
3.64,19,28,5,High,Clear,Medium,20,40.56,57.66,17.1,1
6.57,18,10,9,Low,Rain,Low,16,51.28,53.87,2.59,0
10.54,19,3,3,Low,Clear,Low,18,68.16,76.9,8.74,0
8.31,33,6,1,Low,Clear,Medium,9,73.24,88.88,15.64,1
1.54,34,0,4,Low,Storm,Medium,19,47.16,58.52,11.36,1
7.31,20,15,11,High,Storm,Medium,14,56.24,76.73,20.49,1
3.05,34,17,7,Medium,Clear,Medium,8,53.2,63.94,10.74,1
8.94,30,11,1,Medium,Clear,Medium,9,72.76,89.67,16.91,1
10.02,30,22,11,Medium,Clear,Low,12,77.08,86.74,9.66,0
7.32,11,14,10,Low,Clear,High,13,47.28,58.79,11.51,1
7.3,18,28,6,Medium,Clear,High,11,54.2,68.46,14.26,1
4.39,15,22,9,High,Clear,Low,19,39.56,56.52,16.96,1
5.63,7,2,3,Medium,Rain,Medium,14,36.52,50.21,13.69,1
10.44,7,8,7,Medium,Rain,Medium,11,55.76,68.58,12.82,1
8.82,24,22,11,Low,Rain,High,18,66.28,80.16,13.88,1
6.48,18,16,5,Medium,Rain,Medium,14,50.92,65.96,15.04,1
4.73,30,22,1,Low,Clear,Medium,19,55.92,66.6,10.68,0
1.08,25,10,9,Medium,Clear,High,15,36.32,50.8,14.48,1
2.14,7,1,9,Low,Clear,Medium,19,22.56,24.1,1.54,0
2.72,30,23,9,Medium,Clear,Low,20,47.88,56.63,8.75,0
4.79,20,23,8,High,Clear,Medium,9,46.16,66.25,20.09,1
11.36,22,19,2,Medium,Clear,Medium,9,74.44,89.63,15.19,1
6.31,34,12,2,Low,Clear,Medium,18,66.24,75.72,9.48,0
3.2,24,0,9,Medium,Clear,Medium,16,43.8,50.06,6.26,0
1.72,5,21,10,High,Clear,Medium,11,18.88,35.21,16.33,1
4.39,10,19,1,Medium,Clear,Medium,8,34.56,51.26,16.7,1
9.88,18,20,7,High,Clear,High,22,64.52,85.73,21.21,1
4.91,6,5,6,Medium,Clear,Medium,9,32.64,40.96,8.32,1
9.38,10,21,4,High,Rain,Medium,14,54.52,77.65,23.13,1
9.73,29,21,8,Low,Clear,Medium,11,74.92,80.48,5.56,0
1.77,9,25,11,Medium,Clear,Low,13,23.08,30.19,7.11,1
7.5,10,17,10,Medium,Clear,Low,18,47.0,54.16,7.16,0
11.53,20,21,2,High,Clear,High,15,73.12,99.83,26.71,1
5.12,7,12,6,Low,Clear,Medium,8,34.48,39.43,4.95,0
1.09,12,20,11,Low,Clear,Medium,9,23.36,28.95,5.59,1
11.12,34,20,3,Low,Clear,Low,22,85.48,94.14,8.66,0
10.66,24,23,10,Medium,Rain,Low,11,73.64,83.36,9.72,0
6.5,34,25,6,High,Rain,Low,14,67.0,84.76,17.76,1
6.85,15,0,6,Medium,Clear,Medium,19,49.4,55.79,6.39,0
2.94,24,23,3,Low,Rain,Medium,20,42.76,57.29,14.53,1
9.92,12,23,11,Low,Clear,Low,12,58.68,65.65,6.97,0
6.23,16,16,6,High,Clear,Medium,11,47.92,61.49,13.57,1
0.89,10,15,7,Low,Rain,High,14,20.56,28.78,8.22,1
8.35,30,21,6,Low,Storm,High,13,70.4,88.41,18.01,1
11.43,10,13,1,Low,Clear,High,18,62.72,78.02,15.3,1
10.04,11,12,9,Medium,Clear,Medium,18,58.16,61.54,3.38,0
3.69,19,24,4,Medium,Clear,Medium,11,40.76,58.05,17.29,1
1.11,18,23,3,Low,Clear,Medium,13,29.44,42.16,12.72,1
11.31,14,6,9,Low,Clear,Low,18,66.24,68.77,2.53,0
11.28,16,24,3,High,Clear,High,15,68.12,93.35,25.23,1
6.62,14,9,8,Low,Rain,Medium,16,47.48,56.12,8.64,0
7.89,33,4,6,Low,Clear,Medium,20,71.56,74.51,2.95,0
5.82,22,26,9,Low,Clear,Low,17,52.28,59.11,6.83,0
5.33,33,7,1,Low,Rain,Low,17,61.32,74.1,12.78,1
1.87,35,6,9,Medium,Clear,High,15,49.48,61.61,12.13,1
1.61,25,8,3,Medium,Clear,Low,20,38.44,48.12,9.68,1
3.18,30,14,10,Low,Clear,Low,8,49.72,55.45,5.73,0
10.12,8,4,4,High,Clear,Medium,9,55.48,71.61,16.13,1
2.18,34,4,1,Low,Clear,Medium,18,49.72,59.46,9.74,0
3.11,19,11,6,High,Clear,Low,17,38.44,51.31,12.87,1
6.81,27,6,1,Low,Clear,Low,12,61.24,71.42,10.18,0
2.97,12,5,3,Low,Clear,Medium,17,30.88,38.59,7.71,1
2.38,7,27,8,High,Rain,High,9,23.52,48.82,25.3,1
6.98,32,17,7,High,Rain,Medium,17,66.92,84.19,17.27,1
4.73,18,0,8,Medium,Clear,Medium,13,43.92,51.11,7.19,0
7.7,9,3,10,Medium,Clear,Medium,16,46.8,51.97,5.17,0
10.99,25,24,6,Medium,Rain,Medium,13,75.96,90.26,14.3,0
2.24,6,8,6,Medium,Clear,Medium,18,21.96,29.22,7.26,1
11.0,18,4,1,Low,Clear,High,9,69.0,86.77,17.77,1
10.88,26,19,4,Medium,Clear,Medium,20,76.52,92.42,15.9,1
10.03,27,25,8,Medium,Clear,Low,15,74.12,80.83,6.71,0
7.76,19,11,1,Medium,Clear,Low,11,57.04,71.23,14.19,1
7.63,16,22,4,High,Clear,High,22,53.52,76.3,22.78,1
7.85,30,12,2,Medium,Clear,Low,9,68.4,81.73,13.33,0
8.44,10,3,10,Low,Rain,Medium,16,50.76,57.55,6.79,0
0.69,7,23,7,Low,Clear,Medium,9,16.76,23.59,6.83,1
11.52,9,27,8,Medium,Rain,Low,21,62.08,74.67,12.59,1
7.23,29,29,8,Low,Clear,Medium,10,64.92,73.29,8.37,0
9.49,19,3,3,High,Clear,Medium,11,63.96,84.74,20.78,1
4.84,6,16,1,Low,Clear,High,17,32.36,48.97,16.61,1
0.64,10,18,5,Low,Clear,Low,21,19.56,23.67,4.11,1
6.36,5,2,3,Medium,Clear,Low,14,37.44,46.86,9.42,1
6.33,30,28,4,Low,Rain,Low,11,62.32,73.8,11.48,0
5.53,19,3,4,Medium,Clear,Low,13,48.12,54.12,6.0,0
4.41,7,8,9,Low,Storm,Medium,21,31.64,46.98,15.34,1
3.37,11,29,4,Medium,Clear,Medium,21,31.48,42.1,10.62,1
6.57,24,16,2,Medium,Clear,Low,9,57.28,68.29,11.01,0
4.82,23,20,11,High,Clear,High,21,49.28,71.61,22.33,1
11.65,30,14,1,Low,Rain,Low,20,83.6,95.64,12.04,0
2.49,5,22,3,Low,Clear,Medium,16,21.96,31.48,9.52,1
4.18,7,2,4,Medium,Clear,High,11,30.72,43.19,12.47,1
3.88,6,20,1,High,Clear,Medium,14,28.52,51.95,23.43,1
6.75,17,1,10,Medium,Clear,Medium,19,51.0,59.47,8.47,0
6.24,27,5,4,Medium,Clear,High,12,58.96,74.77,15.81,1
7.9,25,15,9,Medium,Rain,Medium,13,63.6,76.78,13.18,1
11.43,11,13,2,Medium,Clear,Low,14,63.72,78.43,14.71,1
3.78,25,4,6,High,Rain,Low,9,47.12,58.15,11.03,1
8.47,25,23,2,High,Clear,High,14,65.88,93.63,27.75,1
0.79,10,9,3,Medium,Rain,Low,10,20.16,35.66,15.5,1
3.52,28,25,5,Medium,Storm,High,8,49.08,75.03,25.95,1
5.83,18,0,10,High,Clear,Low,13,48.32,61.19,12.87,1
0.86,6,7,4,Low,Storm,Low,19,16.44,26.66,10.22,1
7.6,17,8,9,Low,Rain,High,22,54.4,67.83,13.43,1
8.3,28,17,2,High,Clear,High,14,68.2,93.75,25.55,1
9.09,26,12,3,Medium,Clear,Low,19,69.36,80.95,11.59,0
6.44,13,4,7,Low,Clear,Low,11,45.76,49.18,3.42,0
7.45,28,17,6,Medium,Clear,Medium,17,64.8,73.61,8.81,0
5.05,17,28,6,Medium,Clear,Medium,17,44.2,53.09,8.89,1
0.97,19,4,8,Medium,Clear,Medium,12,29.88,41.38,11.5,1
1.65,7,7,1,Medium,Clear,Low,14,20.6,34.98,14.38,1
8.03,35,14,8,Low,Clear,High,18,74.12,83.71,9.59,0
11.95,30,21,10,Medium,Clear,Low,12,84.8,92.68,7.88,0
0.68,11,4,9,Low,Clear,Low,17,20.72,17.33,-3.39,0
6.91,22,6,4,High,Storm,Medium,11,56.64,81.26,24.62,1
9.14,29,7,4,Low,Clear,Low,16,72.56,74.9,2.34,0
10.01,20,18,11,Medium,Clear,Medium,8,67.04,77.74,10.7,0
6.77,11,2,9,Medium,Clear,Medium,14,45.08,52.54,7.46,0
7.63,35,19,11,Medium,Storm,Medium,15,72.52,84.56,12.04,0
8.51,13,12,11,Medium,Clear,Medium,20,54.04,64.42,10.38,0
10.38,15,9,5,Medium,Clear,Low,13,63.52,69.7,6.18,0
1.91,16,25,2,Medium,Clear,High,8,30.64,53.29,22.65,1
11.15,32,24,3,Low,Clear,Medium,8,83.6,95.03,11.43,0
0.8,20,24,4,Low,Clear,Medium,16,30.2,40.1,9.9,1
10.12,27,26,10,Medium,Clear,Low,20,74.48,84.03,9.55,0
1.38,32,7,4,Low,Clear,Medium,21,44.52,51.47,6.95,0
2.74,33,25,4,Medium,Clear,Medium,20,50.96,65.91,14.95,1
0.54,31,5,10,Low,Storm,Medium,13,40.16,52.73,12.57,1
5.62,33,9,2,Medium,Clear,Medium,15,62.48,80.98,18.5,1
4.35,34,16,8,Low,Storm,Low,21,58.4,68.15,9.75,0
2.41,35,22,7,Medium,Clear,High,20,51.64,66.29,14.65,1
5.69,24,17,11,Low,Clear,Low,14,53.76,60.55,6.79,0
5.13,9,16,6,Medium,Clear,Low,15,36.52,43.41,6.89,0
9.33,8,11,6,Low,Rain,Medium,9,52.32,62.38,10.06,0
10.77,29,17,10,Medium,Rain,Low,10,79.08,89.75,10.67,0
8.0,14,14,11,Low,Clear,Medium,15,53.0,58.34,5.34,0
1.93,29,14,9,Medium,Clear,Low,15,43.72,52.49,8.77,1
3.9,33,17,8,Medium,Clear,Medium,16,55.6,67.04,11.44,1
11.0,24,18,10,High,Clear,Medium,12,75.0,88.53,13.53,0
1.52,28,9,11,Medium,Rain,Medium,11,41.08,53.23,12.15,1
5.18,13,4,9,Medium,Clear,Medium,14,40.72,46.53,5.81,0
11.34,18,8,4,Medium,Clear,Medium,21,70.36,83.5,13.14,0
11.43,34,12,8,Low,Clear,High,22,86.72,99.63,12.91,0
5.23,30,4,3,Medium,Clear,Medium,8,57.92,73.47,15.55,1
8.18,11,5,6,Low,Storm,Medium,13,50.72,63.44,12.72,1
5.75,34,28,5,Medium,Clear,Low,15,64.0,72.68,8.68,0
9.16,20,8,11,Low,Rain,Low,11,63.64,68.88,5.24,0
0.86,31,22,7,Low,Clear,Medium,13,41.44,46.96,5.52,0
2.16,21,3,11,Medium,Clear,Medium,9,36.64,48.93,12.29,1
7.56,23,29,9,Medium,Clear,High,14,60.24,79.43,19.19,1
3.17,10,6,10,Low,Clear,High,21,29.68,38.49,8.81,1
8.16,15,11,2,Medium,Clear,Medium,21,54.64,71.83,17.19,1
4.54,27,23,9,Medium,Clear,Medium,8,52.16,62.78,10.62,1
10.7,31,6,3,Low,Rain,Medium,17,80.8,89.78,8.98,0
9.92,7,16,7,Low,Clear,Medium,21,53.68,55.45,1.77,0
6.17,7,23,6,High,Clear,Medium,19,38.68,56.45,17.77,1
9.39,26,0,3,High,Clear,Medium,8,70.56,87.14,16.58,1
3.62,18,0,11,Low,Clear,Low,13,39.48,40.52,1.04,0
6.18,31,23,10,Medium,Clear,Low,19,62.72,71.35,8.63,0
2.77,7,7,7,Low,Clear,Medium,22,25.08,30.43,5.35,1
10.4,15,27,1,High,Clear,Medium,12,63.6,91.62,28.02,1
9.97,6,27,3,Low,Clear,Low,12,52.88,59.36,6.48,0
10.87,26,26,3,Low,Clear,Low,11,76.48,87.42,10.94,0
10.59,31,29,11,Low,Rain,Low,21,80.36,88.35,7.99,0
11.54,9,24,5,Medium,Clear,High,10,62.16,79.0,16.84,1
3.13,15,11,1,Low,Storm,High,13,34.52,61.76,27.24,1
11.22,31,29,7,Medium,Clear,High,10,82.88,101.74,18.86,1
7.07,6,10,11,Medium,Rain,High,22,41.28,57.54,16.26,1
5.36,34,17,7,Medium,Rain,Low,8,62.44,73.2,10.76,0
6.94,32,0,5,Medium,Clear,Low,15,66.76,72.54,5.78,0
4.44,9,28,2,Low,Clear,Medium,10,33.76,45.36,11.6,1
3.82,9,17,10,Low,Clear,Medium,14,31.28,35.78,4.5,0
3.28,26,28,2,Low,Clear,Medium,16,46.12,60.16,14.04,1
1.45,5,10,11,Medium,Clear,Low,18,17.8,21.13,3.33,0
6.21,20,9,3,Low,Clear,High,16,51.84,64.1,12.26,1
10.71,7,15,2,Medium,Rain,Medium,14,56.84,75.19,18.35,1
7.75,21,25,4,Medium,Clear,Medium,12,59.0,73.17,14.17,1
6.49,15,16,1,Medium,Rain,High,20,47.96,73.05,25.09,1
5.43,26,23,1,Medium,Clear,Medium,18,54.72,76.46,21.74,1
5.84,32,6,3,Low,Clear,Medium,18,62.36,71.71,9.35,0
2.91,20,23,8,Low,Clear,Medium,19,38.64,46.1,7.46,0
9.96,24,21,9,Medium,Clear,Medium,11,70.84,81.37,10.53,0
2.78,23,26,3,Low,Clear,High,22,41.12,57.22,16.1,1
8.74,35,1,8,Medium,Clear,Medium,21,76.96,84.1,7.14,0
9.24,12,11,4,High,Clear,Medium,14,55.96,78.2,22.24,1
7.11,12,2,5,Low,Clear,High,11,47.44,51.92,4.48,0
10.42,16,12,4,Low,Rain,Medium,13,64.68,73.23,8.55,0
3.85,27,22,10,Low,Clear,Medium,13,49.4,54.65,5.25,0
10.64,31,19,6,Low,Rain,Medium,22,80.56,90.9,10.34,0
8.89,13,22,6,High,Clear,Low,12,55.56,70.42,14.86,1
9.69,8,22,10,High,Clear,Medium,22,53.76,70.01,16.25,1
8.14,23,29,8,Low,Clear,High,11,62.56,77.15,14.59,1
10.23,23,26,2,High,Rain,Low,21,70.92,95.86,24.94,1
11.92,16,17,3,Low,Clear,Low,21,70.68,79.96,9.28,0
5.33,10,26,4,High,Clear,Low,17,38.32,57.93,19.61,1
9.86,31,1,2,Medium,Rain,Medium,9,77.44,89.38,11.94,0
9.06,31,21,8,Low,Rain,Low,17,74.24,82.81,8.57,0
5.71,28,15,6,Medium,Rain,Medium,21,57.84,68.26,10.42,0
11.16,22,28,1,Medium,Rain,Low,21,73.64,94.74,21.1,1
5.04,13,15,5,Low,Clear,Low,14,40.16,43.01,2.85,0
7.0,17,5,10,Low,Rain,Low,15,52.0,55.94,3.94,0
1.72,7,21,10,Medium,Clear,Low,13,20.88,26.67,5.79,1
3.1,12,28,11,Low,Rain,High,11,31.4,49.06,17.66,1
10.17,18,0,11,Low,Clear,High,17,65.68,70.1,4.42,0
5.06,18,1,7,Low,Clear,Medium,22,45.24,49.94,4.7,0
5.03,7,19,11,Medium,Clear,High,12,34.12,46.06,11.94,1
3.33,34,16,11,Low,Rain,Low,20,54.32,60.48,6.16,0
6.15,13,16,7,Medium,Clear,High,9,44.6,62.41,17.81,1
9.77,20,2,5,Low,Rain,Medium,8,66.08,77.2,11.12,0
10.79,19,17,11,Low,Clear,Medium,21,69.16,72.32,3.16,0
1.31,19,17,5,Medium,Clear,Medium,9,31.24,40.23,8.99,1
7.11,31,25,2,Low,Clear,Medium,14,66.44,79.39,12.95,0
5.87,28,11,2,Medium,Clear,Low,21,58.48,75.19,16.71,1
7.56,31,10,7,Low,Clear,Low,13,68.24,70.1,1.86,0
5.64,16,2,1,Medium,Storm,Medium,12,45.56,71.11,25.55,1
5.08,13,17,2,Low,Clear,Medium,8,40.32,53.32,13.0,1
5.93,18,19,3,Medium,Clear,High,18,48.72,65.12,16.4,1
7.19,22,8,6,Low,Clear,Low,12,57.76,55.64,-2.12,0
6.26,15,21,6,High,Rain,Medium,9,47.04,66.01,18.97,1
5.93,19,28,6,Low,Clear,Medium,15,49.72,62.95,13.23,1
9.91,9,5,6,Low,Rain,Low,10,55.64,60.16,4.52,0
9.07,23,17,11,Medium,Clear,Medium,20,66.28,78.79,12.51,0
4.43,27,20,3,Low,Rain,Medium,19,51.72,62.88,11.16,1
9.71,21,0,6,Medium,Clear,Medium,22,66.84,73.19,6.35,0
10.32,32,5,7,Medium,Rain,Low,22,80.28,89.84,9.56,0
2.27,35,11,4,Medium,Rain,Low,20,51.08,60.1,9.02,0
7.2,33,4,2,Medium,Rain,Low,15,68.8,82.47,13.67,0
3.78,7,10,1,High,Clear,High,10,29.12,54.36,25.24,1
9.0,32,4,4,Medium,Rain,High,8,75.0,93.45,18.45,1
3.25,15,26,3,Low,Clear,Low,9,35.0,45.0,10.0,1
8.22,19,17,3,Medium,Clear,Medium,11,58.88,74.65,15.77,1
3.43,17,9,3,Low,Clear,High,21,37.72,52.26,14.54,1
6.38,13,23,8,Low,Clear,Low,11,45.52,49.66,4.14,0
11.41,32,0,10,Low,Clear,Low,9,84.64,86.65,2.01,0
4.89,24,17,6,Low,Clear,Low,22,50.56,52.78,2.22,0
10.57,34,20,1,Low,Clear,Low,14,83.28,96.53,13.25,0
11.85,34,24,9,Low,Clear,High,14,88.4,96.26,7.86,0
10.56,18,6,2,Medium,Clear,High,12,67.24,83.95,16.71,1
2.41,27,17,1,Medium,Clear,Medium,22,43.64,66.67,23.03,1
9.93,20,23,7,High,Clear,Medium,13,66.72,85.54,18.82,1
0.87,20,23,5,Low,Clear,High,20,30.48,43.3,12.82,1
5.02,27,5,4,Low,Clear,Low,22,54.08,55.43,1.35,0
10.51,26,29,11,Medium,Rain,Low,14,75.04,85.65,10.61,0
8.42,33,8,2,Low,Clear,Low,18,73.68,80.75,7.07,0
6.63,28,11,1,Low,Clear,High,8,61.52,78.59,17.07,1
4.96,24,5,7,Medium,Rain,Medium,19,50.84,65.67,14.83,1
9.84,33,4,5,Medium,Rain,Medium,22,79.36,92.2,12.84,0
8.66,8,7,9,Low,Clear,Medium,10,49.64,54.26,4.62,0
5.89,28,4,1,Medium,Rain,Low,8,58.56,74.49,15.93,1
10.76,17,21,5,Medium,Storm,Medium,8,67.04,87.76,20.72,1
3.14,18,17,2,High,Clear,High,20,37.56,61.32,23.76,1
2.46,29,11,1,Low,Clear,High,11,45.84,59.2,13.36,1
7.89,13,16,6,Medium,Clear,Medium,14,51.56,63.25,11.69,1
11.68,32,18,9,Medium,Rain,Low,13,85.72,96.46,10.74,0
3.34,20,5,2,Low,Clear,High,12,40.36,51.74,11.38,1
3.37,15,8,10,Medium,Clear,Medium,10,35.48,39.89,4.41,0
2.1,15,26,6,Medium,Rain,Medium,14,30.4,47.39,16.99,1
10.4,18,0,6,Low,Rain,Low,21,66.6,68.56,1.96,0
3.1,34,28,11,Medium,Clear,Low,13,53.4,63.8,10.4,0
6.29,8,28,4,Low,Storm,Medium,20,40.16,58.23,18.07,1
11.9,20,7,3,Medium,Rain,Medium,18,74.6,89.93,15.33,1
0.64,30,9,9,Low,Rain,Low,19,39.56,43.18,3.62,0
6.9,19,6,2,Medium,Rain,Low,16,53.6,67.65,14.05,1
6.39,22,16,10,Low,Clear,Medium,13,54.56,61.91,7.35,0
9.79,15,6,10,Medium,Rain,Medium,11,61.16,71.81,10.65,0
4.59,9,23,11,Medium,Clear,Medium,12,34.36,45.29,10.93,1
5.22,24,11,6,Medium,Rain,Low,15,51.88,62.3,10.42,1
2.43,33,29,7,Medium,Rain,High,14,49.72,70.87,21.15,1
9.02,21,25,10,Low,Rain,High,14,64.08,76.81,12.73,0
9.52,18,12,2,Low,Rain,Medium,13,63.08,77.42,14.34,1
2.07,9,17,4,Medium,Rain,Medium,21,24.28,38.63,14.35,1
5.02,34,0,6,Low,Clear,High,17,61.08,68.11,7.03,0
10.77,31,2,7,Medium,Clear,Low,21,81.08,88.35,7.27,0
0.53,32,15,8,Medium,Clear,High,21,41.12,55.84,14.72,1
3.94,16,14,11,High,Rain,Medium,17,38.76,61.89,23.13,1
6.88,24,11,6,Low,Clear,Medium,9,58.52,64.16,5.64,0
4.34,18,2,2,Medium,Clear,Medium,22,42.36,55.43,13.07,1
3.63,12,25,3,Low,Clear,Low,15,33.52,42.48,8.96,1
5.79,11,12,9,High,Clear,Medium,13,41.16,56.85,15.69,1
2.59,16,14,6,Medium,Clear,Medium,14,33.36,43.81,10.45,1
6.59,22,12,7,Medium,Storm,Low,9,55.36,67.78,12.42,1
8.63,8,14,7,Medium,Rain,Medium,17,49.52,61.85,12.33,1
7.12,26,19,9,Low,Clear,High,8,61.48,70.83,9.35,0
1.57,19,22,3,Medium,Rain,High,18,32.28,56.74,24.46,1
10.21,32,16,2,Medium,Clear,Medium,20,79.84,92.19,12.35,0
2.51,13,4,9,Low,Clear,Low,14,30.04,31.15,1.11,0
9.3,6,26,5,High,Clear,Medium,13,50.2,65.36,15.16,1
4.65,14,8,9,High,Rain,Low,18,39.6,55.06,15.46,1
9.5,35,0,2,High,Clear,High,20,80.0,102.2,22.2,1
2.87,14,1,3,Medium,Clear,Medium,9,32.48,40.05,7.57,1
2.65,26,23,11,Low,Clear,High,14,43.6,57.08,13.48,1
6.22,31,11,10,Medium,Clear,Low,12,62.88,64.05,1.17,0
0.88,13,0,1,Low,Clear,High,8,23.52,38.46,14.94,1
3.09,24,24,9,Medium,Clear,High,8,43.36,60.54,17.18,1
8.83,11,9,1,Low,Rain,Medium,15,53.32,71.87,18.55,1
10.13,16,29,2,High,Clear,High,19,63.52,89.1,25.58,1
1.43,14,26,10,Low,Clear,Medium,16,26.72,33.89,7.17,1
10.64,25,1,2,Low,Clear,Medium,11,74.56,85.93,11.37,0
9.67,32,20,4,Low,Clear,Low,14,77.68,85.98,8.3,0
10.5,12,18,2,Medium,Rain,Low,22,61.0,80.16,19.16,1
8.53,14,5,7,Low,Clear,Low,20,55.12,61.24,6.12,0
8.25,30,10,1,Low,Clear,Medium,9,70.0,81.98,11.98,0
6.54,19,14,4,Low,Rain,Medium,17,52.16,63.7,11.54,1
8.01,20,4,4,Low,Rain,Low,17,59.04,64.15,5.11,0
11.07,26,21,8,High,Clear,Low,13,77.28,87.53,10.25,0
1.66,9,8,6,Medium,Clear,Medium,13,22.64,31.06,8.42,1
4.13,32,28,3,Low,Rain,High,18,55.52,71.13,15.61,1
1.33,16,24,6,Low,Clear,Medium,22,28.32,35.08,6.76,1
11.37,25,19,6,Low,Rain,Medium,12,77.48,84.34,6.86,0
5.62,18,3,4,Low,Clear,High,21,47.48,57.96,10.48,1
8.27,28,0,6,Low,Rain,Medium,20,68.08,72.52,4.44,0
10.17,23,4,4,Low,Clear,Medium,8,70.68,72.91,2.23,0
11.9,10,14,4,Low,Clear,Medium,12,64.6,74.13,9.53,0
2.36,10,23,9,Low,Rain,High,14,26.44,39.83,13.39,1
9.69,32,4,3,Medium,Clear,Low,17,77.76,85.7,7.94,0
10.71,21,21,4,Low,Clear,Medium,11,70.84,78.08,7.24,0
1.06,13,1,2,Medium,Clear,Medium,14,24.24,39.74,15.5,1
9.17,9,7,8,Medium,Rain,Low,9,52.68,61.62,8.94,0
4.58,8,17,8,High,Clear,Medium,9,33.32,48.49,15.17,1
7.96,33,24,8,Low,Clear,High,14,71.84,79.81,7.97,0
6.41,35,23,2,Medium,Clear,High,17,67.64,94.26,26.62,1
3.49,17,15,5,High,Clear,High,14,37.96,61.92,23.96,1
2.06,11,1,4,High,Rain,Medium,13,26.24,47.33,21.09,1
1.84,17,8,9,Medium,Clear,Medium,15,31.36,38.55,7.19,1
1.69,9,23,4,Low,Clear,High,17,22.76,35.36,12.6,1
7.83,22,2,5,High,Clear,Low,18,60.32,71.52,11.2,0
4.54,24,21,5,Medium,Clear,Low,16,49.16,55.57,6.41,0
2.99,35,21,9,Low,Clear,Medium,9,53.96,59.18,5.22,0
8.46,14,22,8,Low,Clear,Medium,8,54.84,65.16,10.32,0
8.4,11,6,10,High,Rain,Medium,13,51.6,68.69,17.09,1
6.7,9,7,5,Low,Rain,High,11,42.8,51.96,9.16,1
11.25,16,5,10,Medium,Rain,Low,16,68.0,77.91,9.91,0
4.93,23,11,10,Low,Clear,High,18,49.72,57.77,8.05,0
10.11,7,15,6,Medium,Rain,Medium,11,54.44,63.48,9.04,0
1.36,28,3,8,Low,Clear,High,15,40.44,45.77,5.33,0
9.01,19,17,11,Medium,Clear,Medium,11,62.04,71.41,9.37,0
11.87,29,7,10,Medium,Clear,Medium,14,83.48,92.32,8.84,0
10.24,19,16,4,High,Clear,Medium,13,66.96,85.5,18.54,1
7.17,9,9,8,Low,Clear,Medium,8,44.68,51.94,7.26,0
7.71,5,28,5,Low,Clear,Low,17,42.84,47.97,5.13,0
4.56,22,9,2,Low,Rain,Low,12,47.24,57.11,9.87,1
8.31,21,26,5,Low,Storm,Low,19,61.24,76.93,15.69,1
9.36,30,5,11,High,Clear,Medium,18,74.44,90.4,15.96,1
11.98,32,2,11,Low,Rain,Medium,10,86.92,92.89,5.97,0
6.16,9,5,9,Low,Clear,Medium,21,40.64,45.22,4.58,0
1.2,14,12,11,Medium,Clear,Medium,8,25.8,34.25,8.45,1
7.35,11,27,7,Low,Storm,Low,16,47.4,58.48,11.08,1
1.87,8,5,9,Low,Clear,Low,20,22.48,27.87,5.39,1
3.31,5,23,2,Medium,Clear,Medium,16,25.24,41.76,16.52,1
4.28,7,20,4,Low,Clear,Medium,16,31.12,40.71,9.59,1
8.91,21,10,2,Medium,Clear,Medium,15,63.64,75.61,11.97,0
2.61,9,10,11,Medium,Rain,Medium,8,26.44,39.91,13.47,1
2.41,11,28,7,Low,Clear,High,18,27.64,37.83,10.19,1
1.02,8,21,11,Medium,Clear,High,22,19.08,37.64,18.56,1
10.54,27,7,5,High,Clear,Medium,19,76.16,94.15,17.99,1
8.48,24,27,5,Low,Clear,Medium,8,64.92,74.45,9.53,0
0.96,34,12,8,Medium,Clear,Low,11,44.84,51.47,6.63,0
0.83,8,2,7,Low,Rain,Medium,20,18.32,24.35,6.03,1
6.92,11,24,5,Medium,Clear,Medium,18,45.68,57.38,11.7,1
3.75,19,26,4,Medium,Rain,Low,13,41.0,56.02,15.02,1
7.36,25,13,6,Low,Clear,Low,11,61.44,64.22,2.78,0
5.5,9,21,1,Medium,Clear,High,14,38.0,63.16,25.16,1
11.12,11,7,3,Low,Clear,Low,8,62.48,66.04,3.56,0
3.81,18,25,1,Medium,Clear,Medium,9,40.24,63.3,23.06,1
8.31,5,11,2,Medium,Rain,High,9,45.24,66.59,21.35,1
1.12,17,8,3,Low,Rain,Medium,20,28.48,38.59,10.11,1
11.49,28,15,1,Low,Clear,Low,8,80.96,92.69,11.73,0
11.78,21,8,1,High,Rain,High,16,75.12,105.57,30.45,1
9.0,18,18,10,Low,Rain,Medium,12,61.0,67.13,6.13,0
5.85,20,22,3,Low,Clear,Low,19,50.4,57.84,7.44,0
3.03,34,12,7,Low,Clear,Medium,9,53.12,54.18,1.06,0
9.84,21,23,2,Medium,Rain,Low,21,67.36,83.61,16.25,1
8.97,21,12,11,Low,Rain,Medium,9,63.88,71.01,7.13,0
3.05,33,29,3,Medium,Clear,High,20,52.2,73.59,21.39,1
5.69,9,7,9,Medium,Clear,Medium,10,38.76,45.58,6.82,0
5.82,7,21,8,Low,Clear,High,8,37.28,47.38,10.1,1
10.0,18,16,9,Medium,Clear,Medium,8,65.0,77.81,12.81,0
8.36,14,28,7,Low,Clear,High,19,54.44,71.17,16.73,1
7.9,11,6,6,Low,Clear,Medium,13,49.6,51.96,2.36,0
7.97,8,5,9,Medium,Clear,Low,14,46.88,53.92,7.04,0
3.61,32,26,9,Low,Clear,High,20,53.44,66.42,12.98,1
4.77,24,27,5,High,Clear,High,11,50.08,69.0,18.92,1
1.03,26,22,11,Medium,Clear,Medium,16,37.12,46.94,9.82,1
9.55,8,14,11,Low,Clear,Medium,12,53.2,52.94,-0.26,0
5.48,15,12,8,High,Rain,Low,8,43.92,59.97,16.05,1
5.54,24,19,11,Medium,Rain,Low,22,53.16,61.81,8.65,0
3.32,21,22,2,Low,Clear,Low,13,41.28,51.95,10.67,1
2.91,26,8,6,Medium,Rain,Medium,20,44.64,61.38,16.74,1
7.26,25,0,8,High,Rain,Low,14,61.04,77.23,16.19,1
3.17,17,2,11,Low,Clear,Low,21,36.68,35.55,-1.13,0
1.24,29,10,2,Low,Storm,High,10,40.96,61.94,20.98,1
9.33,13,20,9,Medium,Clear,Medium,16,57.32,70.91,13.59,1
4.83,7,13,1,Low,Clear,High,13,33.32,48.91,15.59,1
4.87,33,18,4,Low,Rain,Low,22,59.48,70.06,10.58,0
5.46,5,14,8,Medium,Clear,Low,13,33.84,46.11,12.27,1
9.87,13,7,4,High,Clear,Medium,19,59.48,77.23,17.75,1
4.19,8,22,10,Medium,Clear,Medium,15,31.76,45.53,13.77,1
9.22,12,21,11,Low,Clear,Medium,14,55.88,65.22,9.34,0
11.3,17,28,2,Low,Clear,High,18,69.2,86.69,17.49,1
8.1,9,24,3,Low,Clear,Medium,17,48.4,60.78,12.38,1
5.46,19,11,1,Low,Storm,Medium,15,47.84,67.13,19.29,1
9.1,33,21,8,Medium,Clear,Medium,8,76.4,90.18,13.78,0
5.77,9,10,10,Low,Rain,Low,9,39.08,41.91,2.83,0
5.27,33,26,7,Medium,Clear,Medium,16,61.08,74.68,13.6,1
6.54,17,18,2,Medium,Clear,Medium,8,50.16,69.02,18.86,1
4.15,23,25,2,Medium,Rain,Low,17,46.6,63.62,17.02,1
1.7,18,8,1,High,Clear,Medium,21,31.8,52.96,21.16,1
5.27,14,0,6,Medium,Clear,Medium,19,42.08,48.74,6.66,0
1.92,8,4,8,High,Rain,Medium,18,22.68,37.7,15.02,1
5.22,23,15,2,Medium,Clear,High,12,50.88,71.19,20.31,1
6.9,33,28,10,Medium,Clear,Medium,17,67.6,78.37,10.77,0
11.2,21,18,3,Low,Storm,Medium,10,72.8,89.71,16.91,1
0.92,23,24,6,Low,Clear,High,21,33.68,46.57,12.89,1
7.65,24,14,8,High,Clear,Medium,9,61.6,78.64,17.04,1
5.76,17,28,6,Low,Clear,Low,16,47.04,52.05,5.01,0
0.73,8,28,6,High,Clear,Low,15,17.92,30.23,12.31,1
3.37,20,6,4,Low,Clear,Low,9,40.48,46.02,5.54,0
1.86,31,25,5,Medium,Clear,Low,10,45.44,53.54,8.1,0
2.99,14,0,3,Low,Clear,Medium,18,32.96,44.08,11.12,1
3.66,32,17,4,High,Rain,Medium,16,53.64,74.78,21.14,1
5.12,31,13,9,Low,Rain,High,10,58.48,71.35,12.87,1
6.58,12,9,10,Low,Clear,Medium,10,45.32,49.26,3.94,0
0.51,22,28,10,High,Clear,Low,17,31.04,47.13,16.09,1
2.36,28,19,4,Low,Clear,High,17,44.44,64.19,19.75,1
1.58,20,4,4,Low,Rain,Medium,14,33.32,41.42,8.1,1
6.82,26,4,1,High,Clear,Low,8,60.28,81.63,21.35,1
4.28,33,3,4,Medium,Rain,Low,8,57.12,66.9,9.78,0
6.81,24,9,7,Low,Clear,Medium,10,58.24,65.39,7.15,0
3.05,30,2,3,Medium,Rain,Medium,8,49.2,59.74,10.54,1
0.78,29,7,9,Low,Storm,Medium,16,39.12,55.41,16.29,1
11.33,30,22,1,Low,Clear,High,13,82.32,102.4,20.08,1
1.75,31,26,5,Medium,Clear,Medium,11,45.0,56.66,11.66,1
1.96,11,23,4,Low,Clear,High,16,25.84,41.25,15.41,1
2.19,5,14,6,Medium,Clear,Medium,18,20.76,30.85,10.09,1
11.78,9,20,1,Low,Rain,Medium,10,63.12,78.82,15.7,1
7.6,12,28,5,High,Clear,Low,17,49.4,60.15,10.75,1
7.52,26,1,9,Medium,Clear,Medium,9,63.08,73.93,10.85,0
11.85,20,27,10,Low,Rain,Medium,16,74.4,85.35,10.95,0
1.52,19,21,3,High,Storm,Medium,13,32.08,60.05,27.97,1
11.71,5,11,5,Medium,Clear,Medium,9,58.84,66.97,8.13,0
2.85,26,13,8,Low,Storm,Medium,20,44.4,60.93,16.53,1
7.67,16,13,6,High,Clear,Medium,10,53.68,68.3,14.62,1
5.33,28,4,6,Low,Clear,Medium,19,56.32,61.41,5.09,0
4.92,8,6,4,Low,Clear,Medium,13,34.68,40.21,5.53,0
11.21,14,8,10,Low,Clear,High,18,65.84,71.93,6.09,0
2.22,6,0,7,Low,Clear,Medium,18,21.88,26.68,4.8,1
11.97,13,15,11,Medium,Clear,Medium,14,67.88,80.09,12.21,0
4.86,33,14,9,Medium,Clear,Medium,18,59.44,67.88,8.44,0
7.96,20,9,5,High,Rain,Medium,14,58.84,76.56,17.72,1
11.63,18,5,4,Low,Clear,High,17,71.52,81.71,10.19,0
1.16,13,29,1,Low,Clear,High,11,24.64,46.33,21.69,1
11.11,13,20,7,Low,Clear,Medium,14,64.44,75.38,10.94,0
7.03,25,14,9,Low,Clear,High,10,60.12,69.27,9.15,0
8.6,35,21,4,High,Clear,Medium,14,76.4,94.94,18.54,1
2.22,28,11,1,Medium,Clear,High,8,43.88,64.73,20.85,1
6.63,27,6,10,Medium,Clear,High,14,60.52,70.84,10.32,0
8.25,19,20,3,Medium,Rain,Medium,20,59.0,73.56,14.56,1
5.75,8,23,7,Low,Clear,High,13,38.0,49.87,11.87,1
2.28,27,19,1,Low,Clear,Medium,15,43.12,58.97,15.85,1
3.31,30,16,1,Low,Rain,Medium,20,50.24,67.44,17.2,1
10.33,20,0,10,Medium,Rain,Medium,8,68.32,78.19,9.87,0
0.9,7,19,8,Low,Clear,Medium,18,17.6,22.6,5.0,1
8.65,27,18,1,Low,Rain,Medium,15,68.6,86.7,18.1,1
11.99,33,12,2,Medium,Clear,Medium,13,87.96,103.7,15.74,0
0.59,11,7,6,Low,Clear,Medium,11,20.36,25.71,5.35,1
2.35,9,29,8,Medium,Rain,Medium,16,25.4,41.85,16.45,1
8.25,27,11,5,Low,Clear,Medium,14,67.0,72.99,5.99,0
1.19,15,8,10,Medium,Rain,Low,13,26.76,38.0,11.24,1
7.28,27,21,8,Low,Clear,Low,18,63.12,68.46,5.34,0
8.37,26,14,7,High,Rain,Medium,13,66.48,86.24,19.76,1
7.26,13,16,4,Medium,Rain,Medium,20,49.04,60.75,11.71,1
4.7,6,19,8,Low,Clear,Low,12,31.8,37.71,5.91,0
8.52,22,11,10,Medium,Clear,Medium,18,63.08,71.68,8.6,0
7.33,17,4,1,Medium,Clear,Medium,16,53.32,69.28,15.96,1
2.89,31,5,9,Medium,Rain,Low,21,49.56,55.01,5.45,0
6.98,16,28,10,High,Clear,Low,14,50.92,70.7,19.78,1
10.64,12,15,5,Medium,Rain,Medium,11,61.56,69.61,8.05,0
8.17,31,12,9,Low,Clear,Medium,13,70.68,79.06,8.38,0
5.93,27,9,4,Low,Clear,High,17,57.72,69.37,11.65,1
4.2,24,21,3,Low,Rain,Low,14,47.8,55.19,7.39,0
1.49,34,27,9,Medium,Rain,Medium,21,46.96,66.43,19.47,1
3.31,29,23,4,High,Clear,Low,10,49.24,66.87,17.63,1
0.63,31,16,9,Medium,Clear,Medium,12,40.52,46.0,5.48,0
11.85,29,14,4,Low,Rain,Low,22,83.4,90.36,6.96,0
3.06,17,25,5,High,Rain,Low,19,36.24,55.31,19.07,1
9.87,6,25,8,Medium,Clear,Medium,9,52.48,67.91,15.43,1
2.44,23,11,4,Low,Clear,Medium,22,39.76,46.14,6.38,0
3.76,28,28,9,High,Clear,Medium,14,50.04,63.35,13.31,1
5.31,35,24,1,Low,Clear,Medium,17,63.24,81.96,18.72,1
4.23,26,25,1,Medium,Clear,High,8,49.92,74.92,25.0,1
9.68,22,1,1,Medium,Clear,Medium,10,67.72,78.45,10.73,0
11.51,22,3,3,High,Rain,Low,18,75.04,93.33,18.29,1
10.57,8,8,1,Low,Clear,Medium,11,57.28,70.78,13.5,1
2.27,5,22,5,Low,Rain,Low,9,21.08,27.83,6.75,1
9.43,6,2,1,Medium,Clear,Low,18,50.72,61.47,10.75,1
2.2,33,2,9,High,Clear,Medium,11,48.8,60.98,12.18,1
11.0,29,0,2,Low,Clear,Low,20,80.0,85.35,5.35,0
6.46,13,5,11,Low,Clear,Low,10,45.84,47.55,1.71,0
4.37,18,27,10,High,Clear,Medium,8,42.48,62.46,19.98,1
2.31,19,21,8,Medium,Rain,High,13,35.24,49.14,13.9,1
0.64,12,21,9,Low,Rain,Low,12,21.56,29.27,7.71,1
3.35,18,8,9,Low,Rain,Medium,17,38.4,46.98,8.58,1
11.01,15,18,10,Medium,Rain,High,11,66.04,83.98,17.94,1
9.67,26,23,7,Medium,Rain,Low,22,71.68,82.47,10.79,0
11.65,28,15,7,Medium,Clear,Medium,14,81.6,94.44,12.84,0
1.66,8,25,6,Medium,Clear,Low,18,21.64,33.33,11.69,1
7.31,19,17,7,Low,Clear,High,19,55.24,64.91,9.67,0
3.46,35,9,5,Medium,Clear,Low,21,55.84,61.47,5.63,0
6.74,31,19,2,Low,Clear,Low,15,64.96,76.3,11.34,0
4.19,29,28,11,High,Rain,High,11,52.76,80.93,28.17,1
3.76,27,24,8,Low,Clear,Medium,15,49.04,55.21,6.17,0
7.1,5,14,8,Low,Storm,Low,14,40.4,49.11,8.71,1
2.61,35,17,4,Low,Clear,Medium,17,52.44,61.39,8.95,0
5.9,27,29,9,Low,Rain,High,11,57.6,71.15,13.55,1
7.98,32,22,6,Low,Storm,Medium,15,70.92,82.43,11.51,0
1.97,33,15,1,Medium,Clear,Low,22,47.88,61.24,13.36,1
11.2,12,8,11,High,Rain,Low,18,63.8,79.23,15.43,1
6.32,5,27,11,Medium,Rain,High,22,37.28,59.79,22.51,1
9.92,25,29,10,Medium,Rain,Low,9,71.68,83.06,11.38,0
8.02,19,2,6,Low,Storm,Medium,17,58.08,69.23,11.15,0
8.67,5,0,3,Medium,Clear,Low,8,46.68,54.99,8.31,0
8.74,13,3,1,Low,Clear,Low,11,54.96,62.26,7.3,0
10.56,35,11,9,Low,Clear,Medium,20,84.24,87.99,3.75,0
7.56,16,4,10,Low,Clear,Medium,9,53.24,57.71,4.47,0
3.7,13,26,2,Low,Clear,Low,15,34.8,43.61,8.81,1
1.64,25,27,8,Medium,Clear,Low,9,38.56,46.43,7.87,1
7.47,25,5,1,Low,Clear,Low,12,61.88,70.47,8.59,0
1.26,15,24,9,Low,Rain,Low,9,27.04,35.48,8.44,1
3.27,31,4,1,Medium,Rain,Low,14,51.08,63.85,12.77,1
1.2,22,23,11,Low,Storm,Medium,17,33.8,49.14,15.34,1
6.81,9,10,2,Medium,Clear,Low,17,43.24,52.66,9.42,1
2.34,15,1,5,Low,Clear,Medium,21,31.36,33.19,1.83,0
7.52,31,12,8,High,Clear,Medium,9,68.08,85.06,16.98,1
9.59,7,24,10,Medium,Clear,Medium,14,52.36,64.01,11.65,1
9.95,5,28,4,Low,Clear,Medium,15,51.8,65.74,13.94,1
4.06,25,3,11,High,Clear,High,9,48.24,65.7,17.46,1
6.81,18,25,1,Low,Rain,Low,9,52.24,70.18,17.94,1
6.97,12,8,6,Low,Clear,Low,12,46.88,50.07,3.19,0
5.94,19,13,11,Medium,Rain,Low,20,49.76,59.33,9.57,0
8.03,10,3,4,Medium,Rain,Low,16,49.12,56.09,6.97,0
2.92,16,29,6,Low,Rain,High,16,34.68,50.27,15.59,1
11.76,12,23,5,Low,Clear,Medium,16,66.04,72.57,6.53,0
1.63,23,19,5,Low,Clear,Medium,20,36.52,42.18,5.66,0
10.04,25,21,9,Medium,Storm,High,16,72.16,95.67,23.51,1
7.33,33,26,6,High,Clear,High,18,69.32,88.62,19.3,1
3.32,7,4,8,Low,Clear,Medium,12,27.28,29.33,2.05,0
9.08,15,7,6,High,Storm,High,20,58.32,82.7,24.38,1
1.47,13,1,11,Low,Rain,Medium,8,25.88,31.57,5.69,1
9.41,22,14,6,Medium,Rain,Low,13,66.64,74.9,8.26,0
7.28,21,14,9,High,Clear,Medium,11,57.12,71.52,14.4,1
1.77,32,0,7,Medium,Clear,High,10,46.08,57.35,11.27,1
1.41,33,19,9,Low,Rain,Medium,16,45.64,54.55,8.91,0
9.13,28,0,10,Low,Clear,Medium,21,71.52,74.53,3.01,0
3.87,11,23,3,Low,Clear,High,10,33.48,46.85,13.37,1
10.73,6,21,4,Medium,Clear,Medium,21,55.92,67.46,11.54,1
9.26,32,24,4,High,Clear,Medium,20,76.04,99.92,23.88,1
8.53,34,3,6,Low,Clear,Medium,21,75.12,77.33,2.21,0
3.7,12,26,6,Low,Rain,Low,8,33.8,37.79,3.99,0
8.65,6,16,1,Low,Clear,Medium,22,47.6,62.48,14.88,1
11.4,26,25,10,Medium,Clear,High,14,78.6,93.18,14.58,0
1.55,23,20,10,Medium,Storm,High,16,36.2,59.69,23.49,1
4.25,32,19,7,Low,Storm,Low,12,56.0,67.62,11.62,1
3.2,22,0,4,Medium,Clear,Low,15,41.8,48.9,7.1,0
5.02,28,20,10,Low,Rain,Low,16,55.08,61.88,6.8,0
9.04,29,13,3,Medium,Clear,Medium,19,72.16,85.31,13.15,0
5.95,5,25,4,Low,Clear,Medium,13,35.8,48.1,12.3,1
7.06,9,20,11,Low,Clear,Medium,9,44.24,46.8,2.56,0
4.11,29,2,11,Medium,Clear,Low,16,52.44,54.19,1.75,0
2.12,10,26,7,Medium,Rain,Low,19,25.48,36.03,10.55,1
3.57,11,1,2,Low,Rain,High,8,32.28,45.09,12.81,1
10.39,28,8,2,Medium,Clear,Medium,20,76.56,90.2,13.64,0
7.43,11,6,11,Medium,Clear,Low,20,47.72,51.76,4.04,0
4.85,9,29,3,Low,Storm,Low,16,35.4,55.15,19.75,1
9.58,5,4,8,High,Clear,Low,22,50.32,60.94,10.62,1
1.24,19,25,4,High,Clear,Low,13,30.96,47.53,16.57,1
3.42,24,6,6,Low,Clear,Low,10,44.68,45.12,0.44,0
3.15,27,19,11,High,Clear,Medium,17,46.6,61.3,14.7,1
11.83,33,2,7,Medium,Clear,Low,17,87.32,93.5,6.18,0
8.62,25,11,5,Low,Clear,Medium,21,66.48,74.1,7.62,0
7.6,28,18,5,Medium,Clear,Medium,11,65.4,73.58,8.18,0
0.56,11,21,3,Low,Clear,Medium,10,20.24,34.68,14.44,1
2.62,15,26,7,Medium,Clear,Medium,18,32.48,43.34,10.86,1
7.81,14,24,7,High,Clear,High,12,52.24,72.53,20.29,1
4.87,7,15,2,Low,Clear,Low,10,33.48,43.43,9.95,1
11.13,35,9,5,Medium,Clear,Medium,18,86.52,96.44,9.92,0
9.29,12,7,8,Low,Rain,Low,10,56.16,60.42,4.26,0
5.64,18,29,1,Medium,Rain,Low,20,47.56,67.67,20.11,1
9.12,16,18,11,Medium,Clear,Low,12,59.48,69.42,9.94,0
11.72,6,27,10,Low,Clear,Medium,17,59.88,67.03,7.15,0
5.8,33,13,8,Medium,Clear,Medium,16,63.2,72.66,9.46,0
7.89,11,14,1,Low,Clear,Medium,16,49.56,66.75,17.19,1
11.06,8,24,6,Medium,Clear,Low,12,59.24,65.37,6.13,0
3.36,15,21,10,Medium,Storm,Medium,9,35.44,53.72,18.28,1
10.7,9,6,1,Medium,Clear,Low,17,58.8,74.05,15.25,1
1.62,35,15,9,Low,Clear,Low,14,48.48,52.54,4.06,0
7.96,10,6,10,Medium,Clear,Medium,22,48.84,58.83,9.99,1
9.5,14,22,1,Medium,Clear,Low,21,59.0,72.75,13.75,1
7.57,13,0,3,Medium,Clear,Medium,9,50.28,61.92,11.64,1
6.2,5,24,8,Medium,Clear,Medium,13,36.8,48.03,11.23,1
7.6,5,27,11,High,Clear,Medium,14,42.4,65.34,22.94,1
2.24,20,0,9,Low,Rain,Medium,13,35.96,43.58,7.62,1
2.98,12,18,6,Low,Clear,Low,18,30.92,34.48,3.56,0
3.6,7,2,7,High,Clear,Low,13,28.4,39.37,10.97,1
7.37,14,10,6,Low,Storm,Medium,10,50.48,63.59,13.11,1
5.58,13,10,7,High,Rain,Low,13,42.32,58.72,16.4,1
3.31,18,15,9,Medium,Clear,Medium,19,38.24,46.53,8.29,1
10.65,35,27,1,High,Storm,Medium,14,84.6,121.73,37.13,1
4.8,14,13,3,Medium,Rain,Medium,12,40.2,54.15,13.95,1
5.63,26,11,1,Medium,Clear,Medium,19,55.52,73.13,17.61,1
5.21,28,2,9,Medium,Clear,Low,8,55.84,58.59,2.75,0
2.59,6,26,9,Medium,Clear,Low,14,23.36,32.65,9.29,1
8.91,20,9,1,Low,Clear,Low,9,62.64,74.42,11.78,0
5.66,18,13,2,Low,Rain,Low,17,47.64,55.82,8.18,0
0.69,20,2,3,Low,Clear,Medium,21,29.76,36.82,7.06,1
11.59,10,8,3,High,Clear,Low,14,63.36,76.08,12.72,1
9.88,19,16,6,Low,Clear,Low,22,65.52,68.16,2.64,0
8.82,8,27,6,Medium,Rain,High,21,50.28,66.8,16.52,1
10.49,34,9,4,Medium,Clear,Medium,18,82.96,94.08,11.12,0
10.93,23,16,2,Low,Clear,Low,10,73.72,82.07,8.35,0
4.38,6,26,8,High,Clear,Medium,8,30.52,50.21,19.69,1
7.53,20,10,9,Low,Clear,Medium,9,57.12,64.58,7.46,0
7.5,33,8,8,Medium,Clear,High,13,70.0,82.62,12.62,0
3.57,28,1,9,Medium,Clear,High,14,49.28,62.27,12.99,1
3.05,13,27,11,Low,Clear,Medium,11,32.2,43.36,11.16,1
1.81,32,3,10,Low,Clear,Low,22,46.24,45.0,-1.24,0
8.08,10,6,8,Medium,Clear,Medium,19,49.32,60.39,11.07,1
9.48,12,4,1,Low,Clear,Low,18,56.92,65.65,8.73,0
9.25,9,21,4,Medium,Clear,Medium,17,53.0,64.24,11.24,1
4.14,33,10,5,Medium,Clear,High,17,56.56,70.16,13.6,1
2.86,27,21,8,Low,Clear,Low,21,45.44,49.5,4.06,0
5.72,21,18,10,Low,Clear,High,13,50.88,58.67,7.79,0
6.79,25,0,8,Low,Clear,Medium,10,59.16,59.96,0.8,0
11.07,13,9,4,Medium,Clear,Low,12,64.28,75.35,11.07,0
10.56,7,0,9,Medium,Clear,High,11,56.24,67.8,11.56,1
11.03,31,1,8,Low,Clear,Medium,22,82.12,88.28,6.16,0
10.28,34,14,9,Medium,Clear,Medium,16,82.12,91.09,8.97,0
11.59,6,7,7,Medium,Storm,Medium,14,59.36,74.16,14.8,1
5.85,6,2,8,Medium,Clear,Low,8,36.4,37.43,1.03,0
1.05,22,12,4,Low,Clear,Low,18,33.2,39.54,6.34,0
1.46,6,13,5,Low,Rain,Medium,17,18.84,28.26,9.42,1
4.99,27,29,4,Low,Clear,High,20,53.96,67.94,13.98,1
3.46,34,19,3,Medium,Rain,Medium,9,54.84,71.05,16.21,1
2.45,13,11,8,Medium,Clear,High,17,29.8,45.25,15.45,1
11.46,14,14,5,Low,Clear,High,13,66.84,76.29,9.45,0
2.75,31,2,2,Low,Rain,Low,11,49.0,58.07,9.07,0
11.53,16,11,1,Medium,Clear,Medium,11,69.12,85.12,16.0,1
9.25,12,17,10,Low,Rain,Medium,12,56.0,64.59,8.59,0
7.87,7,0,5,Medium,Clear,Medium,18,45.48,53.58,8.1,0
8.27,31,27,7,Low,Clear,Medium,8,71.08,76.65,5.57,0
4.31,33,15,10,Low,Clear,Medium,22,57.24,63.4,6.16,0
7.93,7,23,2,Medium,Clear,High,22,45.72,69.23,23.51,1
2.65,29,8,11,Low,Clear,High,22,46.6,55.03,8.43,0
11.28,9,25,8,Medium,Rain,Medium,20,61.12,78.23,17.11,1
3.97,9,11,8,Low,Clear,Medium,12,31.88,39.76,7.88,1
3.43,16,27,5,Low,Rain,Medium,14,36.72,49.93,13.21,1
8.68,18,15,8,Medium,Clear,High,9,59.72,72.65,12.93,1
8.05,31,19,3,Low,Clear,Medium,21,70.2,80.93,10.73,0
5.69,26,6,4,Medium,Clear,High,19,55.76,70.65,14.89,1
7.77,9,29,11,Medium,Clear,High,10,47.08,62.94,15.86,1
2.33,23,5,4,High,Clear,Medium,22,39.32,54.31,14.99,1
8.24,32,0,8,Low,Rain,High,8,71.96,80.83,8.87,0
3.61,25,13,11,Low,Rain,Medium,19,46.44,60.13,13.69,1
3.64,12,25,7,Low,Clear,Low,10,33.56,38.02,4.46,0
2.37,8,27,4,High,Clear,Low,19,24.48,44.02,19.54,1
4.32,19,25,10,Low,Clear,Medium,21,43.28,49.54,6.26,0
4.31,19,16,10,Low,Clear,Low,22,43.24,49.84,6.6,0
5.72,15,27,6,Medium,Clear,Low,10,44.88,53.52,8.64,0
2.69,8,14,2,Low,Clear,Medium,10,25.76,37.67,11.91,1
2.72,8,14,5,Medium,Clear,Low,9,25.88,29.01,3.13,0
6.73,21,5,5,Medium,Clear,Medium,20,54.92,65.15,10.23,0
1.98,34,23,3,Medium,Storm,Medium,10,48.92,75.19,26.27,1
8.42,23,9,5,Medium,Rain,Low,13,63.68,70.11,6.43,0
11.36,18,5,2,Low,Rain,Medium,14,70.44,85.79,15.35,1
5.41,33,11,8,Medium,Clear,Low,13,61.64,65.17,3.53,0
10.86,26,18,5,Medium,Clear,High,15,76.44,92.3,15.86,1
1.63,27,8,9,Low,Clear,Medium,13,40.52,44.54,4.02,0
0.99,22,10,6,High,Rain,High,11,32.96,57.63,24.67,1
8.8,28,9,8,Medium,Clear,Medium,13,70.2,79.5,9.3,0
9.25,20,17,9,High,Clear,High,20,64.0,86.26,22.26,1
10.2,24,21,2,Medium,Clear,Medium,9,71.8,91.48,19.68,1
1.15,24,20,5,Low,Clear,Medium,22,35.6,42.02,6.42,0
9.43,28,4,9,Low,Clear,Low,14,72.72,73.46,0.74,0
4.83,32,10,7,Low,Clear,Medium,12,58.32,61.1,2.78,0
3.99,14,19,3,Low,Rain,Medium,14,36.96,50.16,13.2,1
2.49,26,6,10,Low,Storm,Medium,21,42.96,59.01,16.05,1
11.95,5,2,3,Low,Clear,Low,20,59.8,65.71,5.91,0
1.23,21,9,11,Low,Clear,Medium,20,32.92,35.63,2.71,0
10.01,32,20,8,Medium,Rain,Medium,11,79.04,96.3,17.26,1
7.85,25,19,4,Low,Clear,Medium,21,63.4,72.98,9.58,0
8.95,13,3,3,Medium,Rain,Medium,18,55.8,72.06,16.26,1
8.68,23,20,10,Medium,Rain,Medium,8,64.72,79.7,14.98,1
10.37,16,5,6,Medium,Clear,Medium,14,64.48,73.32,8.84,0
2.61,18,22,9,Low,Clear,Medium,20,35.44,38.84,3.4,0
0.51,12,16,10,Medium,Clear,Medium,15,21.04,33.45,12.41,1
7.38,24,3,1,Medium,Clear,Medium,16,60.52,71.61,11.09,0
4.57,11,10,8,High,Rain,Low,13,36.28,53.31,17.03,1
1.92,18,24,4,Low,Clear,Low,8,32.68,39.68,7.0,1
2.64,34,12,10,Low,Clear,Medium,21,51.56,58.63,7.07,0
4.32,28,20,3,Medium,Clear,Medium,19,52.28,67.6,15.32,1
1.31,17,22,1,Low,Rain,Low,12,29.24,46.73,17.49,1
1.15,35,0,8,Medium,Clear,Medium,11,46.6,53.63,7.03,0
11.03,5,27,7,Medium,Clear,Medium,15,56.12,69.08,12.96,1
4.09,34,10,7,Medium,Clear,Medium,19,57.36,67.17,9.81,0
11.8,15,23,3,High,Clear,Low,9,69.2,91.56,22.36,1
11.59,30,14,6,Medium,Clear,Medium,17,83.36,94.36,11.0,0
2.14,34,17,11,High,Clear,Medium,20,49.56,63.33,13.77,1
8.72,23,10,9,Medium,Clear,High,15,64.88,76.75,11.87,0
7.41,23,25,11,Low,Rain,High,8,59.64,75.84,16.2,1
8.44,28,3,4,Medium,Rain,Medium,8,68.76,83.88,15.12,1
1.61,12,26,10,Medium,Storm,Medium,10,25.44,44.2,18.76,1
2.67,10,6,5,High,Storm,Medium,21,27.68,54.36,26.68,1
1.38,15,26,11,Low,Clear,High,14,27.52,40.07,12.55,1
7.45,19,0,10,Low,Clear,Medium,10,55.8,59.64,3.84,0
11.85,28,0,2,Medium,Clear,Low,21,82.4,89.89,7.49,0
8.23,12,2,11,Low,Clear,High,20,51.92,61.55,9.63,0
8.67,22,16,7,Medium,Storm,Low,10,63.68,77.99,14.31,1
11.82,5,7,9,Medium,Clear,High,18,59.28,70.19,10.91,0
8.3,5,17,7,Low,Clear,Low,12,45.2,47.97,2.77,0
0.96,34,24,3,Low,Clear,Medium,9,44.84,59.41,14.57,1
10.47,31,0,11,Medium,Rain,High,8,79.88,94.81,14.93,0
4.69,31,15,2,Low,Clear,Medium,16,56.76,66.98,10.22,0
0.55,15,22,9,Medium,Clear,Medium,20,24.2,34.54,10.34,1
6.33,20,12,3,Medium,Clear,Medium,22,52.32,68.54,16.22,1
11.28,25,27,9,Medium,Clear,Low,18,77.12,86.05,8.93,0
3.46,12,19,5,Low,Rain,Low,21,32.84,40.76,7.92,1
6.15,28,1,3,Low,Clear,Medium,11,59.6,68.41,8.81,0
2.5,26,16,3,Medium,Rain,Medium,10,43.0,53.36,10.36,1
1.16,17,11,4,Low,Clear,Low,9,28.64,35.37,6.73,1
1.43,18,3,10,Low,Clear,Medium,10,30.72,32.62,1.9,0
8.86,14,28,9,High,Storm,High,19,56.44,86.32,29.88,1
10.44,29,6,8,Low,Clear,High,10,77.76,89.04,11.28,0
2.15,35,2,7,Low,Clear,Medium,14,50.6,56.89,6.29,0
3.82,35,6,5,High,Clear,High,19,57.28,76.47,19.19,1
2.74,28,24,10,Low,Rain,Medium,21,45.96,58.22,12.26,1
0.81,15,17,4,Low,Clear,Medium,10,25.24,35.6,10.36,1
6.86,29,24,11,Low,Clear,Medium,10,63.44,74.1,10.66,0
8.55,12,13,5,Medium,Rain,High,8,53.2,72.91,19.71,1
7.95,32,3,4,High,Clear,Low,9,70.8,83.62,12.82,0
4.96,13,11,6,Medium,Clear,Low,13,39.84,44.57,4.73,0
6.88,17,5,9,High,Clear,High,12,51.52,69.01,17.49,1
1.58,7,16,8,Low,Clear,Medium,22,20.32,26.77,6.45,1
2.27,7,8,9,Medium,Rain,Medium,14,23.08,34.57,11.49,1
11.22,17,29,1,Low,Clear,Medium,12,68.88,83.66,14.78,1
9.26,22,11,2,High,Rain,Medium,15,66.04,91.11,25.07,1
11.11,5,9,10,High,Storm,Low,18,56.44,73.1,16.66,1
11.04,31,29,11,Low,Clear,Medium,13,82.16,91.13,8.97,0
7.97,8,15,2,Medium,Clear,Low,10,46.88,60.18,13.3,1
11.17,35,5,10,Medium,Clear,Low,14,86.68,91.91,5.23,0
5.29,13,14,3,Low,Rain,High,17,41.16,59.66,18.5,1
0.54,16,7,11,Medium,Clear,Low,12,25.16,32.0,6.84,1
1.22,9,21,11,High,Clear,Low,16,20.88,39.53,18.65,1
1.76,30,17,8,Low,Rain,Medium,12,44.04,52.4,8.36,0
1.6,27,21,3,Low,Clear,High,21,40.4,56.16,15.76,1
4.54,7,28,9,High,Rain,High,21,32.16,58.19,26.03,1
8.56,8,21,2,Low,Clear,Low,18,49.24,59.78,10.54,1
9.59,23,10,4,Low,Clear,Medium,20,68.36,72.83,4.47,0
7.29,31,6,8,Medium,Clear,Medium,9,67.16,72.99,5.83,0
2.18,8,15,1,Medium,Rain,Medium,17,23.72,44.73,21.01,1
9.1,11,13,5,Low,Clear,Low,14,54.4,53.85,-0.55,0
4.58,21,9,9,Low,Clear,Medium,19,46.32,50.45,4.13,0
0.65,8,24,2,Medium,Rain,Medium,8,17.6,37.1,19.5,1
3.73,14,27,5,Medium,Storm,Low,10,35.92,52.72,16.8,1
4.3,5,11,1,Medium,Clear,Medium,11,29.2,48.66,19.46,1
3.65,20,20,8,High,Clear,Low,16,41.6,53.44,11.84,1
9.84,27,29,1,Low,Clear,High,22,73.36,95.9,22.54,1
9.24,17,0,4,High,Clear,Medium,21,60.96,74.82,13.86,1
8.5,12,10,6,Medium,Clear,Medium,14,53.0,61.11,8.11,0
2.1,18,22,3,High,Clear,Medium,8,33.4,55.73,22.33,1
9.79,20,14,3,Low,Clear,Low,21,66.16,72.41,6.25,0
8.29,10,23,10,Low,Clear,Low,16,50.16,52.98,2.82,0
2.74,8,14,9,Medium,Clear,Medium,8,25.96,35.02,9.06,1
7.95,10,1,1,High,Storm,Medium,17,48.8,74.45,25.65,1
6.06,35,13,10,High,Clear,High,21,66.24,86.6,20.36,1
5.55,27,12,6,Low,Rain,Medium,21,56.2,58.4,2.2,0
1.79,8,25,2,Medium,Clear,Medium,21,22.16,41.94,19.78,1
6.46,14,4,10,Low,Rain,Low,22,46.84,51.87,5.03,0
1.65,17,4,4,Medium,Rain,Low,17,30.6,43.6,13.0,1
2.39,10,4,4,Medium,Clear,Low,17,26.56,37.72,11.16,1
2.02,31,17,2,Medium,Clear,High,9,46.08,68.35,22.27,1
11.47,34,29,10,Low,Clear,Medium,17,86.88,94.43,7.55,0
3.78,12,18,4,High,Clear,Medium,21,34.12,57.07,22.95,1
4.58,5,24,7,Low,Rain,Medium,20,30.32,38.73,8.41,1
4.2,13,25,3,Medium,Clear,Low,21,36.8,45.99,9.19,1
10.83,23,18,10,Medium,Clear,Low,10,73.32,84.62,11.3,0
6.97,30,18,9,Medium,Storm,Low,11,64.88,81.68,16.8,1
11.07,15,7,6,Medium,Clear,Low,20,66.28,67.93,1.65,0
3.95,13,28,4,Medium,Clear,Medium,22,35.8,47.69,11.89,1
1.82,12,23,8,Low,Clear,Low,15,26.28,31.98,5.7,1
6.9,5,26,6,Low,Storm,Medium,21,39.6,54.06,14.46,1
4.47,5,29,11,Medium,Clear,High,18,29.88,45.23,15.35,1
9.72,18,10,8,Medium,Clear,High,11,63.88,80.81,16.93,1
10.61,24,4,1,Medium,Clear,Low,15,73.44,90.54,17.1,1
5.93,5,25,10,Low,Rain,Medium,13,35.72,47.01,11.29,1
11.67,11,14,3,Low,Clear,Low,19,64.68,71.18,6.5,0
6.86,33,28,4,Medium,Storm,Low,13,67.44,88.84,21.4,1
3.62,35,20,5,Medium,Clear,Medium,10,56.48,66.36,9.88,0
6.12,24,7,3,Medium,Clear,Medium,15,55.48,63.42,7.94,0
0.93,21,10,11,Medium,Clear,Medium,15,31.72,35.2,3.48,0
9.75,23,18,11,Low,Clear,High,21,69.0,79.45,10.45,0
1.67,16,11,2,Low,Rain,Low,8,29.68,42.64,12.96,1
4.05,11,8,4,Low,Clear,High,21,34.2,44.83,10.63,1
7.0,16,6,5,Medium,Clear,Low,11,51.0,57.82,6.82,0
0.99,26,19,8,Low,Clear,High,10,36.96,49.58,12.62,1
1.41,25,1,7,Low,Clear,Medium,14,37.64,43.61,5.97,0
8.51,25,2,8,High,Rain,Low,16,66.04,79.81,13.77,1
1.33,23,1,1,Low,Clear,Medium,21,35.32,47.07,11.75,1
5.99,6,22,6,Medium,Rain,Low,16,36.96,48.29,11.33,1
4.39,24,0,3,Low,Clear,Medium,10,48.56,55.04,6.48,0
3.12,32,12,3,Low,Storm,Low,14,51.48,62.74,11.26,1
2.67,25,3,9,Low,Rain,High,21,42.68,55.62,12.94,1
9.28,22,17,2,High,Clear,Medium,18,66.12,87.75,21.63,1
11.44,11,1,1,Medium,Clear,High,11,63.76,82.08,18.32,1
2.11,29,0,6,Medium,Rain,Low,17,44.44,50.36,5.92,0
11.54,18,12,9,High,Clear,Medium,19,71.16,83.88,12.72,0
7.34,13,20,6,Low,Clear,High,12,49.36,60.19,10.83,1
7.88,20,3,2,Medium,Rain,Low,15,58.52,73.15,14.63,1
8.66,8,14,9,Low,Rain,Low,13,49.64,54.03,4.39,0
8.6,33,24,5,Medium,Rain,Medium,10,74.4,91.28,16.88,1
9.93,26,18,8,Medium,Rain,Medium,21,72.72,85.58,12.86,0
6.06,15,22,3,Low,Clear,High,12,46.24,58.57,12.33,1
6.63,29,9,11,High,Rain,Low,12,62.52,80.07,17.55,1
4.22,6,28,4,Medium,Clear,High,9,29.88,48.88,19.0,1
1.71,16,4,11,Low,Rain,High,14,29.84,42.37,12.53,1
8.14,25,18,5,Low,Clear,Medium,17,64.56,72.93,8.37,0
0.89,5,13,9,Medium,Clear,Low,22,15.56,20.27,4.71,1
3.67,26,0,6,Medium,Storm,Low,19,47.68,58.64,10.96,1
1.58,30,28,1,Low,Clear,High,20,43.32,65.99,22.67,1
2.69,23,21,2,Medium,Clear,Medium,22,40.76,61.63,20.87,1
7.85,11,6,5,Low,Clear,Medium,18,49.4,53.73,4.33,0
7.73,28,1,3,High,Clear,High,20,65.92,85.87,19.95,1
5.34,15,20,7,Low,Clear,Low,12,43.36,50.72,7.36,0
1.54,27,16,2,Medium,Storm,Medium,18,40.16,63.11,22.95,1
5.48,24,1,7,Medium,Clear,Medium,17,52.92,60.78,7.86,0
4.56,7,29,3,Medium,Clear,High,14,32.24,52.18,19.94,1
8.79,8,21,2,High,Clear,Medium,17,50.16,73.9,23.74,1
7.16,5,13,5,High,Rain,Medium,18,40.64,57.35,16.71,1
6.15,7,7,7,Low,Rain,Low,14,38.6,42.25,3.65,0
6.1,14,8,5,Low,Clear,High,20,45.4,52.75,7.35,0
11.61,5,13,4,Medium,Clear,Medium,8,58.44,71.36,12.92,1
9.2,34,1,4,Low,Clear,Medium,12,77.8,83.33,5.53,0
6.22,33,11,4,Medium,Clear,High,13,64.88,81.84,16.96,1
6.01,10,6,5,Low,Clear,Medium,20,41.04,43.59,2.55,0
0.8,14,3,10,High,Clear,Medium,15,24.2,37.38,13.18,1
11.34,28,3,7,Medium,Clear,High,21,80.36,93.21,12.85,0
4.17,25,10,5,Medium,Storm,Medium,22,48.68,67.4,18.72,1
3.44,23,11,9,Low,Rain,High,14,43.76,53.07,9.31,1
11.99,35,10,6,High,Rain,High,18,89.96,112.6,22.64,1
8.76,24,20,11,Medium,Clear,Medium,11,66.04,75.41,9.37,0
1.04,25,15,7,Medium,Storm,Low,9,36.16,52.98,16.82,1
1.21,20,5,3,Medium,Clear,High,15,31.84,51.56,19.72,1
0.79,21,29,7,Low,Storm,Medium,12,31.16,42.74,11.58,1
7.4,14,21,9,Low,Clear,Medium,18,50.6,56.49,5.89,0
1.32,21,14,3,Low,Clear,Medium,15,33.28,43.61,10.33,1
11.23,33,1,3,Medium,Clear,Low,10,84.92,93.11,8.19,0
11.27,16,27,7,Medium,Rain,Low,14,68.08,82.36,14.28,1
6.78,9,22,10,Low,Clear,Medium,14,43.12,50.68,7.56,0
7.59,23,13,4,High,Clear,Medium,8,60.36,76.9,16.54,1
3.86,29,4,6,Low,Clear,Medium,16,51.44,53.2,1.76,0
1.24,34,3,8,Medium,Storm,Low,22,45.96,56.18,10.22,1
8.98,21,8,8,Medium,Rain,Medium,21,63.92,74.03,10.11,0
1.67,29,6,2,Low,Rain,Medium,21,42.68,54.75,12.07,1
1.48,12,6,5,Low,Clear,Low,21,24.92,26.89,1.97,0
4.08,18,12,11,Medium,Rain,Medium,21,41.32,53.41,12.09,1
0.64,17,1,10,Medium,Clear,Medium,9,26.56,32.46,5.9,1
5.49,15,9,9,Low,Clear,Medium,14,43.96,46.74,2.78,0
8.64,27,26,1,Medium,Clear,Medium,16,68.56,87.35,18.79,1
9.72,32,25,5,Medium,Clear,High,20,77.88,92.75,14.87,0
7.45,15,0,1,Low,Clear,Low,13,51.8,58.3,6.5,0
10.24,9,20,4,Medium,Clear,Low,18,56.96,68.31,11.35,0
5.17,30,29,10,Low,Rain,Low,19,57.68,69.22,11.54,1
10.26,31,17,5,High,Rain,Medium,15,79.04,96.09,17.05,1
6.32,33,11,2,Medium,Clear,High,11,65.28,86.72,21.44,1
3.06,12,14,8,Low,Rain,Medium,9,31.24,41.43,10.19,1
11.36,27,6,9,Medium,Clear,High,14,79.44,92.0,12.56,0
3.66,27,11,8,Low,Clear,Medium,10,48.64,56.89,8.25,0
0.8,29,28,9,High,Clear,Low,17,39.2,54.46,15.26,1
3.29,29,18,8,Medium,Clear,Low,11,49.16,57.56,8.4,0
4.72,34,12,7,Low,Clear,Medium,21,59.88,65.53,5.65,0
4.54,19,3,10,Medium,Clear,Medium,21,44.16,51.86,7.7,0
6.53,7,27,4,Low,Rain,Medium,20,40.12,54.44,14.32,1
10.66,10,4,6,High,Clear,Medium,17,59.64,73.53,13.89,1
3.86,32,21,7,High,Rain,Medium,9,54.44,75.57,21.13,1
6.49,31,9,8,Medium,Storm,Medium,22,63.96,79.42,15.46,1
4.41,5,8,6,Medium,Clear,Medium,8,29.64,36.96,7.32,1
9.95,16,5,5,Medium,Clear,Medium,16,62.8,69.45,6.65,0
2.31,12,11,2,Low,Clear,High,20,28.24,42.71,14.47,1
1.69,14,20,8,Low,Clear,Medium,9,27.76,36.79,9.03,1
6.28,24,12,2,High,Clear,High,15,56.12,80.6,24.48,1
8.23,20,0,6,Low,Clear,Medium,15,59.92,64.22,4.3,0
9.65,19,7,5,Low,Clear,Medium,10,64.6,69.53,4.93,0
7.28,18,4,9,Low,Clear,High,9,54.12,61.04,6.92,0
9.4,24,12,6,High,Clear,High,21,68.6,90.62,22.02,1
5.02,26,27,1,High,Clear,High,21,53.08,84.95,31.87,1
0.88,6,28,6,Low,Clear,Low,9,16.52,22.12,5.6,1
1.84,9,29,3,Low,Rain,Low,12,23.36,36.0,12.64,1
0.95,15,3,5,Medium,Clear,Medium,13,25.8,33.59,7.79,1
4.28,18,14,4,Low,Clear,High,10,42.12,50.86,8.74,1
6.2,35,1,2,High,Clear,Medium,8,66.8,84.35,17.55,1
4.6,32,14,11,High,Clear,Low,15,57.4,71.13,13.73,1
6.95,25,17,3,Medium,Clear,Medium,14,59.8,71.03,11.23,0
6.03,6,23,6,Low,Clear,Low,20,37.12,40.22,3.1,0
8.3,8,10,10,Medium,Clear,Low,12,48.2,53.41,5.21,0
8.17,19,1,5,High,Clear,Medium,15,58.68,77.69,19.01,1
4.16,23,13,11,Low,Clear,Low,12,46.64,50.59,3.95,0
4.48,25,12,5,High,Rain,Medium,8,49.92,70.51,20.59,1
7.23,9,18,11,Low,Clear,Medium,18,44.92,49.91,4.99,0
7.36,32,2,5,High,Clear,Medium,19,68.44,82.56,14.12,1
4.12,20,18,1,Medium,Clear,Medium,17,43.48,58.56,15.08,1
4.3,23,12,10,Low,Clear,High,8,47.2,55.94,8.74,0
8.48,6,22,10,Medium,Clear,Medium,18,46.92,59.33,12.41,1
7.95,30,29,11,Low,Clear,High,17,68.8,78.76,9.96,0
2.05,21,6,2,Low,Clear,Medium,14,36.2,47.19,10.99,1
5.57,11,22,10,High,Storm,Medium,17,40.28,66.63,26.35,1
10.77,14,3,4,Low,Clear,High,9,64.08,72.47,8.39,0
0.92,15,29,10,High,Clear,Low,11,25.68,39.81,14.13,1
10.33,5,14,11,Low,Clear,Low,9,53.32,54.69,1.37,0
2.38,34,22,3,Medium,Clear,High,14,50.52,69.23,18.71,1
6.33,29,23,5,High,Clear,Medium,21,61.32,78.29,16.97,1
5.38,32,18,3,Medium,Clear,Low,8,60.52,73.14,12.62,1
0.62,15,11,4,High,Rain,High,14,24.48,47.61,23.13,1
11.03,22,22,7,High,Rain,Low,12,73.12,93.72,20.6,1
5.73,19,14,5,Medium,Clear,Medium,22,48.92,61.91,12.99,1
11.47,19,19,8,Medium,Clear,Medium,17,71.88,83.15,11.27,0
3.8,23,18,8,Low,Clear,Medium,11,45.2,51.11,5.91,0
10.46,18,13,3,Low,Clear,Medium,12,66.84,75.37,8.53,0
11.11,28,3,1,Low,Rain,Low,16,79.44,91.67,12.23,0
6.9,6,8,9,Medium,Clear,High,8,40.6,54.18,13.58,1
2.83,10,28,2,Medium,Clear,High,9,28.32,50.52,22.2,1
8.38,32,15,3,Medium,Clear,Low,18,72.52,82.73,10.21,0
6.81,32,19,7,High,Clear,Medium,20,66.24,83.75,17.51,1
11.36,30,7,3,Low,Clear,Medium,19,82.44,90.98,8.54,0
5.55,16,21,3,High,Clear,Low,10,45.2,62.26,17.06,1
3.59,19,14,4,Low,Clear,High,20,40.36,52.39,12.03,1
2.09,5,6,6,Low,Clear,High,11,20.36,27.35,6.99,1
8.53,13,4,10,Medium,Clear,Medium,21,54.12,60.42,6.3,0
11.7,27,11,11,Low,Clear,High,12,80.8,89.99,9.19,0
0.83,15,16,9,Medium,Rain,High,15,25.32,41.37,16.05,1
9.02,19,8,10,Medium,Clear,Medium,22,62.08,69.21,7.13,0
11.16,8,7,6,Medium,Clear,High,14,59.64,74.13,14.49,1
1.36,20,8,5,Low,Clear,Medium,18,32.44,36.26,3.82,0
1.77,27,8,10,Low,Clear,High,16,41.08,53.37,12.29,1
8.46,22,22,4,Low,Clear,Low,9,62.84,70.49,7.65,0
7.95,22,14,9,Medium,Clear,Medium,19,60.8,68.96,8.16,0
1.29,33,14,11,Low,Clear,Medium,13,45.16,53.28,8.12,0
10.1,12,4,5,Low,Clear,Low,15,59.4,58.77,-0.63,0
6.52,14,16,7,Medium,Clear,Medium,12,47.08,61.23,14.15,1
10.93,24,28,9,High,Rain,Medium,22,74.72,96.77,22.05,1
10.6,19,22,9,Medium,Clear,Medium,16,68.4,80.89,12.49,0
9.84,35,13,3,Low,Clear,Medium,17,81.36,91.02,9.66,0
6.43,6,9,11,Medium,Rain,Low,15,38.72,48.05,9.33,1
3.39,8,10,6,Low,Rain,Low,12,28.56,33.1,4.54,0
6.32,15,0,1,Low,Clear,Low,16,47.28,53.43,6.15,0
1.66,19,0,2,Low,Clear,High,19,32.64,46.32,13.68,1
8.08,32,23,9,High,Clear,Medium,9,71.32,90.97,19.65,1
2.04,20,25,5,Medium,Rain,Medium,10,35.16,47.78,12.62,1
6.38,18,29,2,Low,Clear,Medium,10,50.52,68.4,17.88,1
1.13,10,18,6,Medium,Rain,Medium,22,21.52,36.32,14.8,1
3.94,18,27,7,High,Clear,Low,16,40.76,55.29,14.53,1
3.17,21,12,1,Low,Clear,Low,13,40.68,50.17,9.49,1
7.63,23,7,4,Medium,Rain,Medium,10,60.52,77.65,17.13,1
9.55,23,7,6,Low,Clear,Low,18,68.2,71.48,3.28,0
1.16,18,7,9,Low,Clear,High,15,29.64,40.32,10.68,1
10.28,9,22,8,High,Clear,Low,17,57.12,71.02,13.9,1
10.4,9,0,1,Low,Clear,Medium,18,57.6,69.71,12.11,1
4.44,9,28,7,Medium,Clear,Medium,9,33.76,47.06,13.3,1
8.08,24,23,10,Low,Clear,Medium,18,63.32,70.57,7.25,0
5.13,31,11,1,Medium,Clear,High,18,58.52,79.94,21.42,1
2.27,32,21,11,Medium,Clear,Medium,12,48.08,61.5,13.42,1
6.58,14,4,2,High,Rain,Low,12,47.32,70.32,23.0,1
1.49,7,12,7,Medium,Clear,Medium,16,19.96,28.86,8.9,1
10.6,24,3,4,Medium,Clear,Low,13,73.4,77.37,3.97,0
11.13,6,3,9,Low,Clear,Low,21,57.52,61.41,3.89,0
9.95,24,0,10,Low,Clear,Medium,9,70.8,77.11,6.31,0
6.97,16,23,10,Medium,Rain,Low,10,50.88,63.28,12.4,1
6.91,31,22,10,Medium,Rain,Low,20,65.64,80.63,14.99,1
11.82,24,26,9,Low,Rain,Medium,18,78.28,90.14,11.86,0
3.35,27,29,4,High,Rain,Medium,20,47.4,69.38,21.98,1
1.37,17,28,6,Low,Clear,High,8,29.48,39.46,9.98,1
6.96,31,29,8,Low,Clear,Low,10,65.84,69.0,3.16,0
4.28,21,0,2,High,Clear,Medium,20,45.12,64.13,19.01,1
4.21,24,23,7,Medium,Storm,Medium,20,47.84,66.51,18.67,1
0.58,16,21,6,Medium,Clear,High,20,25.32,39.36,14.04,1
7.36,18,4,11,Low,Clear,Medium,21,54.44,58.03,3.59,0
3.54,31,4,1,Low,Rain,Medium,11,52.16,68.68,16.52,1
2.66,17,29,2,Medium,Clear,Medium,9,34.64,52.35,17.71,1
0.96,5,26,1,Low,Rain,Medium,12,15.84,33.61,17.77,1
4.69,16,9,7,Medium,Rain,Low,22,41.76,49.6,7.84,0
10.61,17,2,7,Low,Rain,Medium,15,66.44,74.68,8.24,0
4.37,17,10,7,Low,Clear,Low,8,41.48,43.34,1.86,0
8.31,7,0,3,Low,Clear,Medium,19,47.24,54.8,7.56,0
9.2,9,20,4,Low,Rain,Medium,20,52.8,67.91,15.11,1
4.27,15,11,5,Low,Clear,Low,9,39.08,46.97,7.89,1
9.95,18,1,1,Medium,Clear,Low,16,64.8,78.28,13.48,1
8.46,5,29,9,Medium,Storm,Medium,19,45.84,67.72,21.88,1
6.93,17,24,1,Low,Rain,High,22,51.72,72.15,20.43,1
0.51,14,27,8,Medium,Storm,Medium,17,23.04,44.18,21.14,1
0.9,6,29,5,Low,Clear,Medium,13,16.6,25.52,8.92,1
11.89,12,0,11,Low,Clear,Medium,21,66.56,71.34,4.78,0
9.5,13,23,8,High,Rain,High,13,58.0,81.82,23.82,1
11.28,9,23,6,Medium,Clear,Medium,17,61.12,73.12,12.0,0
10.88,28,23,8,Medium,Clear,Medium,20,78.52,91.33,12.81,0
0.74,7,7,2,Low,Clear,Low,15,16.96,28.16,11.2,1
9.61,22,11,2,Low,Rain,Low,18,67.44,81.77,14.33,1
5.69,25,27,6,Medium,Clear,Low,20,54.76,66.69,11.93,1
9.58,29,1,10,Medium,Clear,High,17,74.32,86.97,12.65,0
0.58,21,19,10,Medium,Clear,High,14,30.32,44.26,13.94,1
3.81,21,23,5,High,Clear,Low,17,43.24,59.29,16.05,1
9.14,28,23,4,Low,Rain,Medium,14,71.56,82.62,11.06,0
9.62,31,17,11,Medium,Clear,High,18,76.48,90.47,13.99,0
7.63,11,23,7,Medium,Clear,High,9,48.52,67.68,19.16,1
3.96,29,27,2,Low,Clear,Medium,8,51.84,67.32,15.48,1
4.07,19,22,3,Low,Clear,Low,15,42.28,51.13,8.85,1
11.62,8,3,10,Medium,Clear,High,9,61.48,73.79,12.31,1
5.55,23,7,10,Low,Rain,Low,18,52.2,56.41,4.21,0
5.64,35,9,10,Medium,Clear,Low,10,64.56,66.05,1.49,0
6.85,9,10,1,Medium,Clear,Low,15,43.4,54.87,11.47,1
5.21,5,10,10,Medium,Clear,Medium,10,32.84,43.07,10.23,1
6.86,33,6,2,Medium,Storm,Low,21,67.44,84.8,17.36,1
5.47,23,20,9,Medium,Rain,Medium,20,51.88,65.66,13.78,1
10.01,11,3,10,Medium,Clear,High,8,58.04,67.19,9.15,0
10.95,29,23,4,High,Clear,Medium,13,79.8,97.96,18.16,1
11.22,17,19,3,Low,Clear,High,22,68.88,83.67,14.79,1
6.99,15,28,8,High,Rain,High,15,49.96,77.41,27.45,1
5.58,13,0,1,Low,Storm,Medium,20,42.32,63.57,21.25,1
8.61,23,8,7,Low,Rain,Medium,9,64.44,70.57,6.13,0
10.14,9,26,4,Medium,Rain,High,14,56.56,78.37,21.81,1
6.97,16,14,5,Low,Clear,Medium,21,50.88,53.83,2.95,0
8.55,14,16,10,Low,Clear,Low,10,55.2,58.51,3.31,0
9.12,6,0,11,Low,Clear,High,8,49.48,58.39,8.91,0
8.28,28,22,5,Medium,Rain,Medium,19,68.12,82.39,14.27,1
9.08,5,7,4,Medium,Clear,High,9,48.32,65.35,17.03,1
2.9,34,28,10,Low,Clear,Medium,12,52.6,62.87,10.27,0
6.23,7,11,5,Medium,Clear,Medium,20,38.92,48.6,9.68,1
7.27,16,5,3,Low,Clear,Medium,21,52.08,59.58,7.5,0
0.53,8,17,10,High,Rain,Medium,9,17.12,35.45,18.33,1
10.34,16,14,11,Low,Clear,Medium,15,64.36,67.24,2.88,0
7.52,23,14,4,Medium,Rain,High,19,60.08,76.29,16.21,1
1.99,7,28,2,Medium,Clear,Medium,13,21.96,42.55,20.59,1
9.89,21,10,2,Medium,Clear,Low,13,67.56,82.59,15.03,1
8.75,28,11,7,High,Rain,Medium,16,70.0,86.04,16.04,1
9.22,19,18,4,Low,Rain,Low,19,62.88,71.62,8.74,0
5.01,8,5,7,Medium,Rain,Medium,8,35.04,42.89,7.85,1
10.32,26,24,9,Low,Clear,Low,8,74.28,77.13,2.85,0
5.26,10,6,1,Medium,Clear,Low,9,38.04,51.76,13.72,1
7.06,5,7,10,Low,Rain,High,13,40.24,50.6,10.36,1
0.51,18,0,1,Low,Rain,Low,12,27.04,34.21,7.17,1
7.92,13,10,2,Low,Rain,Medium,15,51.68,69.12,17.44,1
8.76,5,17,8,Low,Rain,Medium,12,47.04,56.34,9.3,0
7.02,29,21,7,High,Clear,Low,17,64.08,76.07,11.99,0
6.21,23,26,11,Medium,Clear,High,12,54.84,71.3,16.46,1
9.81,33,23,7,Low,Rain,Low,20,79.24,86.68,7.44,0
8.34,19,9,5,Medium,Clear,Medium,12,59.36,69.0,9.64,0
3.7,18,24,8,Medium,Rain,Medium,11,39.8,53.92,14.12,1
11.53,31,5,9,Low,Clear,Medium,20,84.12,88.75,4.63,0
8.63,7,6,8,Low,Rain,Medium,17,48.52,57.61,9.09,0
11.86,16,10,5,Medium,Rain,High,8,70.44,83.8,13.36,0
11.67,29,16,11,Low,Clear,High,10,82.68,91.49,8.81,0
11.07,14,6,4,Medium,Rain,Medium,8,65.28,80.16,14.88,1
9.19,32,27,4,Low,Clear,Medium,19,75.76,85.06,9.3,0
7.51,13,8,4,Low,Clear,Medium,17,50.04,56.48,6.44,0
2.48,17,11,4,Medium,Rain,Medium,21,33.92,47.18,13.26,1
6.75,32,18,3,Medium,Clear,Medium,12,66.0,79.78,13.78,1
9.3,12,12,7,High,Clear,Low,8,56.2,67.61,11.41,1
6.49,35,12,9,Low,Clear,Medium,14,67.96,70.84,2.88,0
10.48,6,29,5,Medium,Storm,Low,9,54.92,73.64,18.72,1
1.76,13,13,11,High,Clear,Low,10,27.04,41.76,14.72,1
4.88,23,3,6,Medium,Clear,Medium,19,49.52,56.77,7.25,0
6.32,23,21,6,High,Clear,Low,13,55.28,71.38,16.1,1
5.47,33,21,1,High,Clear,Medium,21,61.88,86.1,24.22,1
1.75,34,6,10,Medium,Rain,Medium,15,48.0,58.1,10.1,1
2.27,26,25,2,High,Clear,Low,17,42.08,63.9,21.82,1
10.13,25,11,2,Medium,Rain,Low,20,72.52,88.57,16.05,1
6.07,14,4,11,Medium,Rain,Low,14,45.28,52.85,7.57,0
1.06,29,5,6,High,Storm,Medium,12,40.24,63.59,23.35,1
0.69,24,21,1,Medium,Rain,Low,19,33.76,50.39,16.63,1
5.94,5,6,5,Low,Clear,Medium,20,35.76,39.35,3.59,0
2.39,30,14,7,Low,Rain,Medium,12,46.56,57.29,10.73,1
8.61,16,22,1,Low,Clear,Medium,20,57.44,74.76,17.32,1
9.65,19,25,9,High,Clear,Low,22,64.6,81.27,16.67,1
3.13,20,14,8,Low,Clear,Medium,10,39.52,47.36,7.84,0
7.31,30,27,1,Low,Rain,Medium,20,66.24,84.89,18.65,1
2.28,13,9,7,Medium,Clear,Medium,9,29.12,34.51,5.39,0
3.99,17,26,3,Low,Clear,High,21,39.96,55.64,15.68,1
10.72,6,7,9,High,Clear,Low,21,55.88,68.55,12.67,1
6.76,15,1,5,Medium,Clear,Low,20,49.04,54.84,5.8,0
10.69,7,21,3,Low,Rain,High,13,56.76,73.91,17.15,1
3.09,23,22,6,Low,Clear,High,21,42.36,51.82,9.46,1
4.3,32,27,5,Medium,Rain,Medium,16,56.2,69.86,13.66,1
5.92,19,27,4,Medium,Rain,Medium,8,49.68,65.99,16.31,1
6.02,33,3,10,Medium,Clear,Low,20,64.08,64.89,0.81,0
11.97,35,18,8,Low,Clear,High,21,89.88,99.43,9.55,0
1.82,6,21,6,High,Clear,Medium,12,20.28,37.58,17.3,1
10.3,21,18,3,Medium,Clear,Medium,11,69.2,83.6,14.4,1
10.43,21,0,7,Medium,Clear,Medium,16,69.72,76.06,6.34,0
6.86,16,1,1,Low,Clear,Medium,13,50.44,60.26,9.82,0
4.46,30,20,10,High,Rain,Medium,17,54.84,73.69,18.85,1
6.47,17,25,1,Medium,Clear,Low,13,49.88,65.77,15.89,1
3.86,6,5,8,Low,Clear,Medium,11,28.44,33.85,5.41,0
9.69,21,1,4,High,Clear,Low,11,66.76,78.96,12.2,0
6.23,11,12,8,High,Rain,Medium,17,42.92,67.65,24.73,1
11.15,16,9,4,Medium,Clear,Low,14,67.6,74.74,7.14,0
7.66,20,29,1,Medium,Clear,High,8,57.64,83.32,25.68,1
6.41,27,27,11,Low,Clear,Medium,15,59.64,67.42,7.78,0
8.68,13,16,9,Medium,Rain,Medium,19,54.72,67.25,12.53,1
6.3,16,28,1,Low,Clear,Medium,10,48.2,67.92,19.72,1
10.9,7,6,1,Medium,Clear,Medium,11,57.6,75.8,18.2,1
2.62,16,29,6,Low,Clear,Medium,13,33.48,38.77,5.29,0
11.69,22,13,11,Low,Clear,Medium,21,75.76,79.31,3.55,0
9.84,24,14,7,High,Rain,Low,13,70.36,85.89,15.53,1
10.4,14,1,1,Low,Clear,Medium,20,62.6,72.77,10.17,0
6.05,6,5,8,Medium,Clear,High,18,37.2,46.18,8.98,1
10.13,22,5,5,Low,Clear,Low,22,69.52,70.75,1.23,0
4.03,25,14,8,Low,Clear,High,16,48.12,54.16,6.04,0
9.26,7,5,4,Low,Rain,High,12,51.04,64.29,13.25,1
2.12,20,3,1,Low,Clear,Medium,18,35.48,48.54,13.06,1
4.03,7,18,1,Medium,Rain,Low,9,30.12,50.47,20.35,1
5.63,19,26,7,Low,Rain,Medium,19,48.52,59.43,10.91,1
4.21,24,2,7,Medium,Clear,High,11,47.84,62.26,14.42,1
4.95,27,16,4,Medium,Clear,Medium,18,53.8,66.66,12.86,1
9.93,27,28,1,Low,Clear,Low,16,73.72,89.01,15.29,1
3.45,28,12,9,Low,Clear,Medium,11,48.8,52.73,3.93,0
9.07,12,5,2,Low,Rain,Medium,15,55.28,71.32,16.04,1
1.35,31,2,3,Low,Clear,Low,15,43.4,47.79,4.39,0
9.31,15,28,5,Low,Clear,Low,19,59.24,67.99,8.75,0
9.61,16,12,8,Medium,Rain,Medium,14,61.44,76.56,15.12,1
5.12,29,3,11,Medium,Clear,Medium,8,56.48,64.6,8.12,0
8.81,15,25,7,High,Rain,Low,9,57.24,76.05,18.81,1
11.02,7,24,11,Medium,Clear,High,17,58.08,73.52,15.44,1
9.71,27,21,8,Medium,Clear,Low,21,72.84,79.4,6.56,0
4.99,25,2,10,Low,Clear,Low,14,51.96,53.55,1.59,0
6.07,23,2,2,Low,Clear,Low,9,54.28,61.77,7.49,0
9.46,9,6,1,Medium,Storm,Low,10,53.84,71.8,17.96,1
3.86,24,4,8,Low,Clear,Medium,22,46.44,50.07,3.63,0
9.74,11,15,11,Low,Rain,Low,18,56.96,64.7,7.74,0
4.27,22,11,9,High,Storm,High,8,46.08,76.21,30.13,1
9.77,20,22,4,Low,Clear,High,11,66.08,80.93,14.85,1
1.5,28,3,6,Low,Rain,Medium,18,41.0,44.57,3.57,0
1.01,35,21,2,High,Clear,Medium,17,46.04,67.13,21.09,1
11.97,10,28,4,Low,Clear,Medium,12,64.88,74.79,9.91,0
10.5,8,3,8,Low,Storm,High,18,57.0,75.4,18.4,1
10.65,22,19,2,Low,Clear,Low,21,71.6,80.19,8.59,0
11.44,34,15,6,Low,Rain,Medium,21,86.76,97.88,11.12,0
5.54,9,2,4,High,Clear,Low,20,38.16,49.31,11.15,1
3.8,20,8,6,Medium,Clear,Low,13,42.2,48.87,6.67,0
2.0,17,23,9,Medium,Clear,High,8,32.0,45.72,13.72,1
6.26,14,26,10,Low,Clear,Low,13,46.04,50.85,4.81,0
3.03,25,11,5,Low,Clear,Medium,8,44.12,47.06,2.94,0
11.26,14,3,10,Medium,Clear,Low,16,66.04,73.53,7.49,0
0.55,20,7,8,Low,Clear,High,17,29.2,36.21,7.01,1
2.15,31,25,11,Low,Storm,Medium,13,46.6,59.51,12.91,1
3.33,16,17,9,Medium,Clear,Low,10,36.32,40.47,4.15,0
2.79,5,12,7,High,Clear,Medium,15,23.16,38.39,15.23,1
3.1,32,0,8,High,Clear,Low,8,51.4,60.48,9.08,0
8.04,13,23,4,Medium,Clear,Low,12,52.16,64.06,11.9,1
4.27,28,13,8,Medium,Clear,Medium,22,52.08,61.21,9.13,0
7.57,28,16,8,Medium,Clear,High,21,65.28,81.81,16.53,1
10.74,21,25,7,High,Clear,Medium,17,70.96,88.19,17.23,1
7.43,7,16,2,Low,Clear,Low,13,43.72,54.97,11.25,1
8.49,34,27,6,Low,Clear,Medium,8,74.96,81.45,6.49,0
4.7,26,16,8,Low,Clear,Medium,17,51.8,54.99,3.19,0
2.34,18,10,3,High,Clear,Low,15,34.36,48.71,14.35,1
4.19,31,27,9,High,Clear,Medium,18,54.76,70.9,16.14,1
11.59,29,19,10,Medium,Rain,Medium,10,82.36,93.68,11.32,0
7.65,28,22,6,Low,Clear,High,20,65.6,77.83,12.23,0
3.69,10,6,11,High,Clear,Medium,20,31.76,45.43,13.67,1
5.69,24,20,10,Low,Clear,High,14,53.76,65.04,11.28,1
10.11,13,16,6,Low,Clear,Medium,8,60.44,67.7,7.26,0
8.19,7,3,10,Medium,Rain,Medium,14,46.76,53.99,7.23,0
6.95,15,7,11,Medium,Rain,Low,13,49.8,59.34,9.54,0
10.68,8,27,2,High,Rain,Medium,19,57.72,82.71,24.99,1
8.23,8,17,11,Low,Clear,Medium,11,47.92,53.17,5.25,0
7.89,27,23,1,Low,Clear,Low,8,65.56,74.38,8.82,0
2.68,20,5,6,Medium,Clear,Medium,22,37.72,47.03,9.31,1
1.72,17,6,11,Low,Rain,Low,11,30.88,31.7,0.82,0
11.6,10,28,8,High,Clear,High,9,63.4,83.6,20.2,1
7.39,28,12,3,Low,Clear,High,20,64.56,75.7,11.14,0
5.28,24,26,8,Low,Clear,Medium,18,52.12,60.06,7.94,0
7.27,23,24,3,Low,Rain,Medium,12,59.08,73.56,14.48,1
1.21,10,10,3,Medium,Clear,Low,15,21.84,33.46,11.62,1
9.95,8,28,11,High,Clear,Medium,18,54.8,73.19,18.39,1
2.99,8,23,1,Low,Rain,Low,20,26.96,44.49,17.53,1
9.75,5,3,11,Low,Clear,Medium,13,51.0,55.36,4.36,0
6.65,35,2,5,High,Storm,High,11,68.6,92.11,23.51,1
3.68,16,3,1,Medium,Clear,Low,8,37.72,48.99,11.27,1
0.85,25,22,9,Low,Rain,Low,20,35.4,45.82,10.42,1
9.88,35,4,1,Low,Rain,Low,20,81.52,95.77,14.25,0
2.53,34,8,4,High,Clear,Medium,22,51.12,69.37,18.25,1
1.1,14,13,3,Medium,Rain,Low,19,25.4,40.91,15.51,1
9.19,20,4,9,Low,Clear,Medium,11,63.76,68.49,4.73,0
4.53,19,9,5,Low,Clear,Low,11,44.12,46.59,2.47,0
4.98,6,20,8,Low,Clear,Low,11,32.92,37.02,4.1,0
3.34,28,29,1,Low,Clear,Medium,14,48.36,68.56,20.2,1
10.38,22,14,8,Low,Clear,High,22,70.52,79.39,8.87,0
3.92,16,22,8,Low,Clear,Low,18,38.68,43.56,4.88,0
2.92,22,15,4,Low,Storm,Low,14,40.68,50.26,9.58,1
4.06,27,13,10,Low,Rain,Low,19,50.24,52.98,2.74,0
2.84,5,15,6,Medium,Clear,Medium,20,23.36,36.99,13.63,1
4.15,25,28,8,Medium,Clear,Medium,14,48.6,62.43,13.83,1
1.45,31,1,2,Medium,Clear,Medium,20,43.8,56.57,12.77,1
2.32,27,15,11,Low,Clear,Medium,8,43.28,49.44,6.16,0
5.3,24,1,3,High,Rain,High,12,52.2,73.68,21.48,1
10.61,7,26,7,High,Storm,Low,10,56.44,78.78,22.34,1
1.16,28,18,1,High,Clear,Low,10,39.64,58.32,18.68,1
2.95,28,1,1,Low,Clear,Medium,11,46.8,57.41,10.61,1
10.95,20,18,2,Low,Clear,Medium,13,70.8,84.76,13.96,0
10.74,23,13,11,Medium,Clear,Low,18,72.96,80.47,7.51,0
8.31,24,1,3,Low,Clear,High,16,64.24,78.62,14.38,1
3.27,8,29,10,Low,Clear,Medium,14,28.08,37.47,9.39,1
5.33,12,11,7,Low,Clear,High,15,40.32,44.56,4.24,0
2.93,29,0,1,Medium,Clear,High,10,47.72,70.62,22.9,1
1.98,35,18,5,Medium,Rain,Medium,19,49.92,61.84,11.92,1
4.87,13,11,6,Low,Rain,High,19,39.48,52.0,12.52,1
7.12,17,19,3,High,Clear,Medium,16,52.48,73.48,21.0,1
4.64,33,4,7,Medium,Clear,Medium,20,58.56,66.84,8.28,0
7.52,10,24,10,Low,Rain,Medium,20,47.08,57.98,10.9,1
3.91,13,12,10,Low,Clear,High,20,35.64,45.17,9.53,1
4.48,6,12,6,Low,Rain,Medium,9,30.92,36.68,5.76,0
9.59,12,24,10,High,Clear,Medium,9,57.36,80.33,22.97,1
10.6,24,16,11,Medium,Rain,Low,14,73.4,84.9,11.5,0
4.2,15,0,1,Medium,Clear,High,8,38.8,57.9,19.1,1
7.07,35,17,7,Medium,Rain,Medium,8,70.28,87.36,17.08,1
3.7,32,19,9,Low,Clear,Medium,9,53.8,58.46,4.66,0
1.11,32,9,1,High,Rain,Medium,9,43.44,70.98,27.54,1
8.99,27,5,7,High,Clear,Medium,12,69.96,82.85,12.89,0
2.47,26,1,11,Medium,Clear,Low,12,42.88,47.88,5.0,0
5.4,20,25,3,Medium,Rain,Medium,20,48.6,68.45,19.85,1
6.1,35,0,10,Low,Clear,Low,21,66.4,61.73,-4.67,0
2.62,7,17,11,Low,Clear,Low,10,24.48,25.02,0.54,0
1.59,27,25,7,Low,Clear,Low,13,40.36,48.53,8.17,1
4.5,9,10,7,Medium,Rain,Medium,15,34.0,45.5,11.5,1
11.45,15,6,6,Medium,Rain,Low,12,67.8,80.0,12.2,0
7.57,12,21,5,High,Clear,Medium,12,49.28,69.1,19.82,1
4.89,23,18,5,Low,Rain,High,18,49.56,62.72,13.16,1
0.95,29,0,6,Low,Rain,Medium,14,39.8,45.18,5.38,0
7.4,7,17,6,Low,Clear,High,18,43.6,57.3,13.7,1
1.56,23,0,10,High,Clear,Medium,9,36.24,53.45,17.21,1
6.74,11,11,9,Medium,Clear,Low,15,44.96,50.59,5.63,0
9.15,7,9,4,Medium,Clear,Medium,12,50.6,64.48,13.88,1
5.37,17,25,6,Medium,Clear,Medium,12,45.48,59.54,14.06,1
3.94,23,29,3,Medium,Clear,High,15,45.76,68.97,23.21,1
1.04,11,20,2,Low,Rain,Low,12,22.16,35.36,13.2,1
0.78,17,22,5,Low,Clear,High,19,27.12,37.18,10.06,1
5.45,34,0,1,Low,Clear,Medium,10,62.8,71.69,8.89,0
10.66,15,1,10,Low,Clear,High,21,64.64,69.23,4.59,0
3.31,35,23,2,Medium,Clear,Low,13,55.24,73.66,18.42,1
7.1,30,12,4,Low,Rain,Medium,15,65.4,75.82,10.42,0
8.37,16,15,3,Medium,Clear,Low,10,56.48,65.19,8.71,0
1.2,22,20,3,Medium,Rain,High,21,33.8,57.8,24.0,1
2.26,26,10,5,Medium,Clear,Low,17,42.04,47.08,5.04,0
4.31,19,20,8,High,Clear,Medium,19,43.24,58.94,15.7,1
8.21,17,21,10,Low,Clear,Medium,21,56.84,68.18,11.34,0
5.55,15,7,3,Medium,Clear,Medium,22,44.2,53.94,9.74,1
8.94,9,20,3,Low,Clear,Medium,11,51.76,63.23,11.47,1
10.48,5,5,6,Medium,Clear,Medium,12,53.92,60.74,6.82,0
9.22,15,9,4,Medium,Clear,Low,11,58.88,65.18,6.3,0
11.91,29,23,9,Low,Clear,Medium,15,83.64,88.31,4.67,0
9.18,12,29,3,Low,Clear,Medium,21,55.72,68.64,12.92,1
10.3,10,1,5,Medium,Clear,Medium,19,58.2,63.65,5.45,0
10.07,15,19,7,Medium,Rain,Low,16,62.28,74.26,11.98,0
8.9,23,17,5,Medium,Clear,Medium,15,65.6,75.91,10.31,0
9.72,11,18,7,Low,Rain,High,18,56.88,69.85,12.97,1
11.25,11,23,9,Medium,Rain,High,15,63.0,79.86,16.86,1
5.96,8,2,6,Medium,Clear,High,21,38.84,53.1,14.26,1
7.84,15,22,6,Low,Clear,Medium,16,53.36,62.23,8.87,0
6.42,11,8,11,Medium,Clear,Low,17,43.68,47.92,4.24,0
10.29,30,4,11,Medium,Clear,Medium,18,78.16,83.24,5.08,0
5.46,33,13,11,Medium,Storm,Low,19,61.84,72.66,10.82,0
9.93,16,0,1,Low,Rain,Medium,15,62.72,78.99,16.27,1
9.69,7,18,10,Low,Clear,Low,13,52.76,58.18,5.42,0
11.56,7,16,10,High,Clear,High,14,60.24,82.53,22.29,1
3.36,15,15,9,High,Clear,Low,22,35.44,48.2,12.76,1
8.66,19,0,9,Low,Clear,Low,9,60.64,62.25,1.61,0
9.2,21,22,5,High,Clear,High,18,64.8,88.25,23.45,1
11.27,14,1,8,Low,Clear,Low,22,66.08,66.14,0.06,0
10.93,15,7,7,High,Clear,Low,9,65.72,76.4,10.68,0
7.1,13,11,10,Low,Clear,Medium,17,48.4,51.65,3.25,0
7.16,21,21,4,Low,Clear,High,16,56.64,70.69,14.05,1
2.42,26,12,9,High,Clear,Low,13,42.68,56.2,13.52,1
11.71,6,24,9,Low,Clear,Medium,9,59.84,66.83,6.99,0
3.43,19,28,10,Medium,Clear,Low,18,39.72,48.74,9.02,1
8.83,25,22,2,Medium,Clear,Medium,15,67.32,84.29,16.97,1
9.65,25,1,10,Low,Clear,Medium,19,70.6,75.38,4.78,0
5.57,22,23,3,High,Storm,Medium,9,51.28,78.13,26.85,1
2.93,21,6,11,Medium,Clear,Medium,22,39.72,45.71,5.99,0
2.67,26,26,1,High,Clear,High,17,43.68,71.71,28.03,1
10.35,16,29,3,High,Clear,Medium,14,64.4,86.9,22.5,1
6.37,22,2,7,Low,Clear,Medium,14,54.48,58.51,4.03,0
1.54,14,2,6,Low,Clear,Medium,22,27.16,28.42,1.26,0
8.75,18,20,8,Low,Rain,Medium,16,60.0,71.82,11.82,0
3.38,8,4,5,Medium,Storm,Medium,16,28.52,47.25,18.73,1
10.58,15,29,1,Low,Clear,Medium,17,64.32,81.95,17.63,1
4.06,9,16,7,Low,Clear,Low,12,32.24,37.69,5.45,0
2.8,12,17,6,Medium,Rain,Low,11,30.2,38.77,8.57,1
1.48,18,25,6,Low,Clear,Medium,19,30.92,37.14,6.22,1
6.38,20,6,5,Medium,Clear,Low,12,52.52,58.75,6.23,0
5.68,34,16,10,Medium,Rain,Low,8,63.72,73.84,10.12,0
9.14,5,29,9,Low,Clear,Medium,15,48.56,55.57,7.01,0
5.84,32,0,2,Low,Clear,Medium,8,62.36,74.21,11.85,0
4.45,15,5,1,Low,Clear,Low,16,39.8,49.4,9.6,1
3.51,27,4,2,Medium,Clear,Medium,17,48.04,63.24,15.2,1
3.7,26,10,1,Low,Storm,Low,21,47.8,64.45,16.65,1
11.17,35,3,8,Medium,Clear,High,17,86.68,101.64,14.96,0
2.4,8,5,7,Medium,Clear,Medium,13,24.6,32.29,7.69,1
11.86,34,25,6,Low,Clear,Medium,17,88.44,98.48,10.04,0
4.26,6,13,7,High,Clear,Medium,16,30.04,44.47,14.43,1
1.52,32,10,9,High,Clear,Medium,19,45.08,60.42,15.34,1
3.36,25,12,10,Low,Clear,Medium,21,45.44,51.96,6.52,0
1.17,19,29,5,High,Clear,Medium,9,30.68,53.47,22.79,1
9.59,17,14,7,Low,Clear,High,18,62.36,71.28,8.92,0
6.39,7,14,7,Medium,Rain,High,20,39.56,56.77,17.21,1
4.38,29,27,11,Low,Clear,Medium,12,53.52,63.1,9.58,0
8.11,27,1,9,Medium,Rain,High,14,66.44,77.81,11.37,0
7.75,34,14,4,Medium,Clear,Low,14,72.0,76.45,4.45,0
11.31,27,22,10,High,Clear,Medium,13,79.24,94.65,15.41,0
11.55,34,15,5,High,Rain,Medium,21,87.2,108.13,20.93,1
8.33,32,26,9,Low,Rain,Medium,12,72.32,86.95,14.63,1
9.9,18,26,11,Medium,Clear,High,14,64.6,78.95,14.35,1
9.61,26,10,9,Low,Clear,High,16,71.44,78.01,6.57,0
6.15,13,24,2,Low,Rain,High,11,44.6,68.47,23.87,1
8.6,29,7,3,Low,Clear,Medium,18,70.4,77.67,7.27,0
1.4,23,7,9,High,Clear,Medium,15,35.6,49.26,13.66,1
9.22,18,29,2,Medium,Clear,Medium,10,61.88,83.6,21.72,1
11.56,24,0,1,Low,Rain,Low,10,77.24,90.83,13.59,0
1.48,13,10,3,High,Clear,High,8,25.92,50.79,24.87,1
10.12,24,18,6,Medium,Clear,Low,16,71.48,75.66,4.18,0
11.23,19,12,2,Low,Storm,High,20,70.92,91.8,20.88,1
3.1,14,25,2,Medium,Clear,Medium,22,33.4,53.64,20.24,1
6.54,35,7,4,Medium,Rain,Low,17,68.16,79.2,11.04,0
11.17,6,16,7,Medium,Clear,Low,22,57.68,63.32,5.64,0
11.54,28,3,6,Medium,Rain,Medium,22,81.16,91.07,9.91,0
1.97,11,6,9,Medium,Clear,Low,17,25.88,33.3,7.42,1
4.51,11,5,11,Low,Clear,High,13,36.04,47.1,11.06,1
8.53,9,22,1,Medium,Clear,Low,21,50.12,66.51,16.39,1
3.05,8,6,8,Low,Rain,Medium,17,27.2,33.03,5.83,1
4.23,8,20,2,Low,Clear,Low,20,31.92,41.37,9.45,1
0.77,30,10,4,Low,Clear,Low,11,40.08,46.77,6.69,0
2.27,33,16,4,Medium,Clear,Low,22,49.08,60.93,11.85,1
6.97,23,26,8,Low,Clear,High,14,57.88,70.47,12.59,1
8.01,5,25,3,Low,Clear,Medium,21,44.04,54.98,10.94,1
7.96,31,0,10,Low,Clear,High,13,69.84,79.01,9.17,0
9.45,23,23,5,High,Clear,Medium,21,67.8,88.65,20.85,1
5.28,21,28,9,Low,Clear,Low,18,49.12,51.81,2.69,0
3.65,34,20,11,Low,Clear,Low,11,55.6,59.14,3.54,0
0.68,17,5,6,Low,Clear,Medium,10,26.72,33.03,6.31,1
2.88,16,19,2,Medium,Clear,Low,10,34.52,48.47,13.95,1
4.09,29,19,8,Low,Clear,Low,13,52.36,55.18,2.82,0
2.55,21,19,5,Low,Storm,Medium,8,38.2,53.37,15.17,1
0.73,27,12,4,High,Clear,Low,16,36.92,52.06,15.14,1
2.31,26,15,6,Medium,Clear,Medium,17,42.24,49.99,7.75,0
8.16,31,19,4,Medium,Rain,Medium,19,70.64,86.62,15.98,1
7.74,14,13,4,Medium,Clear,Medium,22,51.96,64.29,12.33,1
11.26,7,23,11,High,Storm,Medium,20,59.04,83.66,24.62,1
9.68,19,21,4,High,Clear,Medium,22,64.72,82.36,17.64,1
7.03,25,9,6,Medium,Rain,Medium,17,60.12,70.84,10.72,0
2.08,30,18,8,Medium,Rain,Low,20,45.32,53.98,8.66,0
6.99,13,22,3,High,Rain,Medium,19,47.96,74.06,26.1,1
1.21,28,14,7,High,Clear,Low,20,39.84,50.67,10.83,1
5.46,30,21,10,Low,Rain,Medium,14,58.84,69.42,10.58,0
4.99,30,3,9,High,Rain,Medium,15,56.96,72.81,15.85,1
5.42,30,11,1,Medium,Clear,Medium,21,58.68,74.47,15.79,1
3.72,35,21,5,Medium,Clear,Low,14,56.88,67.82,10.94,0
8.39,25,26,1,Low,Clear,Low,17,65.56,78.5,12.94,0
10.17,16,19,7,Low,Rain,Low,17,63.68,69.14,5.46,0
9.34,18,19,4,Medium,Rain,High,10,62.36,80.63,18.27,1
7.72,28,10,10,Medium,Clear,Medium,8,65.88,75.56,9.68,0
6.69,12,21,2,Low,Clear,Medium,18,45.76,60.61,14.85,1
0.86,23,10,10,Medium,Clear,Low,19,33.44,41.98,8.54,1
8.81,22,1,4,Low,Clear,Medium,16,64.24,69.1,4.86,0
6.77,25,7,11,Medium,Rain,Medium,17,59.08,70.02,10.94,0
3.61,18,18,3,Medium,Clear,Low,9,39.44,51.3,11.86,1
4.27,27,28,3,Medium,Rain,Medium,10,51.08,71.01,19.93,1
11.26,7,14,4,Low,Clear,Medium,19,59.04,65.3,6.26,0
7.68,28,25,11,Low,Clear,Medium,17,65.72,76.64,10.92,0
5.97,30,23,9,Low,Rain,High,10,60.88,75.52,14.64,1
7.64,32,16,9,Medium,Clear,High,16,69.56,84.83,15.27,1
5.26,33,24,7,High,Storm,Medium,8,61.04,87.69,26.65,1
5.91,15,12,9,Medium,Rain,High,19,45.64,62.85,17.21,1
3.84,6,13,7,Medium,Rain,High,8,28.36,42.95,14.59,1
5.56,25,22,8,Low,Rain,Medium,20,54.24,64.63,10.39,0
8.38,7,19,10,Low,Clear,Medium,11,47.52,58.88,11.36,1
0.96,13,15,11,High,Clear,Medium,11,23.84,43.01,19.17,1
9.64,26,12,7,Medium,Rain,Medium,21,71.56,84.27,12.71,0
3.75,23,29,5,Low,Clear,Medium,20,45.0,53.07,8.07,0
8.35,23,1,8,Medium,Rain,High,13,63.4,73.16,9.76,0
7.89,28,1,9,Medium,Clear,High,10,66.56,76.77,10.21,0
8.01,10,14,11,Low,Rain,Medium,9,49.04,57.68,8.64,0
7.49,29,1,8,Low,Clear,Medium,13,65.96,68.53,2.57,0
11.53,23,10,11,Medium,Rain,Medium,16,76.12,87.62,11.5,0
6.35,18,17,9,Low,Clear,High,15,50.4,62.04,11.64,1
8.92,19,12,11,Low,Clear,Medium,21,61.68,65.08,3.4,0
8.61,20,6,9,Medium,Rain,Low,20,61.44,70.19,8.75,0
3.22,22,8,10,High,Clear,Low,11,41.88,53.26,11.38,1
3.76,15,18,3,Low,Clear,Low,21,37.04,42.88,5.84,0
5.38,11,28,11,Low,Clear,Low,14,39.52,48.47,8.95,1
3.69,10,23,4,Medium,Clear,Medium,8,31.76,46.86,15.1,1
4.72,15,16,9,Low,Clear,Low,20,40.88,42.51,1.63,0
5.0,13,4,5,High,Clear,High,19,40.0,58.83,18.83,1
7.44,21,7,6,Medium,Clear,Medium,13,57.76,63.38,5.62,0
3.03,33,13,9,Low,Clear,Medium,21,52.12,56.39,4.27,0
9.75,8,7,6,Medium,Rain,Medium,21,54.0,68.06,14.06,1
5.53,14,20,8,Low,Clear,Medium,22,43.12,50.82,7.7,0
8.62,6,10,1,Medium,Clear,Medium,21,47.48,65.02,17.54,1
1.44,35,25,10,High,Clear,High,12,47.76,71.73,23.97,1
5.9,26,8,5,Low,Clear,Medium,16,56.6,62.42,5.82,0
0.82,12,14,9,Low,Rain,Medium,10,22.28,30.55,8.27,1
8.27,17,21,4,High,Rain,Medium,18,57.08,81.15,24.07,1
4.45,27,6,7,Medium,Clear,Medium,15,51.8,56.62,4.82,0
11.42,34,22,7,Low,Clear,Medium,21,86.68,92.75,6.07,0
4.23,22,17,2,Low,Rain,Medium,21,45.92,61.13,15.21,1
6.98,13,19,6,Low,Clear,Medium,12,47.92,55.82,7.9,0
3.46,26,13,7,Medium,Clear,Medium,12,46.84,55.79,8.95,0
7.63,26,28,10,Low,Clear,Low,8,63.52,65.55,2.03,0
5.87,24,23,10,Low,Storm,Low,15,54.48,63.23,8.75,0
4.76,6,5,5,Low,Clear,Medium,13,32.04,35.9,3.86,0
2.84,26,16,8,Medium,Clear,Low,22,44.36,50.6,6.24,0
1.78,5,27,2,High,Rain,Medium,20,19.12,44.7,25.58,1
1.88,33,8,10,Medium,Clear,High,14,47.52,57.97,10.45,1
11.99,32,16,10,Medium,Clear,Medium,16,86.96,97.43,10.47,0
5.24,22,22,11,Medium,Clear,Medium,17,49.96,63.96,14.0,1
0.52,25,8,6,Low,Storm,Medium,21,34.08,46.95,12.87,1
11.46,7,15,4,Low,Clear,Medium,22,59.84,70.47,10.63,0
0.73,32,16,9,Low,Clear,Medium,14,41.92,47.37,5.45,0
5.31,13,5,8,Low,Rain,High,13,41.24,53.13,11.89,1
8.75,13,5,3,High,Rain,Medium,18,55.0,78.7,23.7,1
11.02,26,16,6,Low,Clear,Low,12,77.08,79.96,2.88,0
8.7,34,5,8,High,Clear,Medium,10,75.8,89.85,14.05,0
5.83,20,28,6,Low,Clear,High,12,50.32,62.17,11.85,1
11.71,20,15,5,Medium,Clear,Medium,12,73.84,85.03,11.19,0
0.95,22,21,3,Low,Clear,High,17,32.8,49.8,17.0,1
11.85,14,11,5,Low,Rain,Medium,19,68.4,77.3,8.9,0
10.27,23,8,3,Low,Rain,High,10,71.08,86.22,15.14,1
11.18,34,14,4,Medium,Rain,Medium,8,85.72,97.52,11.8,0
3.43,16,21,3,Medium,Clear,High,10,36.72,55.82,19.1,1
2.14,28,11,5,Medium,Clear,High,21,43.56,56.38,12.82,1
8.13,28,8,7,High,Rain,High,11,67.52,89.59,22.07,1
6.43,31,4,5,Medium,Clear,High,15,63.72,75.75,12.03,0
6.52,27,16,2,High,Clear,Medium,16,60.08,85.42,25.34,1
11.13,33,20,9,Low,Clear,Medium,12,84.52,90.13,5.61,0
7.63,27,15,5,Low,Clear,Medium,20,64.52,67.37,2.85,0
4.08,35,7,7,Low,Clear,Medium,8,58.32,60.43,2.11,0
5.1,27,7,6,Medium,Clear,Medium,15,54.4,61.53,7.13,0
2.04,30,11,6,Medium,Rain,Medium,14,45.16,59.52,14.36,1
2.71,32,10,5,Medium,Clear,Medium,19,49.84,56.25,6.41,0
2.15,35,6,9,High,Clear,Medium,10,50.6,62.47,11.87,1
9.82,23,28,10,Low,Clear,High,22,69.28,82.71,13.43,0
8.61,27,9,10,Medium,Clear,Medium,19,68.44,78.94,10.5,0
6.6,34,7,5,Medium,Clear,Medium,19,67.4,72.7,5.3,0
4.81,16,18,4,Medium,Clear,High,15,42.24,55.3,13.06,1
8.19,8,24,1,Low,Clear,Medium,17,47.76,61.99,14.23,1
9.85,32,13,5,Low,Clear,Medium,11,78.4,85.31,6.91,0
10.63,24,20,11,Low,Storm,Medium,8,73.52,88.81,15.29,1
6.79,18,2,3,Medium,Clear,Medium,19,52.16,62.06,9.9,0
9.93,27,15,10,Medium,Clear,Medium,14,73.72,85.2,11.48,0
6.38,6,1,9,Low,Storm,Medium,13,38.52,49.97,11.45,1
5.96,19,4,8,Medium,Rain,Low,12,49.84,57.42,7.58,0
10.45,13,17,7,Medium,Rain,High,17,61.8,75.97,14.17,1
4.94,13,6,9,High,Clear,High,15,39.76,56.42,16.66,1
5.05,35,1,2,Medium,Rain,Medium,18,62.2,82.31,20.11,1
4.01,22,5,2,Medium,Clear,High,22,45.04,62.37,17.33,1
6.47,9,23,3,Medium,Clear,Medium,20,41.88,55.57,13.69,1
6.77,16,17,9,Medium,Rain,Low,12,50.08,59.72,9.64,0
8.1,12,11,5,Low,Clear,Medium,11,51.4,56.84,5.44,0
5.45,33,29,3,Low,Storm,Low,10,61.8,81.37,19.57,1
3.01,14,11,1,High,Storm,Low,16,33.04,62.48,29.44,1
10.47,16,26,6,Medium,Clear,High,20,64.88,79.73,14.85,1
4.48,15,10,5,Medium,Clear,Medium,11,39.92,51.46,11.54,1
11.11,10,0,2,Medium,Rain,Low,22,61.44,76.07,14.63,1
2.88,29,3,1,Medium,Clear,Medium,14,47.52,62.23,14.71,1
6.94,22,8,9,Low,Clear,Medium,19,56.76,61.1,4.34,0
6.67,18,5,9,Low,Clear,Medium,12,51.68,56.88,5.2,0
10.03,17,4,3,Low,Rain,Medium,10,64.12,77.07,12.95,1
2.1,25,11,6,Low,Storm,Medium,15,40.4,50.56,10.16,1
10.96,7,29,3,Low,Clear,Medium,16,57.84,70.78,12.94,1
6.61,33,6,5,Medium,Rain,Medium,15,66.44,77.58,11.14,0
7.24,22,7,2,Low,Rain,High,14,57.96,74.22,16.26,1
6.37,12,29,11,Medium,Clear,Medium,17,44.48,56.13,11.65,1
0.91,21,6,8,High,Clear,High,17,31.64,51.95,20.31,1
6.22,31,24,10,Low,Clear,High,10,62.88,75.75,12.87,1
3.53,10,18,4,Medium,Rain,Medium,18,31.12,50.93,19.81,1
4.44,21,27,10,Medium,Clear,Low,12,45.76,54.02,8.26,0
7.96,23,16,6,High,Clear,Medium,20,61.84,78.31,16.47,1
6.22,30,17,3,Medium,Clear,High,15,61.88,80.9,19.02,1
1.57,22,6,4,Low,Clear,Low,11,35.28,40.27,4.99,0
1.34,27,17,9,Low,Clear,Low,10,39.36,45.48,6.12,0
2.64,28,20,9,High,Clear,Medium,22,45.56,62.75,17.19,1
2.7,32,29,8,Low,Clear,High,18,49.8,60.41,10.61,1
7.5,16,2,3,Medium,Rain,Low,11,53.0,62.98,9.98,0
2.54,26,4,8,Low,Rain,Medium,15,43.16,50.25,7.09,0
10.64,12,0,11,Medium,Rain,Low,9,61.56,70.81,9.25,0
2.91,31,23,1,Medium,Clear,High,20,49.64,70.35,20.71,1
1.55,34,2,4,Low,Clear,Medium,20,47.2,50.26,3.06,0
10.57,14,27,1,Low,Rain,Medium,20,63.28,84.19,20.91,1
3.9,22,10,2,Low,Clear,High,14,44.6,57.01,12.41,1
5.39,30,8,11,Medium,Clear,Medium,10,58.56,64.91,6.35,0
11.53,5,29,3,Medium,Clear,High,15,58.12,81.19,23.07,1
11.36,26,21,2,Low,Clear,Low,15,78.44,88.2,9.76,0
8.72,30,16,1,Medium,Clear,Low,12,71.88,86.48,14.6,1
1.29,32,26,11,Low,Rain,Medium,13,44.16,58.1,13.94,1
7.32,11,22,6,Medium,Rain,Low,8,47.28,56.55,9.27,0
11.87,28,19,9,Medium,Rain,High,15,82.48,97.75,15.27,0
11.39,29,9,3,High,Storm,Medium,10,81.56,111.62,30.06,1
1.72,5,29,8,High,Clear,Low,20,18.88,35.15,16.27,1
5.05,26,21,10,Low,Clear,Medium,19,53.2,61.76,8.56,0
4.13,24,28,8,Low,Clear,Medium,17,47.52,55.5,7.98,0
1.99,35,28,6,High,Rain,Medium,11,49.96,71.35,21.39,1
8.49,6,16,3,Low,Clear,Low,18,46.96,52.75,5.79,0
3.65,34,10,3,Low,Rain,High,22,55.6,72.24,16.64,1
4.47,22,28,7,Low,Clear,Medium,17,46.88,57.14,10.26,1
1.54,13,29,5,Medium,Clear,High,19,26.16,43.35,17.19,1
6.23,17,3,1,Medium,Rain,Medium,21,48.92,69.64,20.72,1
2.32,28,19,3,High,Rain,Medium,20,44.28,69.4,25.12,1
5.47,35,18,5,Low,Rain,Low,10,63.88,68.38,4.5,0
2.15,14,22,2,Low,Clear,Medium,21,29.6,42.71,13.11,1
11.47,35,29,7,Low,Clear,Low,19,87.88,92.78,4.9,0
2.17,24,7,4,Medium,Clear,High,18,39.68,55.59,15.91,1
6.5,10,29,4,Low,Rain,Low,11,43.0,54.72,11.72,1
2.77,23,19,2,High,Clear,Medium,14,41.08,64.13,23.05,1
1.38,29,2,6,Medium,Clear,Medium,21,41.52,50.95,9.43,1
2.83,6,15,3,Medium,Clear,Medium,21,24.32,34.59,10.27,1
1.13,7,4,7,Medium,Rain,Medium,9,18.52,28.11,9.59,1
2.1,5,28,11,Medium,Clear,Medium,14,20.4,31.96,11.56,1
6.18,22,22,11,Medium,Storm,Medium,17,53.72,73.62,19.9,1
8.0,6,27,8,Low,Clear,High,9,45.0,58.51,13.51,1
1.5,33,18,9,Medium,Clear,Medium,11,46.0,56.6,10.6,1
5.57,8,11,11,Medium,Rain,Medium,16,37.28,46.85,9.57,1
7.18,7,12,8,Medium,Clear,High,17,42.72,56.93,14.21,1
3.19,12,28,3,Low,Clear,Low,9,31.76,41.62,9.86,1
4.78,28,4,6,High,Clear,Low,14,54.12,61.98,7.86,0
1.33,33,26,10,High,Clear,Low,17,45.32,59.93,14.61,1
3.03,12,12,8,Medium,Rain,Medium,22,31.12,44.27,13.15,1
5.87,21,17,4,High,Clear,Medium,22,51.48,73.19,21.71,1
11.89,28,20,2,Medium,Clear,Low,12,82.56,94.38,11.82,0
11.96,29,2,2,Low,Rain,Low,18,83.84,94.82,10.98,0
11.77,9,4,5,Medium,Clear,Low,16,63.08,65.73,2.65,0
5.37,30,4,9,Low,Clear,Medium,11,58.48,59.74,1.26,0
1.43,31,23,7,Medium,Rain,Low,15,43.72,52.9,9.18,1
4.22,27,2,1,Medium,Rain,Medium,10,50.88,70.49,19.61,1
3.23,21,18,11,Low,Clear,High,9,40.92,51.78,10.86,1
0.66,17,3,5,Low,Clear,Medium,13,26.64,29.61,2.97,0
1.6,32,23,5,Medium,Clear,High,11,45.4,61.92,16.52,1
5.71,31,29,10,Medium,Clear,High,10,60.84,77.72,16.88,1
4.41,21,12,5,High,Rain,Medium,8,45.64,64.26,18.62,1
2.57,28,6,7,Low,Clear,Medium,16,45.28,48.87,3.59,0
8.74,17,13,11,Medium,Clear,High,8,58.96,70.5,11.54,0
4.61,28,20,6,Low,Clear,Medium,19,53.44,63.82,10.38,0
10.3,7,21,7,Low,Clear,Medium,9,55.2,65.2,10.0,0
3.27,32,19,4,Medium,Rain,Low,17,52.08,68.06,15.98,1
6.69,20,17,10,Low,Clear,Medium,10,53.76,59.08,5.32,0
2.62,23,18,1,Medium,Clear,High,17,40.48,61.72,21.24,1
6.2,10,6,4,Low,Clear,Medium,10,41.8,47.17,5.37,0
2.25,21,6,11,Low,Clear,Medium,14,37.0,43.35,6.35,0
2.36,5,27,6,Medium,Rain,Medium,17,21.44,36.84,15.4,1
7.54,32,17,2,Low,Rain,High,10,69.16,87.47,18.31,1
3.53,28,25,5,Low,Storm,Medium,9,49.12,65.85,16.73,1
2.48,19,18,3,Low,Clear,Medium,17,35.92,45.05,9.13,1
11.19,30,13,6,Low,Rain,Medium,17,81.76,87.65,5.89,0
0.99,30,17,3,Medium,Clear,Medium,14,40.96,55.62,14.66,1
7.0,8,20,5,Low,Clear,High,9,43.0,52.97,9.97,1
6.81,6,5,10,Medium,Clear,Low,12,40.24,45.21,4.97,0
3.38,12,13,1,Medium,Rain,High,11,32.52,51.75,19.23,1
5.71,5,21,9,Medium,Rain,Low,17,34.84,44.26,9.42,1
1.51,22,2,1,Medium,Clear,High,12,35.04,54.35,19.31,1
8.79,21,2,6,Medium,Rain,Medium,13,63.16,70.53,7.37,0
3.05,21,4,8,High,Rain,Medium,11,40.2,54.04,13.84,1
2.72,7,17,11,Low,Rain,Medium,10,24.88,34.36,9.48,1
4.12,33,7,3,Medium,Clear,Medium,20,56.48,70.28,13.8,1
10.88,35,13,1,Low,Storm,Medium,15,85.52,105.34,19.82,1
9.66,23,4,9,Medium,Rain,Low,16,68.64,75.92,7.28,0
11.39,5,7,10,Medium,Clear,Low,12,57.56,62.48,4.92,0
8.0,17,0,7,Low,Clear,Low,9,56.0,52.88,-3.12,0
8.12,27,24,1,Low,Rain,Medium,19,66.48,87.65,21.17,1
6.02,28,13,6,Low,Rain,Medium,18,59.08,67.31,8.23,0
10.91,12,5,5,Low,Clear,Low,8,62.64,63.3,0.66,0
6.38,30,15,5,Medium,Storm,Medium,21,62.52,81.27,18.75,1
4.58,34,27,1,Low,Clear,Medium,20,59.32,72.6,13.28,1
7.86,20,24,4,Medium,Clear,Medium,20,58.44,74.08,15.64,1
6.78,16,26,11,High,Clear,Medium,14,50.12,70.42,20.3,1
1.93,21,12,1,Low,Clear,Medium,18,35.72,49.4,13.68,1
5.02,5,10,11,Low,Clear,Low,8,32.08,35.0,2.92,0
4.1,21,9,6,Low,Clear,High,16,44.4,52.55,8.15,0
10.24,5,9,7,High,Clear,Medium,10,52.96,69.49,16.53,1
4.86,6,27,11,Low,Clear,Medium,21,32.44,39.19,6.75,1
9.95,22,4,3,Low,Clear,Low,22,68.8,73.54,4.74,0
5.59,20,25,11,High,Rain,Medium,10,49.36,70.41,21.05,1
9.17,35,27,4,Medium,Clear,High,16,78.68,97.0,18.32,1
2.06,20,25,4,Low,Clear,Medium,16,35.24,47.38,12.14,1
11.13,35,18,5,High,Clear,Low,19,86.52,104.5,17.98,1
6.03,30,25,7,High,Clear,Medium,15,61.12,78.9,17.78,1
3.49,15,0,4,Medium,Clear,Medium,21,35.96,45.9,9.94,1
3.28,33,24,9,Low,Rain,Medium,13,53.12,62.32,9.2,0
3.55,19,15,1,Medium,Clear,Medium,12,40.2,60.26,20.06,1
4.72,23,28,8,Low,Clear,Medium,18,48.88,56.45,7.57,0
8.75,8,2,8,Medium,Clear,High,16,50.0,67.69,17.69,1
11.42,11,27,6,Low,Clear,Medium,9,63.68,68.74,5.06,0
8.19,21,17,7,Medium,Clear,Medium,17,60.76,75.45,14.69,1
6.79,13,3,9,Medium,Storm,High,12,47.16,68.74,21.58,1
5.66,23,15,10,High,Clear,Medium,20,52.64,66.4,13.76,1
10.02,7,1,3,Medium,Clear,Low,20,54.08,66.92,12.84,1
10.27,12,2,6,Low,Clear,Medium,14,60.08,61.62,1.54,0
3.87,25,15,7,Low,Clear,Medium,20,47.48,52.85,5.37,0
11.46,23,24,4,Medium,Clear,Medium,22,75.84,87.05,11.21,0
5.04,35,3,11,Low,Clear,High,18,62.16,69.47,7.31,0
9.7,32,7,6,Low,Clear,Medium,17,77.8,82.09,4.29,0
11.62,30,11,7,Medium,Clear,High,21,83.48,98.34,14.86,0
8.59,5,16,3,Low,Rain,Low,21,46.36,61.44,15.08,1
2.36,23,0,5,Low,Clear,Low,15,39.44,38.41,-1.03,0
7.24,12,19,7,Medium,Clear,Low,9,47.96,50.25,2.29,0
1.87,13,14,5,High,Rain,Medium,17,27.48,47.58,20.1,1
9.58,11,28,9,Medium,Clear,Low,14,56.32,64.82,8.5,0
3.74,19,9,2,Low,Clear,Low,13,40.96,52.4,11.44,1
8.49,8,14,2,Medium,Clear,High,10,48.96,68.69,19.73,1
10.97,21,2,4,High,Clear,Medium,18,71.88,85.76,13.88,0
2.58,10,27,4,Low,Rain,Low,21,27.32,35.69,8.37,1
5.02,20,25,9,Medium,Clear,Medium,16,47.08,60.33,13.25,1
7.94,24,10,10,Medium,Clear,Low,11,62.76,68.21,5.45,0
5.33,10,13,6,Medium,Rain,Low,8,38.32,50.86,12.54,1
2.51,8,25,6,Low,Clear,Medium,18,25.04,32.62,7.58,1
0.83,29,8,4,High,Rain,Medium,10,39.32,61.75,22.43,1
5.18,27,7,6,Low,Clear,High,8,54.72,60.36,5.64,0
7.97,13,7,8,Low,Clear,Medium,10,51.88,52.8,0.92,0
7.1,32,21,8,Low,Rain,Medium,11,67.4,79.26,11.86,0
2.3,11,6,11,Medium,Clear,Medium,13,27.2,34.47,7.27,1
5.68,33,2,7,Low,Clear,Medium,12,62.72,65.59,2.87,0
4.75,8,4,4,Medium,Clear,High,10,34.0,45.78,11.78,1
3.65,25,29,1,High,Rain,Medium,19,46.6,74.23,27.63,1
8.89,5,26,8,Low,Storm,Low,20,47.56,62.03,14.47,1
4.06,11,28,9,Medium,Clear,Low,11,34.24,43.8,9.56,1
6.71,17,8,7,High,Clear,Low,13,50.84,60.32,9.48,0
11.12,7,13,11,Low,Clear,High,20,58.48,69.66,11.18,0
6.7,19,14,4,Medium,Clear,Medium,22,52.8,66.95,14.15,1
7.6,12,15,1,High,Clear,Low,19,49.4,70.18,20.78,1
1.34,8,0,7,Medium,Rain,Low,16,20.36,29.37,9.01,1
2.55,34,17,2,Medium,Clear,High,22,51.2,69.6,18.4,1
1.66,35,1,1,High,Clear,Medium,18,48.64,70.99,22.35,1
9.3,34,8,8,Medium,Clear,Low,18,78.2,84.12,5.92,0
10.11,9,8,5,Low,Clear,High,8,56.44,63.46,7.02,0
2.64,16,20,7,Low,Clear,Medium,17,33.56,44.67,11.11,1
3.02,15,26,9,Medium,Clear,Medium,12,34.08,46.75,12.67,1
4.22,15,20,5,Low,Clear,Medium,17,38.88,44.7,5.82,0
7.3,17,13,7,Low,Clear,Medium,16,53.2,58.84,5.64,0
7.65,20,15,6,Low,Clear,Medium,9,57.6,61.86,4.26,0
8.4,20,15,7,Medium,Clear,High,14,60.6,72.29,11.69,0
10.91,14,4,8,Medium,Rain,Medium,15,64.64,74.54,9.9,0
3.89,35,28,5,Low,Clear,Medium,8,57.56,65.4,7.84,0
8.08,35,27,6,Low,Clear,Medium,20,74.32,81.11,6.79,0
6.94,15,7,7,Low,Rain,High,22,49.76,63.66,13.9,1
4.02,11,3,2,Low,Clear,Low,8,34.08,39.15,5.07,0
10.94,21,4,3,Medium,Clear,Low,9,71.76,78.7,6.94,0
1.6,16,18,1,Low,Rain,Medium,9,29.4,44.63,15.23,1
8.69,35,0,3,High,Clear,Low,14,76.76,88.2,11.44,0
8.87,18,3,5,Low,Rain,Medium,17,60.48,69.13,8.65,0
11.03,6,19,11,Low,Clear,Medium,11,57.12,64.44,7.32,0
6.46,8,4,11,High,Clear,Medium,20,40.84,56.02,15.18,1
4.2,7,2,9,Low,Clear,Low,12,30.8,33.24,2.44,0
10.02,16,0,7,Low,Clear,Medium,12,63.08,65.41,2.33,0
9.36,14,21,3,Low,Clear,Low,16,58.44,69.58,11.14,0
6.25,31,10,4,Medium,Clear,Low,21,63.0,69.75,6.75,0
9.33,32,8,9,Low,Clear,Medium,11,76.32,78.73,2.41,0
3.58,9,19,10,Medium,Clear,Low,13,30.32,38.87,8.55,1
7.28,34,5,11,Medium,Clear,Medium,13,70.12,78.41,8.29,0
10.45,23,15,5,High,Clear,High,14,71.8,92.09,20.29,1
4.16,14,14,6,Medium,Clear,Medium,14,37.64,49.47,11.83,1
6.06,17,20,6,Medium,Clear,Medium,22,48.24,59.45,11.21,1
11.44,18,18,1,Medium,Rain,Medium,10,70.76,92.99,22.23,1
9.68,10,20,2,Medium,Clear,High,14,55.72,79.44,23.72,1
10.7,31,6,1,Medium,Clear,High,11,80.8,101.53,20.73,1
4.93,5,4,9,Medium,Rain,High,16,31.72,47.51,15.79,1
11.96,7,16,3,Low,Rain,Low,19,61.84,69.2,7.36,0
2.25,13,1,8,Medium,Clear,Low,22,29.0,40.64,11.64,1
6.47,9,13,5,Low,Clear,Low,14,41.88,41.3,-0.58,0
6.01,6,18,9,Medium,Rain,Low,11,37.04,46.56,9.52,1
9.68,16,24,2,Low,Clear,Low,22,61.72,71.38,9.66,0
10.95,16,19,4,Low,Clear,High,9,66.8,83.82,17.02,1
8.91,8,29,3,Low,Clear,Low,9,50.64,59.24,8.6,0
7.71,30,16,5,Low,Clear,Low,22,67.84,71.92,4.08,0
5.42,32,13,7,Low,Rain,High,21,60.68,72.15,11.47,0
6.37,27,7,2,Low,Clear,High,16,59.48,71.8,12.32,1
6.36,21,20,8,Medium,Clear,Low,12,53.44,62.58,9.14,0
0.73,34,24,11,Low,Clear,Low,22,43.92,47.28,3.36,0
6.29,15,9,1,High,Clear,High,22,47.16,74.38,27.22,1
10.34,18,2,1,Medium,Rain,High,21,66.36,90.01,23.65,1
8.66,5,0,11,Low,Rain,Medium,19,46.64,56.45,9.81,1
9.65,26,18,8,Low,Clear,Medium,16,71.6,75.68,4.08,0
4.99,7,19,11,Low,Rain,Medium,13,33.96,43.45,9.49,1
6.58,25,3,8,Low,Clear,Medium,15,58.32,61.7,3.38,0
0.89,29,0,8,Medium,Clear,Low,16,39.56,43.56,4.0,0
4.9,11,19,2,Medium,Clear,Medium,15,37.6,59.54,21.94,1
5.96,23,11,6,Medium,Clear,High,20,53.84,66.69,12.85,1
3.43,14,12,5,Low,Clear,Medium,10,34.72,35.08,0.36,0
0.86,17,7,10,Medium,Rain,Low,9,27.44,35.44,8.0,1
8.44,21,21,1,Low,Clear,Medium,14,61.76,76.72,14.96,1
5.5,12,22,1,Medium,Clear,Medium,11,41.0,59.92,18.92,1
5.28,29,1,7,High,Rain,Low,20,57.12,68.88,11.76,1
3.37,17,2,11,Low,Rain,Medium,20,37.48,41.24,3.76,0
6.69,19,16,11,Medium,Clear,Medium,22,52.76,67.28,14.52,1
5.54,30,18,7,Medium,Clear,High,13,59.16,74.4,15.24,1
5.95,12,4,5,Medium,Rain,Low,22,42.8,50.22,7.42,0
7.18,19,4,4,Low,Clear,High,9,54.72,68.78,14.06,1
0.57,35,20,11,Medium,Clear,Medium,22,44.28,53.54,9.26,1
10.94,17,13,3,Low,Clear,High,11,67.76,82.56,14.8,1
1.32,8,3,2,Low,Clear,High,8,20.28,31.38,11.1,1
5.69,13,18,6,Medium,Clear,High,20,42.76,58.86,16.1,1
2.88,34,2,5,Low,Rain,High,15,52.52,60.65,8.13,0
6.52,28,6,6,Low,Clear,Medium,14,61.08,66.22,5.14,0
3.72,30,21,10,High,Storm,Low,11,51.88,77.99,26.11,1
10.39,12,6,3,Low,Clear,Medium,14,60.56,68.95,8.39,0
5.06,31,1,10,Medium,Clear,Medium,17,58.24,61.05,2.81,0
7.85,17,28,3,Medium,Clear,Medium,10,55.4,72.07,16.67,1
3.36,29,6,4,Low,Clear,Medium,22,49.44,56.6,7.16,0
0.72,32,15,1,Medium,Clear,Low,18,41.88,58.68,16.8,1
5.15,11,24,8,Medium,Rain,Medium,21,38.6,56.35,17.75,1
6.67,34,29,10,Medium,Clear,Low,8,67.68,80.53,12.85,0
5.78,24,24,10,Medium,Clear,Medium,20,54.12,65.66,11.54,1
11.56,27,10,2,High,Clear,Medium,20,80.24,99.92,19.68,1
8.63,28,25,9,High,Clear,Medium,13,69.52,85.28,15.76,1
11.95,10,0,2,Low,Clear,High,16,64.8,76.72,11.92,0
3.89,28,9,7,Low,Clear,Medium,15,50.56,56.31,5.75,0
9.57,11,5,8,Medium,Clear,Medium,20,56.28,61.58,5.3,0
6.89,13,15,2,High,Rain,Medium,12,47.56,70.71,23.15,1
7.54,8,26,2,Medium,Rain,Low,21,45.16,64.48,19.32,1
11.84,10,23,1,Low,Clear,Medium,16,64.36,78.67,14.31,1
8.02,35,29,8,High,Clear,Low,8,74.08,90.62,16.54,1
10.84,15,4,7,Low,Clear,High,12,65.36,71.53,6.17,0
8.85,16,22,2,Low,Clear,High,10,58.4,76.38,17.98,1
1.96,19,21,6,Medium,Rain,Low,20,33.84,43.5,9.66,1
8.54,27,13,9,Low,Clear,Medium,14,68.16,69.96,1.8,0
6.07,22,2,3,Medium,Rain,Medium,14,53.28,69.59,16.31,1
11.07,21,3,7,Low,Clear,Low,13,72.28,71.49,-0.79,0
9.78,30,27,4,Medium,Storm,Medium,18,76.12,98.02,21.9,1
1.7,20,8,3,High,Rain,Medium,22,33.8,54.02,20.22,1
2.04,28,19,5,Low,Rain,High,21,43.16,58.05,14.89,1
1.3,33,28,4,Medium,Rain,Medium,22,45.2,63.47,18.27,1
6.17,25,14,6,Medium,Clear,Medium,12,56.68,67.56,10.88,0
1.43,6,6,3,Low,Clear,Medium,17,18.72,25.82,7.1,1
8.82,13,14,5,Medium,Clear,Low,17,55.28,61.98,6.7,0
6.85,24,6,7,Medium,Rain,Medium,12,58.4,70.43,12.03,1
10.11,19,5,5,Low,Rain,Medium,20,66.44,76.53,10.09,0
3.72,13,24,8,High,Clear,Medium,21,34.88,53.29,18.41,1
6.47,15,10,2,Low,Rain,High,22,47.88,63.87,15.99,1
1.85,7,20,2,Low,Clear,Low,22,21.4,31.94,10.54,1
10.67,12,21,10,Low,Clear,Medium,10,61.68,68.55,6.87,0
2.51,29,16,6,Medium,Clear,Low,10,46.04,49.24,3.2,0
1.68,5,16,7,High,Clear,High,18,18.72,35.23,16.51,1
2.86,30,5,9,Low,Clear,Low,18,48.44,49.31,0.87,0
9.77,15,15,2,Low,Rain,Low,14,61.08,73.12,12.04,0
1.72,30,22,11,Low,Clear,Medium,10,43.88,50.69,6.81,0
7.57,12,5,5,Medium,Clear,Medium,12,49.28,59.05,9.77,0
9.08,30,6,10,Low,Clear,Medium,9,73.32,75.65,2.33,0
9.14,22,20,5,Low,Clear,High,10,65.56,73.79,8.23,0
2.69,31,29,5,Low,Clear,Medium,10,48.76,55.91,7.15,0
1.21,6,11,7,Medium,Rain,Medium,16,17.84,28.82,10.98,1
5.66,29,24,3,Medium,Clear,High,15,58.64,78.32,19.68,1
2.83,13,5,7,Medium,Rain,Medium,13,31.32,40.72,9.4,1
8.54,16,17,11,Low,Rain,Low,16,57.16,59.28,2.12,0
4.6,6,28,8,Medium,Rain,High,18,31.4,45.86,14.46,1
5.67,34,13,1,Medium,Clear,Medium,9,63.68,81.53,17.85,1
1.81,24,15,8,Medium,Clear,Medium,12,38.24,45.98,7.74,1
7.03,35,4,1,Low,Rain,Medium,11,70.12,80.91,10.79,0
2.63,22,15,2,Low,Clear,Low,8,39.52,49.77,10.25,1
8.31,9,17,4,Medium,Clear,High,9,49.24,68.73,19.49,1
1.32,15,29,4,Low,Clear,Low,19,27.28,34.89,7.61,1
11.72,18,6,1,Medium,Clear,High,21,71.88,92.62,20.74,1
8.37,9,10,1,Low,Clear,High,10,49.48,67.03,17.55,1
2.59,33,19,9,Low,Rain,High,19,50.36,59.53,9.17,0
0.66,34,28,6,Medium,Clear,Low,11,43.64,55.02,11.38,1
4.35,22,7,3,Low,Clear,Medium,10,46.4,57.28,10.88,1
2.26,23,20,5,Low,Storm,Low,11,39.04,54.71,15.67,1
3.01,26,26,8,Medium,Clear,Medium,21,45.04,56.36,11.32,1
10.54,26,18,9,Low,Clear,Medium,13,75.16,79.49,4.33,0
7.44,6,12,4,High,Rain,Medium,19,42.76,65.88,23.12,1
2.53,21,7,2,Low,Storm,Medium,15,38.12,57.52,19.4,1
6.9,29,8,11,High,Clear,High,14,63.6,83.95,20.35,1
3.44,30,1,7,Medium,Clear,Low,20,50.76,53.67,2.91,0
11.73,23,4,11,Low,Clear,Medium,22,76.92,81.26,4.34,0
0.88,32,13,4,Medium,Rain,Medium,17,42.52,55.01,12.49,1
8.92,23,4,2,Medium,Rain,Low,20,65.68,79.47,13.79,1
9.39,16,0,5,Medium,Clear,Medium,10,60.56,66.86,6.3,0
1.27,18,20,4,Low,Rain,Medium,21,30.08,46.77,16.69,1
2.48,26,2,8,High,Clear,Medium,10,42.92,57.42,14.5,1
4.92,32,4,8,Medium,Clear,Medium,10,58.68,62.18,3.5,0
10.48,12,17,1,High,Clear,High,20,60.92,89.32,28.4,1
6.68,14,27,7,Medium,Clear,High,15,47.72,64.86,17.14,1
8.04,25,21,4,Medium,Rain,Low,11,64.16,76.41,12.25,0
9.5,28,0,7,Medium,Clear,Medium,8,73.0,77.79,4.79,0
10.02,17,5,5,Medium,Clear,High,11,64.08,77.4,13.32,1
5.98,24,22,6,High,Clear,Low,20,54.92,67.4,12.48,1
6.35,5,21,8,Medium,Rain,Medium,8,37.4,52.75,15.35,1
8.76,14,11,4,Low,Clear,Medium,21,56.04,61.15,5.11,0
3.53,34,28,3,Medium,Rain,Low,19,55.12,70.65,15.53,1
10.33,22,26,8,Low,Clear,Medium,11,70.32,80.43,10.11,0
0.74,31,22,11,High,Rain,Medium,19,40.96,62.34,21.38,1
2.75,11,22,5,Medium,Clear,Low,15,29.0,37.46,8.46,1
9.7,14,23,11,Medium,Clear,Low,13,59.8,68.34,8.54,0
4.41,35,4,3,Low,Rain,High,15,59.64,74.62,14.98,1
2.22,35,21,10,Medium,Clear,High,8,50.88,64.5,13.62,1
2.65,32,28,11,Low,Rain,Medium,21,49.6,58.17,8.57,0
6.6,14,6,4,Medium,Clear,Medium,19,47.4,58.74,11.34,1
10.23,29,0,2,Medium,Clear,Low,10,76.92,89.98,13.06,0
1.31,19,10,8,Medium,Rain,High,9,31.24,48.45,17.21,1
0.85,31,8,10,Low,Rain,Low,14,41.4,46.51,5.11,0
5.85,31,28,1,Medium,Clear,High,14,61.4,83.58,22.18,1
11.5,18,13,8,Medium,Clear,Medium,19,71.0,82.35,11.35,0
3.71,14,19,10,High,Rain,Low,20,35.84,53.6,17.76,1
11.53,35,29,1,High,Clear,Medium,8,88.12,116.44,28.32,1
10.71,18,23,6,Medium,Rain,High,11,67.84,88.51,20.67,1
3.76,18,22,1,Low,Clear,High,16,40.04,62.61,22.57,1
9.89,25,29,2,Low,Clear,Medium,13,71.56,84.13,12.57,0
8.39,34,20,6,High,Rain,Low,22,74.56,88.98,14.42,0
6.39,9,6,4,High,Clear,Medium,17,41.56,58.06,16.5,1
5.36,35,21,1,Low,Clear,Medium,12,63.44,76.79,13.35,1
9.88,18,9,9,Medium,Clear,Medium,18,64.52,71.13,6.61,0
9.62,5,9,3,Low,Storm,Low,14,50.48,66.72,16.24,1
9.2,14,19,10,Low,Clear,High,14,57.8,66.58,8.78,0
11.98,19,9,2,High,Storm,Medium,18,73.92,102.7,28.78,1
6.0,25,0,6,High,Clear,Low,14,56.0,62.74,6.74,0
9.78,22,29,8,High,Clear,Low,18,68.12,84.05,15.93,1
10.42,9,17,6,Low,Clear,Low,14,57.68,63.45,5.77,0
2.93,20,20,5,Medium,Clear,Medium,16,38.72,52.15,13.43,1
0.98,12,24,9,High,Clear,Low,15,22.92,39.81,16.89,1
5.15,13,19,1,Medium,Clear,Medium,16,40.6,59.24,18.64,1
10.35,27,18,10,Low,Clear,Low,13,75.4,81.22,5.82,0
3.82,29,23,8,Medium,Rain,Low,9,51.28,63.74,12.46,1
8.55,9,8,9,Low,Clear,Low,11,50.2,50.92,0.72,0
0.58,23,24,5,Medium,Clear,Medium,13,32.32,44.88,12.56,1
4.59,18,21,5,High,Clear,Medium,12,43.36,62.33,18.97,1
7.58,15,5,7,Low,Clear,Medium,14,52.32,53.66,1.34,0
1.99,27,4,8,Low,Rain,Medium,15,41.96,46.64,4.68,0
10.81,12,26,11,Medium,Rain,Medium,11,62.24,77.15,14.91,1
2.3,28,26,10,Medium,Rain,Medium,13,44.2,56.96,12.76,1
10.96,17,29,1,Low,Clear,Low,12,67.84,79.17,11.33,0
2.99,7,3,2,Low,Clear,Medium,16,25.96,34.72,8.76,1
11.93,29,26,11,Medium,Rain,Low,15,83.72,97.9,14.18,0
7.45,31,25,5,Low,Rain,Medium,17,67.8,80.75,12.95,0
1.47,22,23,7,Medium,Clear,Medium,14,34.88,47.12,12.24,1
1.25,27,14,1,Medium,Clear,Medium,22,39.0,57.16,18.16,1
1.36,9,15,2,Low,Rain,Medium,15,21.44,40.61,19.17,1
7.28,15,12,5,Medium,Storm,Medium,17,51.12,67.44,16.32,1
9.81,15,0,8,Medium,Clear,Low,14,61.24,65.72,4.48,0
5.13,28,15,9,Medium,Clear,High,19,55.52,68.34,12.82,1
5.62,15,7,10,Medium,Rain,Low,16,44.48,50.31,5.83,0
7.28,27,6,3,Low,Clear,Low,9,63.12,70.69,7.57,0
6.63,14,1,3,Low,Clear,Low,18,47.52,51.11,3.59,0
8.41,23,13,6,Medium,Clear,High,19,63.64,78.63,14.99,1
5.93,11,1,7,Medium,Clear,High,14,41.72,52.43,10.71,1
8.71,22,25,1,Low,Rain,Medium,15,63.84,85.33,21.49,1
11.97,7,26,5,Low,Rain,Low,8,61.88,68.09,6.21,0
4.53,27,24,10,Medium,Clear,Medium,20,52.12,66.25,14.13,1
0.64,5,9,2,Low,Clear,Medium,19,14.56,27.15,12.59,1
1.94,35,4,10,High,Rain,Low,22,49.76,59.97,10.21,1
6.87,31,15,5,Medium,Clear,Medium,16,65.48,74.45,8.97,0
4.46,22,20,6,Low,Clear,Medium,11,46.84,55.88,9.04,0
11.31,33,0,8,Medium,Clear,Medium,12,85.24,95.51,10.27,0
7.72,30,25,8,Low,Clear,Medium,21,67.88,77.31,9.43,0
6.48,9,13,8,High,Rain,Medium,8,41.92,59.73,17.81,1
9.68,28,24,2,High,Clear,Medium,18,73.72,95.58,21.86,1
3.47,16,2,4,Medium,Rain,Low,9,36.88,47.41,10.53,1
9.93,31,12,10,Medium,Clear,Low,19,77.72,83.27,5.55,0
0.54,31,13,1,High,Clear,High,16,40.16,66.99,26.83,1
7.63,34,1,8,Medium,Rain,Low,15,71.52,78.27,6.75,0
11.25,18,21,6,High,Clear,Medium,18,70.0,88.96,18.96,1
9.56,10,27,2,Low,Rain,Low,13,55.24,73.25,18.01,1
10.32,8,16,2,High,Clear,Low,16,56.28,77.53,21.25,1
5.06,10,11,11,Medium,Storm,Medium,20,37.24,54.46,17.22,1
9.98,35,19,1,Low,Clear,Low,14,81.92,91.92,10.0,0
6.83,23,10,1,High,Clear,Medium,8,57.32,81.66,24.34,1
7.61,15,10,1,Medium,Clear,Medium,22,52.44,72.77,20.33,1
1.18,18,22,7,High,Clear,Medium,16,29.72,49.13,19.41,1
2.82,10,17,11,Low,Clear,Medium,14,28.28,35.1,6.82,1
6.84,22,7,2,Medium,Clear,Low,9,56.36,66.78,10.42,0
1.18,18,12,9,Medium,Clear,High,9,29.72,43.81,14.09,1
9.03,29,25,8,Low,Clear,High,11,72.12,86.43,14.31,0
10.16,5,15,3,Medium,Clear,Low,21,52.64,64.1,11.46,1
11.08,33,2,1,Medium,Clear,Medium,18,84.32,99.51,15.19,0
1.67,6,25,6,Low,Clear,Medium,14,19.68,26.31,6.63,1
11.31,17,22,1,Medium,Rain,Medium,19,69.24,96.82,27.58,1
1.28,15,8,2,Low,Clear,Low,13,27.12,32.94,5.82,1
5.95,27,28,6,Medium,Clear,Low,21,57.8,65.43,7.63,0
10.16,25,28,9,High,Clear,Low,12,72.64,88.57,15.93,1
1.31,11,29,11,Medium,Clear,Low,18,23.24,32.64,9.4,1
0.71,20,11,7,Medium,Clear,Medium,14,29.84,41.09,11.25,1
0.79,21,27,4,Low,Rain,High,18,31.16,50.67,19.51,1
6.38,19,24,4,Low,Clear,Medium,10,51.52,58.89,7.37,0
9.83,5,26,7,High,Storm,Medium,22,51.32,76.01,24.69,1
1.97,10,16,2,Low,Rain,Low,12,24.88,35.33,10.45,1
1.93,20,8,6,Low,Storm,Medium,16,34.72,48.89,14.17,1
7.04,13,6,9,Low,Clear,Medium,18,48.16,53.22,5.06,0
3.19,21,28,10,Medium,Clear,High,17,40.76,56.62,15.86,1
8.9,10,15,1,Medium,Rain,Medium,16,52.6,74.03,21.43,1
11.42,27,27,4,Low,Rain,Medium,21,79.68,90.83,11.15,0
9.31,10,16,3,Low,Clear,Low,22,54.24,59.95,5.71,0
10.59,25,16,7,Low,Clear,High,19,74.36,81.96,7.6,0
6.48,30,2,3,Low,Clear,Medium,10,62.92,70.61,7.69,0
10.07,16,12,11,Low,Clear,Medium,19,63.28,68.96,5.68,0
2.6,9,16,11,Medium,Rain,Medium,15,26.4,37.63,11.23,1
1.29,5,3,4,Medium,Rain,Low,16,17.16,27.6,10.44,1
8.04,16,4,5,Low,Clear,Medium,22,55.16,61.07,5.91,0
1.1,8,17,5,Medium,Clear,High,15,19.4,31.74,12.34,1
10.76,32,7,1,Medium,Clear,Low,20,82.04,94.79,12.75,0
8.45,35,21,10,Low,Rain,Low,17,75.8,84.03,8.23,0
11.45,35,13,9,Low,Rain,Low,9,87.8,93.39,5.59,0
4.11,33,12,4,Medium,Clear,Low,18,56.44,62.1,5.66,0
6.09,23,3,7,Low,Clear,High,15,54.36,61.08,6.72,0
9.03,15,12,5,Medium,Storm,Medium,16,58.12,74.57,16.45,1
3.29,18,16,3,Medium,Clear,High,12,38.16,56.02,17.86,1
6.73,13,17,4,High,Rain,High,10,46.92,72.06,25.14,1
8.08,31,8,2,Low,Clear,Medium,19,70.32,84.05,13.73,0
11.76,18,0,9,Low,Clear,Medium,11,72.04,74.62,2.58,0
9.06,16,28,8,High,Clear,Medium,9,59.24,74.4,15.16,1
1.86,26,28,11,Medium,Clear,Medium,15,40.44,53.22,12.78,1
5.97,16,27,1,Low,Rain,Medium,18,46.88,69.78,22.9,1
7.27,16,8,7,Medium,Rain,Medium,11,52.08,63.35,11.27,1
2.19,12,18,7,Low,Clear,Medium,13,27.76,33.48,5.72,1
5.47,7,4,7,Medium,Clear,Medium,14,35.88,43.07,7.19,1
3.77,6,27,11,High,Rain,Low,21,28.08,47.65,19.57,1
1.87,17,0,5,Medium,Rain,Medium,10,31.48,40.86,9.38,1
6.39,35,14,2,Medium,Clear,Medium,21,67.56,80.33,12.77,0
2.4,13,25,1,High,Rain,Medium,10,29.6,57.26,27.66,1
7.29,24,21,6,Medium,Clear,Medium,16,60.16,71.23,11.07,0
2.45,15,25,2,Low,Rain,Medium,20,31.8,49.87,18.07,1
8.82,14,14,2,Medium,Clear,Medium,21,56.28,70.91,14.63,1
2.75,10,2,2,Low,Clear,Medium,16,28.0,36.81,8.81,1
10.81,22,0,4,Low,Rain,Medium,15,72.24,80.33,8.09,0
0.8,25,4,2,Medium,Rain,Low,19,35.2,47.45,12.25,1
6.5,15,1,6,Low,Rain,Low,21,48.0,51.02,3.02,0
4.18,21,13,8,Low,Clear,Low,8,44.72,48.25,3.53,0
3.09,19,1,4,Medium,Rain,Medium,11,38.36,48.19,9.83,1
5.92,13,5,2,Low,Rain,Medium,12,43.68,57.29,13.61,1
10.18,26,12,7,Medium,Clear,Low,20,73.72,77.94,4.22,0
11.03,22,22,1,Low,Clear,High,8,73.12,90.38,17.26,1
3.99,7,20,9,Medium,Rain,Medium,9,29.96,42.63,12.67,1
2.27,20,1,5,High,Clear,Medium,8,36.08,52.01,15.93,1
8.78,17,27,5,Low,Clear,Medium,22,59.12,64.09,4.97,0
7.19,29,16,3,Medium,Rain,Medium,8,64.76,81.03,16.27,1
2.81,14,10,4,Low,Clear,Medium,11,32.24,39.19,6.95,1
9.24,34,11,2,Low,Rain,Low,15,77.96,91.49,13.53,0
6.47,24,25,7,Low,Clear,Low,13,56.88,65.78,8.9,0
8.01,9,13,2,Low,Clear,Medium,9,48.04,58.8,10.76,1
4.63,17,7,8,Low,Storm,High,14,42.52,60.0,17.48,1
5.55,32,12,3,Medium,Rain,Medium,19,61.2,77.41,16.21,1
2.57,12,2,7,Medium,Clear,Medium,12,29.28,36.48,7.2,1
9.2,26,4,6,High,Rain,Low,15,69.8,84.15,14.35,1
2.31,29,9,7,High,Rain,Medium,15,45.24,59.87,14.63,1
9.45,26,6,9,Low,Rain,High,11,70.8,81.9,11.1,0
9.68,7,10,7,Low,Clear,Medium,8,52.72,58.62,5.9,0
9.09,16,1,10,Low,Clear,Medium,20,59.36,60.84,1.48,0
0.72,15,18,3,Medium,Rain,Low,22,24.88,40.39,15.51,1
3.64,15,3,9,High,Rain,Low,15,36.56,46.7,10.14,1
5.89,32,6,4,Low,Clear,Low,20,62.56,65.95,3.39,0
7.35,5,29,7,Low,Clear,Medium,13,41.4,52.88,11.48,1
11.07,21,0,6,Low,Clear,Medium,22,72.28,74.84,2.56,0
4.82,35,8,10,High,Clear,Low,16,61.28,70.92,9.64,0
10.56,32,15,3,Medium,Clear,High,20,81.24,96.39,15.15,0
2.38,23,9,6,Medium,Clear,High,18,39.52,53.1,13.58,1
4.77,35,9,2,Medium,Clear,Medium,21,61.08,77.74,16.66,1
1.1,17,3,7,Low,Clear,High,16,28.4,35.89,7.49,1
9.04,23,12,1,Low,Clear,High,20,66.16,82.63,16.47,1
2.23,21,22,5,Medium,Rain,Low,21,36.92,44.46,7.54,1
3.46,6,17,1,Medium,Clear,High,19,26.84,49.49,22.65,1
9.42,6,27,4,Low,Clear,Medium,13,50.68,59.7,9.02,0
6.65,32,20,6,Low,Clear,Low,9,65.6,68.34,2.74,0
0.66,10,23,4,Low,Clear,Low,14,19.64,29.47,9.83,1
0.53,15,12,5,Low,Clear,Medium,18,24.12,25.92,1.8,0
6.37,24,18,2,Low,Storm,High,20,56.48,77.74,21.26,1
4.01,22,17,8,Low,Clear,Medium,19,45.04,51.9,6.86,0
2.57,20,24,9,Medium,Clear,Medium,17,37.28,48.31,11.03,1
7.56,35,15,6,Medium,Rain,Medium,16,72.24,84.2,11.96,0
3.13,29,12,1,Medium,Rain,High,22,48.52,73.47,24.95,1
7.31,34,2,1,Medium,Clear,Low,11,70.24,83.15,12.91,0
4.86,25,25,8,High,Clear,Medium,19,51.44,67.49,16.05,1
2.65,35,13,11,High,Clear,Medium,16,52.6,67.02,14.42,1
2.09,23,23,10,Low,Clear,Low,15,38.36,43.06,4.7,0
3.22,21,20,5,Low,Clear,High,13,40.88,52.21,11.33,1
0.84,30,0,6,Low,Clear,High,17,40.36,48.33,7.97,0
4.04,31,19,2,High,Clear,Medium,22,54.16,75.79,21.63,1
10.87,7,14,1,Low,Clear,Medium,14,57.48,71.97,14.49,1
10.06,33,7,9,Low,Rain,High,9,80.24,93.54,13.3,0
4.78,26,7,5,Medium,Clear,Low,9,52.12,57.61,5.49,0
7.12,32,19,6,Medium,Clear,Low,10,67.48,75.07,7.59,0
7.02,27,2,4,Medium,Rain,Medium,14,62.08,74.01,11.93,0
10.03,33,18,4,Medium,Clear,Medium,8,80.12,91.49,11.37,0
3.22,13,25,11,Medium,Clear,Medium,12,32.88,43.0,10.12,1
3.91,10,2,9,High,Clear,Medium,18,32.64,45.44,12.8,1
3.97,11,0,8,Low,Clear,Medium,18,33.88,37.78,3.9,0
0.97,12,1,5,High,Clear,Low,18,22.88,31.3,8.42,1
4.12,11,21,8,Medium,Clear,Low,18,34.48,42.53,8.05,1
10.6,18,25,4,Low,Clear,Low,9,67.4,74.02,6.62,0
10.99,11,29,6,High,Clear,Medium,22,61.96,84.32,22.36,1
1.76,9,0,2,High,Clear,Medium,12,23.04,43.49,20.45,1
5.77,21,14,8,Medium,Rain,High,9,51.08,69.29,18.21,1
4.89,29,1,1,High,Storm,Medium,20,55.56,86.6,31.04,1
6.13,9,11,8,Low,Clear,Medium,15,40.52,44.63,4.11,0
6.88,20,9,7,Low,Clear,Low,13,54.52,59.07,4.55,0
0.73,25,18,1,Low,Rain,Medium,13,34.92,52.84,17.92,1
10.19,26,27,6,High,Clear,High,16,73.76,96.07,22.31,1
11.7,8,24,3,Medium,Clear,Low,15,61.8,72.17,10.37,0
8.01,27,1,6,High,Rain,Medium,8,66.04,81.44,15.4,1
8.1,5,7,1,Medium,Clear,Low,9,44.4,54.27,9.87,1
6.57,12,8,8,Medium,Clear,Medium,22,45.28,53.38,8.1,0
4.34,14,7,6,Low,Clear,Medium,15,38.36,41.61,3.25,0
2.21,31,10,4,Low,Clear,Medium,22,46.84,53.04,6.2,0
7.22,10,18,10,Medium,Clear,Medium,17,45.88,53.71,7.83,0
1.02,29,22,8,Medium,Clear,High,19,40.08,56.89,16.81,1
9.98,35,28,7,Low,Rain,High,12,81.92,98.71,16.79,1
5.34,34,21,2,High,Clear,Medium,20,62.36,88.94,26.58,1
5.27,14,8,6,Medium,Rain,Medium,17,42.08,57.0,14.92,1
4.26,7,5,8,Low,Clear,Medium,19,31.04,35.35,4.31,0
11.65,11,11,11,High,Clear,Medium,11,64.6,81.85,17.25,1
2.51,28,23,7,Medium,Clear,Medium,16,45.04,57.16,12.12,1
2.24,11,29,2,Medium,Clear,Medium,13,26.96,44.91,17.95,1
2.4,25,11,8,Low,Clear,Medium,21,41.6,46.24,4.64,0
8.07,16,5,1,Low,Clear,Low,21,55.28,65.56,10.28,0
11.91,28,0,4,Low,Clear,Low,13,82.64,92.82,10.18,0
3.21,23,2,11,Medium,Clear,Medium,8,42.84,52.57,9.73,1
10.91,23,19,9,Medium,Clear,High,11,73.64,88.93,15.29,1
3.7,29,17,10,High,Clear,Medium,12,50.8,68.17,17.37,1
7.95,34,19,4,High,Clear,High,8,72.8,96.55,23.75,1
0.97,16,0,8,Low,Clear,Medium,22,26.88,29.7,2.82,0
6.2,21,13,8,High,Rain,Low,14,52.8,69.91,17.11,1
8.03,24,5,3,Low,Rain,Medium,10,63.12,73.81,10.69,0
6.67,30,10,11,Low,Clear,High,17,63.68,70.66,6.98,0
3.24,19,18,11,Medium,Clear,Medium,13,38.96,50.52,11.56,1
10.03,16,8,2,High,Clear,Medium,10,63.12,84.95,21.83,1
11.66,31,19,9,High,Clear,Medium,14,84.64,101.15,16.51,0
5.78,34,8,5,Medium,Clear,Low,16,64.12,70.34,6.22,0
7.81,22,15,8,Low,Clear,Low,17,60.24,65.16,4.92,0
9.59,8,13,7,Low,Storm,Low,11,53.36,63.86,10.5,0
3.28,13,11,3,Low,Rain,Medium,17,33.12,44.43,11.31,1
10.44,19,3,2,Medium,Clear,High,19,67.76,83.94,16.18,1
3.72,26,17,6,Medium,Clear,Low,17,47.88,54.77,6.89,0
9.42,25,29,10,Low,Clear,Low,22,69.68,78.55,8.87,0
1.79,30,19,10,Medium,Clear,Medium,22,44.16,54.56,10.4,1
3.82,5,22,4,Medium,Clear,High,15,27.28,45.4,18.12,1
6.64,19,24,10,Medium,Clear,Medium,13,52.56,63.71,11.15,1
6.54,26,1,4,Low,Clear,Medium,14,59.16,63.54,4.38,0
10.28,35,23,7,Low,Clear,Medium,15,83.12,88.96,5.84,0
11.96,9,7,4,Medium,Clear,Medium,10,63.84,74.44,10.6,0
1.73,32,19,6,Medium,Clear,High,22,45.92,59.69,13.77,1
3.62,5,29,6,Low,Storm,Low,16,26.48,42.83,16.35,1
4.61,11,26,8,Low,Clear,High,9,36.44,48.42,11.98,1
6.01,31,12,6,High,Clear,Medium,21,62.04,77.35,15.31,1
6.18,29,25,6,Medium,Clear,Medium,22,60.72,72.36,11.64,0
10.35,35,18,8,Low,Clear,Low,16,83.4,87.74,4.34,0
9.36,23,3,5,Medium,Clear,High,22,67.44,82.02,14.58,1
0.72,24,7,6,Medium,Clear,Medium,22,33.88,40.2,6.32,0
5.73,21,28,1,Low,Clear,Medium,22,50.92,68.08,17.16,1
7.61,20,27,10,Low,Clear,Medium,22,57.44,62.7,5.26,0
5.79,20,26,2,High,Clear,Low,9,50.16,73.81,23.65,1
2.0,14,11,10,Medium,Clear,Low,8,29.0,34.98,5.98,1
5.07,31,9,9,Low,Clear,Low,16,58.28,57.09,-1.19,0
5.23,16,24,11,Medium,Clear,Low,19,43.92,50.17,6.25,0
2.66,23,0,1,Medium,Rain,Medium,20,40.64,60.27,19.63,1
9.2,25,26,3,Medium,Clear,Medium,17,68.8,81.67,12.87,0
4.2,21,18,1,Low,Rain,Medium,12,44.8,62.96,18.16,1
7.27,23,18,5,Low,Clear,Medium,21,59.08,64.82,5.74,0
6.43,6,13,10,Low,Clear,Low,16,38.72,40.93,2.21,0
10.59,14,29,9,High,Clear,Medium,18,63.36,80.81,17.45,1
1.9,18,22,8,Medium,Clear,Medium,11,32.6,42.09,9.49,1
1.81,17,1,10,Medium,Clear,Medium,19,31.24,37.47,6.23,0
3.95,33,15,1,Low,Clear,Medium,9,55.8,70.94,15.14,1
5.46,32,25,9,Medium,Clear,High,21,60.84,76.25,15.41,1
3.93,27,2,4,Medium,Clear,Medium,20,49.72,59.96,10.24,1
9.28,15,22,8,Medium,Rain,High,18,59.12,77.04,17.92,1
3.32,6,7,9,Low,Clear,Medium,22,26.28,31.9,5.62,1
1.47,28,15,8,Medium,Clear,Medium,21,40.88,51.71,10.83,1
5.26,32,26,5,Low,Clear,High,9,60.04,71.16,11.12,0
9.39,20,14,7,Low,Rain,High,11,64.56,75.45,10.89,0
10.28,30,1,6,Medium,Storm,High,9,78.12,99.23,21.11,1
8.93,33,0,7,Low,Clear,High,12,75.72,81.09,5.37,0
6.92,21,22,6,Low,Clear,High,16,55.68,68.08,12.4,1
8.83,11,27,5,High,Clear,Medium,10,53.32,71.78,18.46,1
8.34,5,8,3,Low,Clear,Low,9,45.36,50.03,4.67,0
3.2,28,28,5,Medium,Rain,Medium,17,47.8,64.26,16.46,1
6.83,22,13,8,Medium,Clear,Medium,17,56.32,68.66,12.34,1
9.36,9,1,10,Medium,Rain,Medium,13,53.44,64.89,11.45,1
4.15,6,15,2,Low,Clear,Medium,18,29.6,41.86,12.26,1
8.02,35,29,3,Medium,Rain,Medium,16,74.08,97.12,23.04,1
6.04,14,7,6,Medium,Clear,High,14,45.16,54.21,9.05,1
6.29,15,28,8,Low,Clear,Medium,9,47.16,53.54,6.38,0
1.54,24,19,2,Medium,Clear,Low,19,37.16,50.03,12.87,1
8.16,16,11,4,High,Clear,Medium,17,55.64,75.68,20.04,1
10.46,33,20,1,Low,Rain,Medium,9,81.84,101.73,19.89,1
2.13,26,12,1,Low,Clear,Low,10,41.52,48.49,6.97,0
4.71,16,2,2,Medium,Rain,Medium,12,41.84,57.37,15.53,1
1.06,13,26,9,Medium,Clear,High,10,24.24,37.79,13.55,1
0.84,31,11,10,Medium,Clear,Medium,20,41.36,50.48,9.12,1
11.88,23,16,6,Low,Clear,Medium,22,77.52,85.52,8.0,0
6.17,33,22,2,Low,Clear,Medium,9,64.68,80.03,15.35,1
4.59,15,2,11,Medium,Rain,Medium,11,40.36,51.3,10.94,1
3.66,5,21,4,High,Clear,Medium,12,26.64,44.99,18.35,1
11.77,32,10,2,Low,Clear,Medium,22,86.08,96.89,10.81,0
3.4,12,16,2,High,Clear,Medium,17,32.6,56.17,23.57,1
8.85,31,13,4,Low,Rain,High,22,73.4,92.69,19.29,1
3.76,27,23,9,Low,Rain,Medium,11,49.04,57.27,8.23,0
1.31,12,5,5,Medium,Rain,Medium,9,24.24,38.42,14.18,1
8.36,28,3,5,Low,Clear,Medium,15,68.44,72.53,4.09,0
0.52,7,12,4,Medium,Clear,Low,20,16.08,26.12,10.04,1
8.27,17,3,11,Low,Clear,High,20,57.08,65.05,7.97,0
3.38,16,7,8,Medium,Rain,Medium,15,36.52,50.73,14.21,1
9.08,25,19,8,Low,Clear,Low,12,68.32,72.78,4.46,0
9.35,21,24,5,Medium,Storm,Low,8,65.4,80.9,15.5,1
8.83,23,20,6,High,Rain,Low,14,65.32,83.22,17.9,1
0.78,19,9,10,Low,Clear,Medium,16,29.12,36.17,7.05,1
8.59,27,24,8,Low,Rain,Medium,8,68.36,79.16,10.8,0
11.89,9,12,9,High,Clear,Medium,22,63.56,74.81,11.25,0
3.29,27,5,1,Low,Clear,Medium,18,47.16,58.93,11.77,1
3.65,6,22,10,Medium,Clear,Medium,12,27.6,39.2,11.6,1
9.86,7,15,11,Medium,Clear,High,13,53.44,67.35,13.91,1
2.34,27,11,8,High,Rain,High,13,43.36,64.57,21.21,1
8.1,9,19,11,Low,Clear,Medium,20,48.4,57.85,9.45,0
9.18,28,21,7,Low,Rain,Medium,18,71.72,77.17,5.45,0
0.93,9,6,4,Low,Rain,High,9,19.72,33.11,13.39,1
6.87,9,3,7,Low,Clear,Medium,12,43.48,47.3,3.82,0
7.12,33,15,7,Low,Clear,Low,19,68.48,75.67,7.19,0
3.99,10,1,2,High,Clear,Medium,13,32.96,52.13,19.17,1
10.58,33,19,3,Low,Clear,High,20,82.32,98.01,15.69,0
2.37,15,13,4,Low,Clear,Medium,15,31.48,39.33,7.85,1
4.69,29,6,7,Low,Rain,Medium,19,54.76,62.15,7.39,0
10.26,34,17,2,Low,Rain,High,15,82.04,104.97,22.93,1
2.69,8,11,9,Medium,Clear,Low,19,25.76,29.74,3.98,0
9.95,15,11,2,Low,Rain,High,14,61.8,78.67,16.87,1
1.41,22,6,11,Medium,Clear,Medium,11,34.64,44.35,9.71,1
6.13,31,20,8,Medium,Storm,Medium,21,62.52,82.03,19.51,1
1.37,10,27,4,Low,Rain,Medium,14,22.48,35.31,12.83,1
8.3,10,18,5,Medium,Rain,Medium,8,50.2,63.66,13.46,1
9.59,16,7,8,Low,Clear,Medium,13,61.36,67.59,6.23,0
10.27,11,25,1,Low,Rain,Medium,14,59.08,79.05,19.97,1
11.78,13,3,8,High,Clear,Low,11,67.12,76.29,9.17,0
8.23,9,8,7,High,Clear,Medium,21,48.92,64.0,15.08,1
9.34,30,1,3,Low,Clear,Medium,15,74.36,81.46,7.1,0
6.32,29,25,10,Medium,Clear,High,13,61.28,78.22,16.94,1
11.0,9,1,7,Low,Clear,Low,18,60.0,59.56,-0.44,0
7.9,21,16,2,Medium,Clear,Low,17,59.6,70.38,10.78,0
10.66,25,5,8,Medium,Rain,Medium,15,74.64,86.98,12.34,0
3.21,24,6,5,Low,Clear,Medium,22,43.84,49.14,5.3,0
6.21,35,18,9,High,Rain,Medium,22,66.84,89.27,22.43,1
8.89,24,24,6,Medium,Rain,High,15,66.56,82.73,16.17,1
2.83,26,0,11,Low,Clear,Low,18,44.32,44.18,-0.14,0
2.93,6,4,11,High,Rain,Medium,8,24.72,41.06,16.34,1
11.75,7,8,1,Medium,Clear,High,14,61.0,80.81,19.81,1
5.5,24,28,5,Low,Clear,Medium,14,53.0,58.52,5.52,0
2.59,33,1,3,Medium,Storm,Medium,14,50.36,67.43,17.07,1
4.31,17,5,5,High,Rain,High,20,41.24,62.78,21.54,1
5.07,24,12,2,High,Clear,Medium,16,51.28,71.68,20.4,1
7.67,11,9,6,Low,Rain,Low,15,48.68,51.83,3.15,0
11.11,19,1,2,Medium,Clear,Low,14,70.44,83.5,13.06,0
11.85,28,16,7,High,Rain,High,17,82.4,110.35,27.95,1
7.99,25,18,5,High,Clear,High,11,63.96,84.45,20.49,1
8.55,8,5,11,Low,Clear,Low,11,49.2,47.2,-2.0,0
4.2,32,20,10,Medium,Rain,Medium,15,55.8,70.59,14.79,1
10.36,33,1,7,High,Clear,Medium,12,81.44,90.47,9.03,0
3.0,19,21,5,Low,Clear,Low,18,38.0,39.5,1.5,0
1.72,15,7,8,Low,Rain,High,21,28.88,41.11,12.23,1
11.69,21,6,8,Medium,Rain,Medium,13,74.76,83.19,8.43,0
10.44,29,5,2,Medium,Clear,High,16,77.76,95.17,17.41,1
3.99,19,26,5,Medium,Rain,Medium,12,41.96,54.19,12.23,1
8.26,5,15,11,Low,Clear,Low,19,45.04,48.15,3.11,0
5.87,7,20,4,Medium,Clear,Medium,11,37.48,52.73,15.25,1
4.22,30,6,1,Low,Clear,Medium,15,53.88,64.85,10.97,1
3.8,29,1,10,Medium,Clear,Medium,13,51.2,58.36,7.16,0
2.06,28,1,11,Low,Clear,Low,19,43.24,41.81,-1.43,0
6.82,8,13,8,Low,Rain,High,11,42.28,53.39,11.11,1
5.64,10,9,7,High,Rain,Medium,11,39.56,55.7,16.14,1
6.39,17,23,4,Medium,Clear,Medium,19,49.56,64.73,15.17,1
2.98,12,23,4,Low,Clear,Medium,16,30.92,37.69,6.77,1
11.29,16,9,11,Low,Rain,Medium,17,68.16,75.3,7.14,0
7.84,22,13,10,Medium,Rain,Medium,19,60.36,73.78,13.42,1
10.85,13,11,6,High,Clear,Medium,12,63.4,80.42,17.02,1
1.76,8,20,4,Low,Clear,Low,11,22.04,28.92,6.88,1
7.66,17,18,3,High,Clear,Medium,22,54.64,75.09,20.45,1
10.27,27,19,1,Low,Clear,Medium,9,75.08,88.74,13.66,0
4.31,24,1,6,Medium,Clear,Low,17,48.24,54.29,6.05,0
2.74,14,10,7,Low,Clear,High,13,31.96,39.23,7.27,1
3.55,14,29,8,Low,Rain,Low,10,35.2,42.3,7.1,1
3.64,23,10,9,High,Rain,High,22,44.56,69.26,24.7,1
5.64,10,5,5,Low,Clear,Low,20,39.56,41.28,1.72,0
4.25,30,5,2,High,Clear,Medium,11,54.0,74.79,20.79,1
3.62,31,0,10,Low,Clear,Medium,19,52.48,56.68,4.2,0
7.96,5,23,9,Low,Clear,Medium,19,43.84,51.25,7.41,0
1.11,35,0,6,High,Clear,High,15,46.44,60.56,14.12,1
4.41,5,17,1,Medium,Storm,Low,22,29.64,53.54,23.9,1
8.43,19,11,6,Low,Clear,Low,11,59.72,61.88,2.16,0
2.52,25,2,7,Medium,Rain,Low,9,42.08,47.76,5.68,0
3.04,15,26,10,Low,Clear,Medium,20,34.16,40.18,6.02,0
2.81,11,22,6,High,Clear,High,13,29.24,50.55,21.31,1
0.51,6,24,6,Low,Rain,Low,9,15.04,20.12,5.08,1
5.95,27,28,5,Medium,Rain,Medium,22,57.8,73.11,15.31,1
0.95,6,27,5,Low,Clear,Medium,14,16.8,24.67,7.87,1
3.64,20,21,1,Medium,Rain,High,20,41.56,67.52,25.96,1
11.94,17,16,2,High,Clear,Medium,20,71.76,94.77,23.01,1
11.06,34,20,9,Medium,Rain,High,12,85.24,104.48,19.24,1
2.97,33,13,4,Low,Clear,Medium,20,51.88,58.06,6.18,0
4.07,30,5,10,Low,Clear,High,15,53.28,63.02,9.74,0
5.83,27,11,5,Low,Rain,Medium,17,57.32,65.08,7.76,0
10.21,21,14,11,High,Rain,Medium,12,68.84,91.15,22.31,1
9.73,15,1,2,Low,Rain,High,8,60.92,75.95,15.03,1
1.95,10,25,3,Medium,Clear,Medium,10,24.8,37.58,12.78,1
1.93,35,27,7,Low,Rain,Medium,12,49.72,62.79,13.07,1
5.29,16,12,9,High,Clear,Medium,16,44.16,60.41,16.25,1
10.51,18,14,2,Medium,Clear,High,20,67.04,89.24,22.2,1
10.64,9,25,6,Medium,Clear,Medium,10,58.56,71.18,12.62,1
1.73,13,13,3,High,Clear,Low,18,26.92,48.2,21.28,1
7.1,24,20,9,High,Clear,High,19,59.4,80.02,20.62,1
2.29,18,15,7,Medium,Clear,Medium,20,34.16,46.25,12.09,1
8.39,23,8,8,Medium,Clear,Low,20,63.56,68.11,4.55,0
11.04,11,23,3,Medium,Clear,Low,8,62.16,75.74,13.58,1
5.73,7,5,4,Low,Clear,Low,11,36.92,41.28,4.36,0
1.46,32,6,8,Low,Clear,Medium,22,44.84,50.71,5.87,0
7.16,18,20,4,Medium,Clear,Low,17,53.64,65.19,11.55,1
5.2,16,21,8,Medium,Clear,Low,11,43.8,45.53,1.73,0
9.83,13,28,2,Low,Clear,Medium,22,59.32,73.78,14.46,1
4.41,25,21,4,Low,Rain,High,12,49.64,64.69,15.05,1
10.56,22,0,2,Medium,Storm,Medium,12,71.24,91.48,20.24,1
3.65,17,25,1,Low,Clear,Medium,20,38.6,54.03,15.43,1
2.31,33,12,3,Medium,Rain,Medium,22,49.24,67.59,18.35,1
4.02,32,0,6,Medium,Clear,Low,14,55.08,59.49,4.41,0
0.9,11,17,2,Low,Rain,High,17,21.6,39.98,18.38,1
3.73,24,5,2,Low,Clear,Low,17,45.92,49.98,4.06,0
8.09,35,12,10,Low,Clear,Low,11,74.36,79.83,5.47,0
2.14,20,14,6,Low,Clear,Medium,16,35.56,40.07,4.51,0
1.78,5,2,8,Medium,Rain,Low,8,19.12,26.26,7.14,1
2.02,9,25,8,Medium,Clear,Low,20,24.08,37.36,13.28,1
1.39,25,15,2,High,Clear,Medium,20,37.56,58.32,20.76,1
10.56,32,28,7,Low,Clear,Medium,10,81.24,89.29,8.05,0
11.36,8,13,10,Medium,Storm,Low,17,60.44,75.5,15.06,1
1.04,21,17,5,Low,Clear,Medium,9,32.16,35.35,3.19,0
9.24,20,24,10,Medium,Rain,Medium,9,63.96,75.32,11.36,0
8.98,13,6,11,Low,Clear,High,17,55.92,63.16,7.24,0
11.96,24,27,7,Medium,Rain,Low,19,78.84,90.35,11.51,0
4.5,32,5,2,Medium,Clear,High,20,57.0,75.27,18.27,1
3.78,12,29,7,Low,Clear,Medium,12,34.12,40.96,6.84,1
5.71,6,19,10,High,Clear,Medium,21,35.84,53.51,17.67,1
10.35,16,15,7,Low,Clear,Low,16,64.4,63.09,-1.31,0
8.88,14,6,9,Low,Clear,Medium,13,56.52,60.58,4.06,0
5.92,27,17,6,Medium,Clear,Low,13,57.68,65.8,8.12,0
3.31,21,16,5,Medium,Clear,Medium,19,41.24,52.1,10.86,1
8.86,5,29,11,Low,Clear,Medium,13,47.44,55.91,8.47,0
10.33,15,25,2,Low,Clear,Low,13,63.32,73.0,9.68,0
5.1,27,14,5,Low,Clear,Low,13,54.4,56.82,2.42,0
8.19,19,11,2,High,Rain,High,12,58.76,89.43,30.67,1
5.1,22,11,8,Medium,Clear,Medium,13,49.4,57.4,8.0,0
6.0,13,11,11,Low,Clear,Medium,8,44.0,51.16,7.16,0
6.54,14,0,11,Low,Clear,High,21,47.16,56.43,9.27,0
9.42,9,1,3,High,Rain,Low,11,53.68,67.41,13.73,1
11.74,7,22,9,High,Rain,Medium,14,60.96,81.1,20.14,1
5.61,6,7,10,Low,Rain,Medium,10,35.44,40.88,5.44,0
4.44,24,12,10,Medium,Clear,Medium,16,48.76,55.16,6.4,0
4.8,9,20,6,Low,Clear,Medium,12,35.2,43.78,8.58,1
2.04,22,18,2,Low,Clear,High,10,37.16,54.71,17.55,1
3.91,34,10,6,High,Rain,Low,12,56.64,72.17,15.53,1
1.49,26,22,9,High,Clear,Low,21,38.96,51.19,12.23,1
5.42,22,4,7,Low,Clear,Medium,20,50.68,54.9,4.22,0
2.42,8,14,5,High,Clear,Medium,19,24.68,37.86,13.18,1
4.48,20,3,3,Medium,Rain,Medium,11,44.92,59.67,14.75,1
9.63,32,15,8,Medium,Clear,Low,17,77.52,83.2,5.68,0
3.33,16,2,5,Medium,Rain,Medium,20,36.32,48.82,12.5,1
7.54,30,28,6,Medium,Clear,Medium,17,67.16,79.03,11.87,0
10.86,26,19,11,High,Rain,Medium,20,76.44,96.7,20.26,1
7.02,13,7,1,Low,Clear,High,11,48.08,64.95,16.87,1
2.73,9,18,3,Medium,Clear,Medium,14,26.92,41.37,14.45,1
4.46,5,10,11,Low,Rain,Medium,12,29.84,38.05,8.21,1
7.29,13,15,11,Medium,Clear,Medium,18,49.16,59.77,10.61,1
6.33,15,5,4,Low,Clear,Medium,9,47.32,51.53,4.21,0
2.21,25,15,11,Low,Clear,Medium,12,40.84,47.65,6.81,0
5.64,22,3,3,Medium,Clear,Low,18,51.56,61.89,10.33,1
6.75,19,4,1,Low,Clear,Medium,8,53.0,65.59,12.59,1
3.57,27,17,4,Low,Clear,Medium,11,48.28,55.97,7.69,0
7.54,28,15,6,Low,Clear,Medium,18,65.16,71.51,6.35,0
1.31,27,8,1,Medium,Clear,Low,11,39.24,52.11,12.87,1
4.37,32,1,2,Low,Clear,Low,17,56.48,62.44,5.96,0
9.75,16,12,9,Low,Clear,Low,14,62.0,62.02,0.02,0
3.48,30,27,7,Medium,Clear,Low,14,50.92,63.08,12.16,1
7.46,18,21,7,High,Clear,Low,13,54.84,72.91,18.07,1
5.22,10,1,11,Medium,Rain,Low,21,37.88,43.67,5.79,0
4.14,9,28,3,Low,Rain,Low,18,32.56,46.73,14.17,1
11.04,7,12,10,High,Clear,Low,18,58.16,73.48,15.32,1
4.45,34,17,4,Medium,Rain,High,19,58.8,76.28,17.48,1
3.22,10,0,11,Medium,Clear,Medium,14,29.88,32.56,2.68,0
10.96,30,9,9,Medium,Clear,Medium,9,80.84,92.67,11.83,0
9.08,29,23,3,Low,Clear,Medium,8,72.32,83.9,11.58,0
8.34,18,9,3,Medium,Clear,Medium,15,58.36,70.12,11.76,1
1.07,33,4,6,Medium,Clear,Low,21,44.28,49.17,4.89,0
2.01,33,2,6,Low,Clear,Medium,15,48.04,50.7,2.66,0
7.84,33,27,3,Low,Clear,Medium,22,71.36,89.68,18.32,1
2.91,20,24,3,Low,Clear,Medium,15,38.64,49.38,10.74,1
3.09,14,1,10,Medium,Clear,Low,17,33.36,38.21,4.85,0
9.46,6,27,9,Low,Clear,Medium,9,50.84,61.82,10.98,1
3.79,31,24,3,Medium,Clear,Low,19,53.16,68.53,15.37,1
1.32,32,10,8,Medium,Rain,Low,21,44.28,55.47,11.19,1
0.92,21,19,2,Low,Clear,Medium,15,31.68,43.63,11.95,1
5.6,7,7,5,Low,Clear,Low,21,36.4,37.5,1.1,0
7.6,30,7,1,Low,Clear,Medium,11,67.4,75.45,8.05,0
10.49,14,21,8,Low,Rain,Low,15,62.96,70.01,7.05,0
1.77,21,6,3,Medium,Clear,Medium,21,35.08,47.35,12.27,1
2.76,25,10,3,Medium,Clear,Medium,17,43.04,57.52,14.48,1
6.59,9,10,3,High,Rain,High,18,42.36,71.95,29.59,1
4.69,6,4,3,High,Clear,Medium,14,31.76,50.98,19.22,1
6.05,7,24,1,Low,Rain,High,16,38.2,63.14,24.94,1
11.13,34,20,7,Medium,Clear,Low,13,85.52,93.49,7.97,0
6.77,34,25,10,Medium,Rain,Medium,18,68.08,85.65,17.57,1
5.27,18,15,4,Medium,Clear,Medium,8,46.08,58.1,12.02,1
11.88,18,5,9,Low,Clear,Medium,15,72.52,78.8,6.28,0
1.25,17,8,6,Low,Clear,Medium,21,29.0,35.21,6.21,1
11.22,15,10,3,Medium,Clear,High,8,66.88,84.67,17.79,1
6.27,21,28,1,Medium,Clear,Medium,14,53.08,70.6,17.52,1
6.29,16,7,9,Low,Storm,Medium,17,48.16,62.75,14.59,1
11.1,24,20,1,Low,Rain,Medium,9,75.4,94.16,18.76,1
6.33,16,3,5,Medium,Rain,Low,8,48.32,57.33,9.01,0
5.54,24,28,1,Medium,Clear,Medium,10,53.16,74.39,21.23,1
3.63,34,19,9,Medium,Rain,Medium,11,55.52,70.29,14.77,1
8.08,11,12,11,Low,Rain,Low,21,50.32,58.32,8.0,0
7.05,6,10,4,Low,Clear,Low,10,41.2,44.25,3.05,0
2.96,21,10,4,Medium,Clear,High,17,39.84,55.78,15.94,1
8.66,8,6,7,Medium,Clear,Low,13,49.64,53.29,3.65,0
7.91,12,17,6,Low,Clear,Medium,16,50.64,58.19,7.55,0
5.07,29,25,5,Medium,Clear,Low,21,56.28,65.78,9.5,0
0.55,17,7,5,Low,Clear,Medium,20,26.2,29.34,3.14,0
5.64,22,22,3,Medium,Clear,Low,9,51.56,64.15,12.59,1
0.57,29,16,3,Low,Clear,Medium,9,38.28,47.34,9.06,1
1.36,8,23,7,Medium,Rain,Low,13,20.44,31.28,10.84,1
5.45,19,23,9,High,Clear,Low,20,47.8,63.11,15.31,1
1.44,6,1,9,Low,Rain,Low,19,18.76,22.5,3.74,0
3.67,20,0,6,Low,Clear,Low,17,41.68,37.84,-3.84,0
8.04,11,27,9,Low,Storm,Medium,20,50.16,67.3,17.14,1
4.05,33,4,7,Low,Rain,Low,10,56.2,59.39,3.19,0
11.97,13,17,4,High,Rain,Medium,19,67.88,88.45,20.57,1
11.04,11,22,4,High,Clear,Medium,22,62.16,79.31,17.15,1
7.23,5,15,6,Low,Clear,Low,22,40.92,43.83,2.91,0
11.62,9,0,4,High,Clear,Low,18,62.48,73.43,10.95,0
10.48,11,0,9,Low,Clear,Medium,18,59.92,65.47,5.55,0
4.17,12,20,3,Medium,Rain,Medium,11,35.68,50.18,14.5,1
9.12,27,26,1,Medium,Clear,Medium,19,70.48,88.75,18.27,1
2.07,32,10,6,Low,Clear,High,11,47.28,54.22,6.94,0
8.37,31,16,1,Medium,Rain,Low,14,71.48,90.2,18.72,1
6.15,34,28,3,Medium,Clear,Medium,9,65.6,84.55,18.95,1
0.69,32,24,5,Low,Rain,Medium,12,41.76,53.57,11.81,1
3.65,19,16,1,High,Clear,Low,9,40.6,59.61,19.01,1
11.49,17,19,3,Low,Clear,Medium,14,69.96,79.9,9.94,0
4.13,25,28,6,Low,Clear,Medium,9,48.52,55.5,6.98,0
2.59,14,23,5,High,Clear,Medium,19,31.36,49.98,18.62,1
2.66,23,12,10,Low,Rain,Medium,17,40.64,48.14,7.5,0
6.01,35,20,2,Low,Rain,Low,17,66.04,76.21,10.17,0
10.19,11,9,8,Low,Clear,Medium,18,58.76,64.73,5.97,0
9.22,28,27,7,Low,Clear,Medium,19,71.88,82.81,10.93,0
5.52,34,2,8,Low,Rain,Medium,18,63.08,69.12,6.04,0
2.9,21,6,8,Low,Clear,Medium,17,39.6,44.04,4.44,0
1.03,16,10,1,Medium,Clear,Medium,10,27.12,41.11,13.99,1
5.82,12,6,9,Medium,Clear,Medium,18,42.28,46.36,4.08,0
9.87,10,17,4,High,Rain,Low,15,56.48,71.18,14.7,1
8.89,14,21,8,High,Clear,Medium,10,56.56,73.67,17.11,1
5.2,28,26,4,Low,Clear,Medium,15,55.8,65.38,9.58,0
7.34,20,15,5,High,Storm,Low,12,56.36,78.45,22.09,1
5.52,11,18,8,High,Rain,Low,10,40.08,56.28,16.2,1
7.16,21,17,11,High,Clear,Low,16,56.64,72.02,15.38,1
6.45,30,0,10,Medium,Clear,Medium,21,62.8,71.54,8.74,0
8.33,5,21,8,Low,Rain,Low,8,45.32,51.88,6.56,0
6.34,5,0,6,Low,Clear,High,10,37.36,42.35,4.99,0
11.32,34,16,6,High,Rain,High,21,86.28,105.65,19.37,1
5.42,28,29,11,Medium,Clear,High,18,56.68,76.35,19.67,1
0.68,22,23,3,High,Clear,Low,11,31.72,48.43,16.71,1
3.22,33,15,11,Medium,Rain,Medium,13,52.88,62.89,10.01,0
6.26,23,9,8,Low,Clear,High,9,55.04,64.1,9.06,0
6.72,21,25,7,Low,Clear,Medium,20,54.88,59.9,5.02,0
6.85,11,25,7,High,Clear,Low,17,45.4,60.66,15.26,1
8.72,30,11,9,Low,Rain,High,11,71.88,83.41,11.53,0
3.66,28,3,8,Medium,Clear,Medium,10,49.64,59.09,9.45,0
8.15,14,17,2,High,Rain,Medium,18,53.6,80.67,27.07,1
8.6,27,19,9,Low,Clear,High,16,68.4,81.41,13.01,0
5.23,27,28,9,Low,Clear,High,19,54.92,67.93,13.01,1
5.12,7,26,11,Medium,Storm,Medium,11,34.48,52.96,18.48,1
2.56,9,6,11,Medium,Rain,Low,22,26.24,32.37,6.13,1
5.26,23,7,11,Medium,Rain,Medium,10,51.04,61.38,10.34,1
9.55,24,29,1,Low,Clear,Medium,10,69.2,89.99,20.79,1
10.95,25,9,7,Low,Clear,Medium,19,75.8,80.1,4.3,0
7.33,16,13,11,Low,Clear,Medium,16,52.32,58.24,5.92,0
3.94,30,9,11,Low,Clear,Medium,13,52.76,60.6,7.84,0
8.35,18,11,7,Low,Clear,Medium,19,58.4,64.11,5.71,0
9.01,11,16,11,Medium,Clear,High,16,54.04,66.74,12.7,1
4.32,8,8,10,Low,Clear,High,14,32.28,42.34,10.06,1
10.01,32,12,1,Medium,Clear,Medium,11,79.04,95.58,16.54,1
1.35,26,10,10,High,Clear,Medium,18,38.4,53.98,15.58,1
0.62,19,3,8,Medium,Clear,Medium,16,28.48,37.1,8.62,1
1.91,11,23,7,Medium,Clear,Medium,21,25.64,36.25,10.61,1
2.29,7,26,2,Low,Clear,Low,14,23.16,34.73,11.57,1
10.61,9,14,11,Medium,Clear,Medium,11,58.44,71.44,13.0,1
5.39,8,6,4,Low,Rain,Medium,8,36.56,44.51,7.95,1
3.66,21,19,5,Low,Clear,Medium,12,42.64,52.07,9.43,1
5.43,11,16,4,Medium,Rain,High,18,39.72,57.74,18.02,1
5.04,8,16,11,Low,Clear,High,12,35.16,48.96,13.8,1
3.97,13,17,6,Low,Rain,High,16,35.88,47.57,11.69,1
2.09,26,21,2,Medium,Rain,High,11,41.36,64.77,23.41,1
8.04,20,1,1,Medium,Rain,Medium,21,59.16,80.38,21.22,1
2.07,9,2,11,Low,Rain,High,21,24.28,37.78,13.5,1
9.42,28,2,3,Low,Clear,High,20,72.68,85.72,13.04,0
2.82,20,4,9,Low,Clear,Medium,18,38.28,39.92,1.64,0
8.91,10,29,1,Medium,Clear,Low,16,52.64,70.6,17.96,1
9.76,26,21,10,Medium,Clear,Low,8,72.04,80.24,8.2,0
1.94,35,19,8,Low,Rain,Medium,8,49.76,57.85,8.09,0
1.5,21,20,3,Medium,Rain,Medium,14,34.0,53.39,19.39,1
11.42,10,1,10,High,Clear,Medium,19,62.68,74.33,11.65,0
5.83,14,6,4,Medium,Clear,Medium,9,44.32,51.94,7.62,0
7.75,23,23,11,Medium,Clear,Medium,16,61.0,69.36,8.36,0
0.77,35,13,7,Medium,Clear,Low,22,45.08,55.1,10.02,1
3.71,33,15,5,High,Clear,Low,20,54.84,66.82,11.98,1
6.31,33,22,1,High,Clear,Medium,16,65.24,89.66,24.42,1
10.69,30,2,3,Low,Rain,Medium,16,79.76,88.1,8.34,0
3.62,22,23,1,Low,Clear,High,8,43.48,65.82,22.34,1
9.41,25,20,10,Low,Rain,High,8,69.64,80.88,11.24,0
8.12,27,12,2,Medium,Clear,Medium,12,66.48,79.47,12.99,0
1.83,27,14,2,Low,Clear,Medium,20,41.32,52.48,11.16,1
3.87,24,2,2,High,Clear,High,8,46.48,69.84,23.36,1
3.24,9,6,11,Low,Clear,High,19,28.96,38.48,9.52,1
5.59,32,7,11,Medium,Clear,Medium,11,61.36,68.41,7.05,0
7.81,5,26,8,Low,Rain,High,9,43.24,61.53,18.29,1
5.48,18,3,1,Medium,Clear,Medium,9,46.92,61.18,14.26,1
3.31,18,8,6,Low,Clear,Low,18,38.24,37.82,-0.42,0
8.5,35,3,11,Medium,Clear,Medium,8,76.0,81.39,5.39,0
7.22,7,8,2,Medium,Clear,Medium,15,42.88,55.93,13.05,1
6.47,19,0,9,Low,Clear,High,22,51.88,56.54,4.66,0
6.88,16,8,1,Medium,Clear,Low,16,50.52,65.62,15.1,1
3.05,8,21,9,High,Clear,Medium,13,27.2,42.4,15.2,1
8.32,11,23,6,Medium,Rain,Medium,21,51.28,65.61,14.33,1
4.96,18,11,10,Medium,Clear,High,9,44.84,55.98,11.14,1
4.68,33,21,5,Medium,Clear,Medium,11,58.72,67.57,8.85,0
2.22,17,18,9,High,Clear,Low,10,32.88,48.69,15.81,1
7.36,32,27,10,Medium,Clear,High,8,68.44,88.05,19.61,1
7.43,27,24,4,High,Clear,Medium,22,63.72,86.06,22.34,1
4.41,30,6,8,Medium,Rain,High,11,54.64,66.9,12.26,1
10.39,31,17,6,Low,Storm,High,9,79.56,95.29,15.73,0
10.22,27,23,5,Low,Clear,Low,21,74.88,83.44,8.56,0
1.75,27,9,9,Medium,Clear,High,22,41.0,53.29,12.29,1
8.49,9,17,3,Medium,Clear,Medium,11,49.96,61.61,11.65,1
5.03,27,12,2,Medium,Clear,High,14,54.12,75.68,21.56,1
12.0,6,9,6,High,Rain,Low,18,61.0,75.93,14.93,1
3.09,27,5,10,Medium,Clear,Medium,14,46.36,55.5,9.14,0
3.73,25,1,2,Low,Rain,Medium,19,46.92,54.64,7.72,0
5.58,28,22,4,Medium,Clear,Low,11,57.32,67.07,9.75,0
3.59,24,24,8,Low,Clear,High,20,45.36,59.06,13.7,1
8.46,16,19,6,Medium,Rain,Medium,16,56.84,69.36,12.52,1
6.03,16,7,7,High,Clear,Low,8,47.12,60.99,13.87,1
3.04,23,0,6,Low,Rain,High,17,42.16,49.53,7.37,0
6.32,19,18,9,Medium,Rain,Medium,8,51.28,64.65,13.37,1
10.72,15,5,10,Medium,Clear,Medium,20,64.88,76.17,11.29,0
9.61,20,16,5,Low,Clear,High,22,65.44,73.34,7.9,0
6.24,21,29,5,Medium,Clear,Medium,10,52.96,66.3,13.34,1
3.82,12,0,4,Medium,Clear,Low,15,34.28,41.45,7.17,1
2.57,24,17,5,Medium,Clear,Medium,13,41.28,51.86,10.58,1
10.6,14,29,10,Low,Clear,Medium,8,63.4,71.7,8.3,0
8.67,13,10,6,Low,Clear,Low,18,54.68,54.93,0.25,0
7.08,17,24,8,Medium,Rain,Medium,8,52.32,67.51,15.19,1
10.61,8,24,5,Low,Rain,Medium,8,57.44,68.03,10.59,0
1.9,23,14,8,Low,Clear,Low,20,37.6,37.53,-0.07,0
8.35,27,9,8,High,Clear,Medium,12,67.4,84.4,17.0,1
2.99,34,20,6,Medium,Clear,High,21,52.96,66.14,13.18,1
1.89,13,18,11,Medium,Clear,Medium,16,27.56,35.34,7.78,1
5.85,21,14,10,High,Rain,Low,15,51.4,66.01,14.61,1
4.96,20,5,2,Low,Rain,High,14,46.84,62.05,15.21,1
11.32,27,22,3,Low,Rain,Medium,13,79.28,93.16,13.88,0
4.23,24,6,11,Medium,Clear,High,11,47.92,57.64,9.72,1
9.87,30,4,5,Low,Rain,High,18,76.48,88.18,11.7,0
9.11,31,2,4,Low,Rain,Medium,17,74.44,85.6,11.16,0
8.18,8,13,9,Medium,Clear,Medium,8,47.72,57.53,9.81,1
11.08,16,3,7,Low,Clear,Low,12,67.32,65.03,-2.29,0
5.19,25,10,2,Medium,Clear,Low,21,52.76,62.93,10.17,0
4.98,21,7,2,Medium,Clear,Low,15,47.92,59.76,11.84,1
2.35,19,13,9,Medium,Clear,Medium,11,35.4,41.07,5.67,0
3.67,10,23,9,Low,Clear,Medium,11,31.68,36.81,5.13,0
10.62,22,13,4,Low,Clear,High,10,71.48,79.78,8.3,0
5.96,27,16,10,High,Rain,Low,20,57.84,74.27,16.43,1
4.43,6,4,2,High,Rain,Medium,12,30.72,57.84,27.12,1
2.99,23,3,10,Medium,Rain,Low,12,41.96,47.04,5.08,0
6.08,33,29,1,Low,Rain,Low,8,64.32,82.75,18.43,1
8.74,22,18,7,Medium,Clear,Medium,21,63.96,73.43,9.47,0
3.8,34,0,10,Low,Rain,Medium,13,56.2,59.56,3.36,0
9.21,15,16,7,Low,Clear,Medium,18,58.84,68.17,9.33,0
7.74,5,0,9,Low,Rain,Medium,18,42.96,53.28,10.32,1
9.56,26,2,4,Low,Rain,Medium,13,71.24,80.46,9.22,0
3.39,11,11,4,Low,Clear,High,15,31.56,43.49,11.93,1
7.76,5,19,3,Low,Clear,Medium,9,43.04,53.96,10.92,1
2.27,10,18,2,Medium,Clear,Medium,18,26.08,42.38,16.3,1
4.68,33,23,4,Medium,Clear,Low,18,58.72,70.0,11.28,0
8.83,29,5,3,Low,Clear,Medium,11,71.32,80.67,9.35,0
7.76,13,5,9,Low,Clear,Medium,10,51.04,58.37,7.33,0
2.66,23,15,3,High,Clear,Low,13,40.64,56.59,15.95,1
10.37,15,26,2,Low,Clear,Medium,18,63.48,77.93,14.45,1
1.11,10,21,9,Low,Rain,Medium,15,21.44,31.46,10.02,1
7.34,35,20,6,Medium,Clear,Low,8,71.36,81.41,10.05,0
11.81,30,2,3,Medium,Rain,High,16,84.24,107.44,23.2,1
6.61,16,26,8,Medium,Clear,Low,18,49.44,60.76,11.32,1
9.71,15,29,3,Low,Clear,High,10,60.84,79.24,18.4,1
7.34,30,17,9,Low,Clear,Medium,14,66.36,74.58,8.22,0
9.51,19,10,1,Low,Rain,Low,20,64.04,79.57,15.53,1
8.04,16,19,7,Medium,Clear,Low,12,55.16,67.79,12.63,1
8.45,17,19,7,Low,Clear,Medium,9,57.8,61.23,3.43,0
3.12,18,27,5,Low,Clear,Medium,21,37.48,47.08,9.6,1
9.03,21,3,8,Low,Clear,Medium,9,64.12,62.56,-1.56,0
3.24,6,15,5,High,Clear,Medium,8,25.96,43.86,17.9,1
11.78,19,21,8,Low,Clear,Low,11,73.12,78.42,5.3,0
3.12,18,10,3,Low,Clear,Medium,19,37.48,45.39,7.91,1
3.22,13,25,7,High,Rain,High,17,32.88,52.54,19.66,1
10.37,16,1,9,Medium,Clear,Medium,11,64.48,71.65,7.17,0
3.29,18,3,11,Medium,Clear,High,9,38.16,50.21,12.05,1
4.65,16,23,4,Medium,Clear,Medium,22,41.6,55.07,13.47,1
8.72,33,3,6,Low,Storm,Medium,8,74.88,85.24,10.36,0
2.33,21,12,6,Medium,Clear,Medium,21,37.32,44.93,7.61,1
2.33,20,8,10,Low,Clear,Low,15,36.32,37.82,1.5,0
6.09,13,20,11,High,Clear,Low,10,44.36,56.76,12.4,1
3.3,33,0,8,Low,Rain,Medium,13,53.2,60.82,7.62,0
3.21,5,10,10,Medium,Clear,High,12,24.84,37.68,12.84,1
0.61,22,29,1,Medium,Rain,Medium,10,31.44,51.79,20.35,1
4.76,10,11,9,Low,Rain,Low,14,36.04,41.59,5.55,0
4.16,28,17,9,Low,Clear,Low,17,51.64,55.87,4.23,0
0.86,16,29,8,Medium,Clear,Medium,15,26.44,42.48,16.04,1
7.64,14,18,7,Low,Clear,Medium,17,51.56,60.02,8.46,0
7.71,6,22,10,High,Clear,Low,22,43.84,56.44,12.6,1
1.31,29,28,8,Low,Clear,Low,9,41.24,49.69,8.45,1
4.15,17,18,10,Medium,Clear,Medium,19,40.6,48.43,7.83,0
10.54,13,24,2,Medium,Clear,Low,11,62.16,77.02,14.86,1
7.19,31,15,8,Medium,Clear,Medium,8,66.76,78.27,11.51,0
5.24,5,24,5,Medium,Clear,Medium,13,32.96,47.68,14.72,1
5.85,19,19,10,Medium,Clear,Low,13,49.4,60.98,11.58,1
2.9,9,10,10,Medium,Clear,Medium,22,27.6,39.15,11.55,1
9.84,8,16,10,Medium,Clear,Low,13,54.36,61.29,6.93,0
11.01,5,10,3,Medium,Clear,Medium,19,56.04,70.2,14.16,1
10.97,10,11,6,Low,Rain,High,22,60.88,73.53,12.65,1
3.08,34,8,1,Low,Clear,Medium,13,53.32,64.5,11.18,1
4.07,18,14,11,Low,Clear,Low,10,41.28,43.85,2.57,0
2.35,35,10,3,Medium,Rain,Low,22,51.4,68.0,16.6,1
4.03,13,18,7,High,Clear,Low,14,36.12,51.01,14.89,1
4.33,28,11,6,Low,Clear,High,14,52.32,65.64,13.32,1
7.78,7,14,10,Medium,Clear,Medium,18,45.12,52.76,7.64,0
2.68,8,4,10,Low,Clear,Medium,13,25.72,28.76,3.04,0
11.07,5,11,9,Medium,Rain,Low,16,56.28,66.31,10.03,0
1.69,32,10,8,Medium,Rain,High,22,45.76,63.24,17.48,1
0.58,25,28,2,Medium,Clear,High,8,34.32,56.69,22.37,1
10.33,28,13,11,Medium,Clear,Low,19,76.32,84.52,8.2,0
8.59,33,0,1,Medium,Rain,Medium,13,74.36,93.95,19.59,1
4.59,15,9,6,Low,Clear,Medium,16,40.36,42.38,2.02,0
7.35,27,21,5,Medium,Storm,Medium,21,63.4,84.11,20.71,1
3.07,20,4,5,Low,Rain,Medium,17,39.28,48.23,8.95,1
2.44,21,4,11,High,Clear,Low,14,37.76,49.15,11.39,1
5.92,25,11,3,Medium,Clear,Medium,22,55.68,65.2,9.52,0
4.56,19,10,7,Low,Clear,Medium,17,44.24,48.69,4.45,0
7.58,5,14,3,Low,Clear,Medium,10,42.32,53.0,10.68,1
